   Compiling kontor-calendar v0.2.1 (/Users/igor/.paseo/worktrees/0n8yzbno/asma-8278-module-release-integration/crates/kontor-calendar)
   Compiling kontor-mcp v0.2.1 (/Users/igor/.paseo/worktrees/0n8yzbno/asma-8278-module-release-integration/crates/kontor-mcp)
   Compiling kontor-store v0.2.1 (/Users/igor/.paseo/worktrees/0n8yzbno/asma-8278-module-release-integration/crates/kontor-store)
   Compiling kontor-runtime-codex v0.2.1 (/Users/igor/.paseo/worktrees/0n8yzbno/asma-8278-module-release-integration/crates/kontor-runtime-codex)
   Compiling kontor-runtime-ao v0.2.1 (/Users/igor/.paseo/worktrees/0n8yzbno/asma-8278-module-release-integration/crates/kontor-runtime-ao)
   Compiling kontor-runtime-paseo v0.2.1 (/Users/igor/.paseo/worktrees/0n8yzbno/asma-8278-module-release-integration/crates/kontor-runtime-paseo)
   Compiling kontor-api v0.2.1 (/Users/igor/.paseo/worktrees/0n8yzbno/asma-8278-module-release-integration/crates/kontor-api)
   Compiling kontor-memory-cognee v0.2.1 (/Users/igor/.paseo/worktrees/0n8yzbno/asma-8278-module-release-integration/crates/kontor-memory-cognee)
   Compiling kontor-daemon v0.2.1 (/Users/igor/.paseo/worktrees/0n8yzbno/asma-8278-module-release-integration/crates/kontor-daemon)
   Compiling kontor-tests-contract v0.2.1 (/Users/igor/.paseo/worktrees/0n8yzbno/asma-8278-module-release-integration/tests/contract)
   Compiling kontor-cli v0.2.1 (/Users/igor/.paseo/worktrees/0n8yzbno/asma-8278-module-release-integration/crates/kontor-cli)
   Compiling kontor-core v0.2.1 (/Users/igor/.paseo/worktrees/0n8yzbno/asma-8278-module-release-integration/crates/kontor-core)
   Compiling kontor-fleet-activation v0.2.1 (/Users/igor/.paseo/worktrees/0n8yzbno/asma-8278-module-release-integration/crates/kontor-fleet-activation)
   Compiling kontor-fleet v0.2.1 (/Users/igor/.paseo/worktrees/0n8yzbno/asma-8278-module-release-integration/crates/kontor-fleet)
   Compiling kontor-runtime v0.2.1 (/Users/igor/.paseo/worktrees/0n8yzbno/asma-8278-module-release-integration/crates/kontor-runtime)
    Finished `test` profile [unoptimized + debuginfo] target(s) in 1m 28s
     Running unittests src/lib.rs (/Users/igor/.local/state/asma/epics/ASMA-8278/prepared-diagnostic-20261004-0029/cargo-target/debug/deps/kontor_api-82b3d59c32e49463)

running 29 tests
test auth::tests::tiers_are_ordered_by_policy_and_not_by_declaration ... ok
test auth::tests::a_secret_grants_exactly_its_own_tier ... ok
test auth::tests::a_malformed_authority_is_refused_however_loopback_it_looks ... ok
test auth::tests::a_hostile_authority_is_refused_however_it_is_spelled ... ok
test auth::tests::a_presented_origin_must_be_allowed_and_a_missing_one_is_fine ... ok
test auth::tests::only_loopback_spellings_are_admitted ... ok
test auth::tests::a_malformed_host_is_refused_by_the_ingress_itself ... ok
test dto::compact_surface_tests::a_preview_refuses_values_outside_the_closed_sets ... ok
test dto::compact_surface_tests::the_command_surface_accepts_only_the_three_deterministic_triggers ... ok
test auth::tests::a_consultation_credential_authenticates_only_its_own_seat ... ok
test error::tests::a_backend_failure_never_carries_the_backends_own_text ... ok
test error::tests::a_missing_native_caller_is_an_actionable_exact_placement_refusal ... ok
test error::tests::a_revision_conflict_carries_the_revision_the_caller_needs ... ok
test error::tests::a_runtime_session_ceiling_is_capacity_not_a_malformed_request ... ok
test error::tests::a_realm_mismatch_is_reported_as_such_and_echoes_no_payload ... ok
test error::tests::a_persistence_conflict_names_its_subject_and_rule ... ok
test error::tests::a_spent_ceiling_is_its_own_refusal_and_names_no_scope ... ok
test error::tests::a_workspace_refusal_names_the_rule_that_fired ... ok
test error::tests::an_already_admitted_slot_is_a_conflict_not_an_unclassified_outage ... ok
test error::tests::an_unadmitted_launch_is_an_unsupported_capability_not_an_outage ... ok
test error::tests::an_unknown_message_confirmation_never_claims_nothing_changed ... ok
test error::tests::checkout_preparation_is_a_typed_placement_block_not_a_runtime_outage ... ok
test error::tests::an_unplaced_seat_refuses_with_placement_not_a_settle_instruction ... ok
test dto::context_policy_tests::a_pending_confirmation_is_projected_as_blocking_reuse ... ok
test dto::context_policy_tests::an_unenforced_seat_is_projected_honestly ... ok
test error::tests::only_the_pre_effect_code_may_promise_that_nothing_changed ... ok
test dto::context_policy_tests::the_projection_exposes_only_provider_neutral_fields ... ok
test dto::compact_surface_tests::a_receipt_projection_leaks_nothing_a_runtime_holds ... ok
test error::tests::usage_throttle_returns_the_actual_retry_instruction_in_body_and_header ... ok

test result: ok. 29 passed; 0 failed; 0 ignored; 0 measured; 0 filtered out; finished in 0.00s

     Running tests/error_envelope.rs (/Users/igor/.local/state/asma/epics/ASMA-8278/prepared-diagnostic-20261004-0029/cargo-target/debug/deps/error_envelope-c3fb4c6624a53934)

running 6 tests
test every_code_tells_an_operator_something_to_try ... ok
test asking_for_the_state_an_aggregate_already_holds_is_advised_differently ... ok
test every_current_domain_variant_is_classified_rather_than_collapsed ... ok
test the_envelope_names_the_subject_and_the_path_but_never_the_value ... ok
test the_stable_codes_are_unchanged_by_the_richer_envelope ... ok
test the_transactional_duplicate_carries_the_exact_sequential_envelope ... ok

test result: ok. 6 passed; 0 failed; 0 ignored; 0 measured; 0 filtered out; finished in 0.00s

     Running tests/openapi_contract.rs (/Users/igor/.local/state/asma/epics/ASMA-8278/prepared-diagnostic-20261004-0029/cargo-target/debug/deps/openapi_contract-c0eddab5fb1436d5)

running 4 tests
test the_committed_session_vocabulary_is_the_one_this_crate_subscribes_to ... ok
test the_contract_document_names_every_route_the_router_exposes ... ok
test experience_contract_exposes_closed_typed_documents_and_frozen_readbacks ... ok
test the_committed_contract_document_is_the_one_this_crate_serves ... ok

test result: ok. 4 passed; 0 failed; 0 ignored; 0 measured; 0 filtered out; finished in 0.05s

     Running unittests src/main.rs (/Users/igor/.local/state/asma/epics/ASMA-8278/prepared-diagnostic-20261004-0029/cargo-target/debug/deps/kontor-1a8745b2941a02ed)

running 21 tests
test commands::tests::every_command_is_declared_exactly_once_whatever_its_execution_class ... ok
test commands::tests::every_tool_has_exactly_one_subcommand_and_no_command_is_invented ... ok
test commands::tests::the_command_spelling_is_mechanical ... ok
test commands::tests::a_value_of_the_wrong_shape_is_refused_before_anything_is_dispatched ... ok
test commands::tests::a_missing_required_flag_is_refused_by_the_parser ... ok
test commands::tests::a_declared_number_reaches_the_dispatcher_as_a_number ... ok
test output::tests::a_closed_pipe_is_a_clean_exit_and_any_other_write_failure_is_not ... ok
test commands::tests::a_declared_object_array_reaches_the_dispatcher_as_an_array ... ok
test output::tests::a_written_document_keeps_the_class_it_was_given ... ok
test output::tests::an_unrecognised_code_is_a_protocol_problem_and_not_a_refusal ... ok
test output::tests::a_refusal_from_the_daemon_keeps_its_body_and_earns_its_own_class ... ok
test output::tests::each_code_lands_in_the_class_that_says_what_to_do_next ... ok
test output::tests::every_code_in_the_closed_vocabulary_has_a_class_and_none_is_zero ... ok
test output::tests::the_exit_classes_are_the_numbers_a_script_branches_on ... ok
test commands::tests::committee_initial_recovery_profiles_are_exposed_by_the_admin_cli_command ... ok
test commands::tests::committee_re_review_is_exposed_by_the_generated_cli_command ... ok
test commands::tests::a_declared_object_reaches_the_dispatcher_as_an_object ... ok
test commands::tests::native_less_committee_reroute_is_exposed_by_the_admin_cli_command ... ok
test commands::tests::the_gate_rejection_recovery_spelling_is_the_one_operators_are_given ... ok
test commands::tests::delivery_seat_recovery_and_quota_projection_are_generated_from_the_registry ... ok
test commands::tests::the_tree_is_valid_and_every_flag_matches_its_declared_argument ... ok

test result: ok. 21 passed; 0 failed; 0 ignored; 0 measured; 0 filtered out; finished in 0.02s

     Running tests/fleet_bundle.rs (/Users/igor/.local/state/asma/epics/ASMA-8278/prepared-diagnostic-20261004-0029/cargo-target/debug/deps/fleet_bundle-1f2a9bde3192a036)

running 1 test
test a_bundle_is_proposed_published_and_activated_through_the_generated_cli ... ok

test result: ok. 1 passed; 0 failed; 0 ignored; 0 measured; 0 filtered out; finished in 2.97s

     Running tests/local_resolve.rs (/Users/igor/.local/state/asma/epics/ASMA-8278/prepared-diagnostic-20261004-0029/cargo-target/debug/deps/local_resolve-403c26a4cc60a214)

running 10 tests
test an_aligned_bundle_resolves_every_seat_class_without_a_daemon ... ok
test a_planning_pair_on_one_actual_vendor_is_blocked_whole ... ok
test a_joint_allocation_is_one_snapshot_through_the_shared_allocator ... ok
test a_planning_pair_is_one_placement_through_the_shared_reader ... ok
test a_planning_pair_request_carries_no_caller_or_native_authority ... ok
test the_local_read_keeps_its_tier_its_schema_and_takes_no_base_url ... ok
test a_planning_pair_names_seat_a_then_seat_b_and_resolvable_bindings ... ok
test a_joint_request_names_one_mode_and_the_declared_shape ... ok
test the_local_read_fails_closed_and_never_falls_back ... ok
test the_three_request_forms_are_mutually_exclusive ... ok

test result: ok. 10 passed; 0 failed; 0 ignored; 0 measured; 0 filtered out; finished in 0.28s

     Running tests/memory_parity.rs (/Users/igor/.local/state/asma/epics/ASMA-8278/prepared-diagnostic-20261004-0029/cargo-target/debug/deps/memory_parity-18418ec8b72844d3)

running 2 tests
test native_memory_http_and_cli_share_realm_revision_and_cursor ... ok
test typed_memory_http_cli_and_mcp_share_proposal_projection_and_classification ... ok

test result: ok. 2 passed; 0 failed; 0 ignored; 0 measured; 0 filtered out; finished in 5.24s

     Running tests/version.rs (/Users/igor/.local/state/asma/epics/ASMA-8278/prepared-diagnostic-20261004-0029/cargo-target/debug/deps/version-8a8274d59a5cab2f)

running 1 test
test version_is_one_line_and_exits_immediately ... ok

test result: ok. 1 passed; 0 failed; 0 ignored; 0 measured; 0 filtered out; finished in 0.01s

     Running unittests src/lib.rs (/Users/igor/.local/state/asma/epics/ASMA-8278/prepared-diagnostic-20261004-0029/cargo-target/debug/deps/kontor_core-a119cc8ca1c7bda4)

running 43 tests
test compaction::tests::only_a_boundary_or_operator_compaction_owes_a_durable_handoff ... ok
test authority::tests::native_origins_start_writable_and_refuse_cutover ... ok
test compaction::tests::a_finished_turn_is_not_a_trigger ... ok
test compaction::tests::each_deterministic_trigger_fires_on_its_own_grounds ... ok
test authority::tests::pending_origins_start_legacy_and_permit_cutover ... ok
test authority::tests::spellings_round_trip ... ok
test compaction::tests::a_boundary_trigger_respects_the_policy_that_forbids_it ... ok
test compaction::tests::a_runtime_that_enforces_nothing_has_no_threshold_to_reach ... ok
test epic_seat::tests::a_task_scoped_seat_with_a_native_can_be_succeeded ... ok
test epic_seat::tests::a_seat_nothing_was_ever_observed_of_is_unobserved ... ok
test epic_seat::tests::a_runtime_self_report_certifies_a_native_but_not_activity ... ok
test epic_seat::tests::a_released_seat_is_released_whatever_else_it_carries ... ok
test epic_seat::tests::a_task_scoped_seat_with_no_native_has_no_predecessor_to_cite ... ok
test epic_seat::tests::an_attach_instant_alone_does_not_certify_a_native ... ok
test epic_seat::tests::observed_activity_is_the_only_thing_that_certifies_work ... ok
test quota::tests::a_threshold_of_zero_or_over_a_hundred_is_refused ... ok
test quota::tests::a_window_is_classified_by_its_span_not_by_its_field_name ... ok
test quota::tests::credit_above_its_reserve_clears_and_credit_at_the_floor_does_not ... ok
test quota::tests::every_window_below_its_own_threshold_is_headroom ... ok
test quota::tests::no_window_is_not_the_same_fact_as_an_empty_one ... ok
test quota::tests::one_exhausted_window_blocks_even_beside_a_window_with_room ... ok
test quota::tests::thresholds_are_per_kind_and_not_one_number ... ok
test quota::tests::two_currencies_are_refused_rather_than_converted ... ok
test quota::tests::two_exhausted_windows_block_until_the_later_reset ... ok
test selector::tests::a_canonical_key_selects_by_key ... ok
test selector::tests::a_uuid_selects_by_identity ... ok
test selector::tests::an_epic_selector_accepts_both_spellings ... ok
test selector::tests::lowercase_and_malformed_spellings_are_refused ... ok
test retired_evaluator::tests::the_exact_live_retired_audit_seat_is_attestable ... ok
test selector::tests::the_two_grammars_do_not_collide ... ok
test retired_evaluator::tests::the_same_claim_proves_the_same_digest_and_a_changed_one_does_not ... ok
test tpm_lineage::tests::a_native_no_durable_record_names_is_not_a_candidate ... ok
test tpm_lineage::tests::a_prepared_intent_that_never_installed_names_no_native ... ok
test tpm_lineage::tests::a_record_whose_route_disagrees_is_a_different_admission ... ok
test tpm_lineage::tests::a_replayed_record_is_one_lineage_not_two ... ok
test tpm_lineage::tests::a_seat_that_moved_out_of_its_ecp_refuses_before_any_lineage_is_read ... ok
test tpm_lineage::tests::an_agreeing_occupancy_and_intent_are_one_lineage_evidenced_by_both ... ok
test tpm_lineage::tests::an_occupancy_and_intent_naming_different_natives_contradict ... ok
test tpm_lineage::tests::another_generations_lineage_is_not_this_generations ... ok
test tpm_lineage::tests::the_live_seat_resolves_generation_one_to_exactly_one_native ... ok
test tpm_lineage::tests::two_installed_intents_naming_different_natives_are_ambiguous ... ok
test tpm_lineage::tests::two_occupancies_naming_different_natives_are_ambiguous ... ok
test retired_evaluator::tests::each_fence_refuses_on_its_own ... ok

test result: ok. 43 passed; 0 failed; 0 ignored; 0 measured; 0 filtered out; finished in 0.00s

     Running tests/backlog_identity.rs (/Users/igor/.local/state/asma/epics/ASMA-8278/prepared-diagnostic-20261004-0029/cargo-target/debug/deps/backlog_identity-eeba3fcd5ed75f4b)

running 8 tests
test a_legacy_correction_basis_preserves_a_bounded_noncanonical_spelling ... ok
test automatic_allocation_refuses_titles_with_fewer_than_two_usable_characters ... ok
test manual_epic_codes_are_canonical_namespaces_not_issue_numbers ... ok
test item_code_uses_the_confirmed_jira_keys_canonical_numeric_suffix ... ok
test automatic_epic_code_starts_with_title_initials ... ok
test item_code_refuses_noncanonical_or_missing_jira_numeric_identity ... ok
test collisions_expand_title_characters_in_column_major_order_case_insensitively ... ok
test exhausted_title_characters_use_the_smallest_free_numeric_ordinal ... ok

test result: ok. 8 passed; 0 failed; 0 ignored; 0 measured; 0 filtered out; finished in 0.00s

     Running tests/branch_identity.rs (/Users/igor/.local/state/asma/epics/ASMA-8278/prepared-diagnostic-20261004-0029/cargo-target/debug/deps/branch_identity-b2445c7d79693e11)

running 10 tests
test every_refusal_reports_its_stable_code_first ... ok
test an_asma_cli_catalog_worktree_has_a_separate_task_slug_and_module ... ok
test a_tracker_key_is_never_repaired ... ok
test the_release_line_is_the_only_keyless_form ... ok
test every_audited_deviation_is_refused_with_its_code ... ok
test canonical_branches_parse_with_their_key ... ok
test a_long_title_is_cut_without_a_dangling_hyphen ... ok
test derivation_matches_the_asma_cli_examples ... ok
test a_managed_worktree_encodes_exactly_its_branch ... ok
test the_binding_check_accepts_only_a_confirmed_key ... ok

test result: ok. 10 passed; 0 failed; 0 ignored; 0 measured; 0 filtered out; finished in 0.00s

     Running tests/consultation_identity_golden.rs (/Users/igor/.local/state/asma/epics/ASMA-8278/prepared-diagnostic-20261004-0029/cargo-target/debug/deps/consultation_identity_golden-0b4704012d350935)

running 2 tests
test advisor_and_committee_identities_keep_their_golden_bytes ... ok
test a_planning_pair_identity_is_its_own_family_and_still_ignores_retry_mechanics ... ok

test result: ok. 2 passed; 0 failed; 0 ignored; 0 measured; 0 filtered out; finished in 0.00s

     Running tests/consultation_specs.rs (/Users/igor/.local/state/asma/epics/ASMA-8278/prepared-diagnostic-20261004-0029/cargo-target/debug/deps/consultation_specs-1c8cb80ddf0842d5)

running 26 tests
test a_missing_finding_blocks_settlement_rather_than_passing ... ok
test a_zero_consultation_limit_is_refused ... ok
test advisor_profile_is_publishable ... ok
test an_advisor_no_role_may_consult_is_refused ... ok
test an_advisor_with_no_scope_is_refused ... ok
test both_compliant_with_complete_evidence_settles_compliant ... ok
test a_third_round_cannot_be_declared ... ok
test a_legacy_topic_correction_only_peels_server_owned_leading_material ... ok
test a_consultation_topic_cannot_repeat_server_owned_name_components ... ok
test dispositions_round_trip_their_stable_spelling ... ok
test duplicate_scopes_are_refused_rather_than_deduplicated ... ok
test empty_behavioural_prose_is_refused ... ok
test duplicate_slot_ids_are_refused ... ok
test independent_review_is_publishable ... ok
test one_dissent_settles_non_compliant ... ok
test missing_required_evidence_settles_non_compliant ... ok
test judge_slot_is_reported_when_frozen ... ok
test a_committee_past_the_seat_bound_is_refused ... ok
test cardinality_is_data_not_three ... ok
test one_reviewer_is_refused ... ok
test reviewers_colliding_only_on_a_fallback_rung_are_refused ... ok
test reviewers_sharing_a_primary_provider_are_refused ... ok
test shared_providers_are_allowed_when_no_distinctness_is_declared ... ok
test two_judges_are_refused ... ok
test logical_consultation_identity_ignores_retry_mechanics_and_changes_with_semantics ... ok
test canonical_hash_is_stable_across_equal_revisions ... ok

test result: ok. 26 passed; 0 failed; 0 ignored; 0 measured; 0 filtered out; finished in 0.00s

     Running tests/domain_state.rs (/Users/igor/.local/state/asma/epics/ASMA-8278/prepared-diagnostic-20261004-0029/cargo-target/debug/deps/domain_state-fbe4058610ed6279)

running 37 tests
test a_queued_run_is_accepted_but_not_dispatched ... ok
test a_completed_task_reopens_only_under_an_explicit_authority ... ok
test a_task_cannot_claim_progress_without_an_attached_seat ... ok
test a_terminal_task_is_immutable ... ok
test a_healthy_seat_is_the_only_one_that_counts_as_executing ... ok
test an_attached_seat_that_never_showed_activity_is_stalled_not_healthy ... ok
test a_confirmed_run_needs_intent_observation_binding_and_freshness_to_agree ... ok
test a_self_reported_running_runtime_does_not_prove_activity ... ok
test a_stale_observation_and_a_changed_generation_are_not_confirmations ... ok
test an_unattached_seat_becomes_a_finding_once_its_deadline_passes ... ok
test a_settled_command_receipt_is_immutable ... ok
test an_orphan_is_an_orphan_however_healthy_its_runtime_looks ... ok
test acknowledgement_is_not_completion_and_unknown_forbids_a_blind_retry ... ok
test an_idempotency_key_is_a_replay_only_for_the_same_command ... ok
test attesting_a_retired_evaluator_witnesses_only_its_task_and_moves_no_run ... ok
test closure_evidence_is_the_only_route_to_terminal ... ok
test desired_observed_and_derived_can_all_differ_at_once ... ok
test failing_a_task_requires_its_run_to_have_closed_failed ... ok
test fresh_runtime_evidence_converges_non_terminal_lifecycle_without_regression ... ok
test freshness_is_measured_not_assumed ... ok
test gate_verdicts_and_states_stay_distinct ... ok
test leaving_a_held_state_requires_a_command_receipt ... ok
test operator_abandon_can_only_claim_abandoned ... ok
test replayed_or_out_of_order_native_events_never_regress_projection_or_revision ... ok
test revisions_start_at_one_and_only_move_under_a_compare_and_swap ... ok
test realm_envelopes_require_matching_realm_and_qualify_cursors ... ok
test run_lifecycle_and_task_lifecycle_are_not_interchangeable ... ok
test task_transitions_follow_the_declared_table ... ok
test the_exact_incident_shape_cannot_certify_progress ... ok
test terminal_evidence_must_belong_to_the_closed_run_and_match_its_hash ... ok
test uncertainty_is_never_completion ... ok
test team_run_advances_and_closes_with_cas_and_bound_evidence ... ok
test a_ready_task_completes_on_the_same_certificate_an_in_progress_one_needs ... ok
test a_waiver_the_profile_forbids_cannot_certify_closure ... ok
test closing_a_task_requires_the_profile_to_certify_closure ... ok
test every_command_kind_declares_its_legal_targets_revision_rule_and_desired_state ... ok
test the_team_child_digest_is_order_independent_and_matches_an_independent_hash ... ok

test result: ok. 37 passed; 0 failed; 0 ignored; 0 measured; 0 filtered out; finished in 0.00s

     Running tests/experience_memory.rs (/Users/igor/.local/state/asma/epics/ASMA-8278/prepared-diagnostic-20261004-0029/cargo-target/debug/deps/experience_memory-68bcf150ec898f9f)

running 4 tests
test secrets_in_every_text_list_locator_and_key_are_redacted ... ok
test strict_experience_roundtrip_and_non_memory_eligibility ... ok
test typed_byte_and_evidence_bounds_preserve_the_generic_document_ceiling ... ok
test every_field_enum_bound_and_unknown_field_is_checked ... ok

test result: ok. 4 passed; 0 failed; 0 ignored; 0 measured; 0 filtered out; finished in 0.03s

     Running tests/native_naming.rs (/Users/igor/.local/state/asma/epics/ASMA-8278/prepared-diagnostic-20261004-0029/cargo-target/debug/deps/native_naming-7076bc1355dc585d)

running 18 tests
test a_jira_key_token_renders_its_exact_confirmed_bytes ... ok
test a_confirmed_jira_key_is_admitted_only_in_its_canonical_spelling ... ok
test a_separator_only_revision_changes_every_join_without_mutating_v1 ... ok
test ai_short_names_are_trimmed_two_keyword_values_and_preserve_unicode_bytes ... ok
test every_missing_token_fails_closed_and_names_the_missing_contract ... ok
test item_code_is_one_typed_native_name_value_not_two_recombined_tokens ... ok
test retired_names_keep_exact_identity_text_under_one_selected_prefix ... ok
test retired_names_preserve_interior_marker_text_and_nonmatching_prefixes ... ok
test retired_names_preserve_the_exact_sixty_scalar_boundary ... ok
test every_token_keeps_its_exact_serialized_spelling ... ok
test retired_names_refuse_a_marker_only_or_untrimmed_base ... ok
test retired_names_reject_empty_controls_and_separator_bearing_markers ... ok
test retired_names_reject_caps_that_cannot_preserve_the_marker_and_base ... ok
test retired_names_take_marker_separator_and_cap_from_the_selected_policy ... ok
test the_backlog_code_wins_when_a_descriptive_ai_short_name_is_also_present ... ok
test the_v1_matrix_renders_exact_bullet_separated_bytes ... ok
test retired_names_truncate_unicode_scalars_instead_of_utf8_bytes ... ok
test retired_names_strip_all_repeated_leading_markers_and_are_idempotent ... ok

test result: ok. 18 passed; 0 failed; 0 ignored; 0 measured; 0 filtered out; finished in 0.00s

     Running tests/open_question.rs (/Users/igor/.local/state/asma/epics/ASMA-8278/prepared-diagnostic-20261004-0029/cargo-target/debug/deps/open_question-8376f3fa906f27ad)

running 27 tests
test a_question_is_project_shared_by_the_tier_default ... ok
test a_citation_of_a_superseded_revision_is_reported ... ok
test a_mismatched_trigger_is_refused ... ok
test a_round_correction_appends_and_leaves_the_predecessor_byte_identical ... ok
test a_reopened_question_can_be_dispositioned_again ... ok
test a_disposition_outcome_survives_a_json_round_trip ... ok
test a_correction_must_name_a_predecessor_that_exists ... ok
test a_disposition_correction_appends_and_supersedes_by_name ... ok
test a_resolved_or_undispositioned_question_has_no_trigger_to_fire ... ok
test a_round_must_record_why_and_at_least_one_option ... ok
test a_fired_trigger_on_a_deferred_question_is_reported_not_applied ... ok
test a_superseded_decision_is_not_a_contradiction ... ok
test a_trigger_cannot_fire_twice_against_one_deferral ... ok
test an_already_reopened_question_is_not_reported_again ... ok
test an_undispositioned_question_is_open_and_blocks_completion ... ok
test contradicting_accepted_decisions_are_reported ... ok
test an_unfired_trigger_reports_nothing ... ok
test deferring_requires_a_concrete_non_empty_trigger ... ok
test any_seat_may_raise_a_question ... ok
test not_relevant_requires_a_reason ... ok
test there_are_exactly_three_dispositions ... ok
test nothing_reclassifies_a_question ... ok
test the_closer_split_never_names_a_role_code ... ok
test each_disposition_releases_the_gate_and_reports_its_own_status ... ok
test finding_order_does_not_depend_on_observation_order ... ok
test the_matching_trigger_reopens_without_erasing_the_deferral ... ok
test the_configured_closer_split_governs_disposition ... ok

test result: ok. 27 passed; 0 failed; 0 ignored; 0 measured; 0 filtered out; finished in 0.00s

     Running tests/planning_pair.rs (/Users/igor/.local/state/asma/epics/ASMA-8278/prepared-diagnostic-20261004-0029/cargo-target/debug/deps/planning_pair-97088d7c6c334a07)

running 25 tests
test a_member_without_a_known_vendor_is_refused ... ok
test a_pair_missing_a_member_is_refused ... ok
test a_disposition_citing_a_rewritten_finding_or_answer_is_refused ... ok
test a_disposed_pair_is_immutable ... ok
test a_disposition_that_omits_or_reorders_a_member_is_refused ... ok
test a_disposition_cannot_carry_a_verdict ... ok
test a_member_grant_cannot_name_an_authority ... ok
test a_member_cannot_speak_for_the_other_seat_or_the_caller ... ok
test a_findings_round_missing_a_member_releases_nothing ... ok
test a_sealed_answer_has_no_public_read_path_until_every_addressed_member_answers ... ok
test a_planning_pair_has_no_judge_quorum_or_verdict_to_declare ... ok
test a_document_revision_is_identified_by_its_id_version_and_hash ... ok
test a_sealed_finding_has_no_public_read_path_until_release ... ok
test a_second_clarification_round_is_refused ... ok
test a_recorded_finding_or_answer_cannot_be_rewritten ... ok
test members_on_one_actual_vendor_are_refused ... ok
test advice_cannot_satisfy_a_formal_review_gate ... ok
test protocol_selection_is_explicit_and_never_substituted ... ok
test dissent_survives_the_callers_decision ... ok
test only_an_addressed_member_answers_and_only_when_the_caller_asked ... ok
test one_findings_round_one_clarification_then_the_callers_disposition ... ok
test a_stored_run_under_another_revision_or_protocol_fails_closed ... ok
test a_stored_record_has_no_room_for_a_judge_a_verdict_or_a_second_round ... ok
test a_stored_run_that_breaks_a_rule_fails_closed_on_that_rule ... ok
test a_run_survives_the_store_at_every_point_in_its_life ... ok

test result: ok. 25 passed; 0 failed; 0 ignored; 0 measured; 0 filtered out; finished in 0.01s

     Running tests/publication_identity.rs (/Users/igor/.local/state/asma/epics/ASMA-8278/prepared-diagnostic-20261004-0029/cargo-target/debug/deps/publication_identity-d6a554fcc7fabed9)

running 13 tests
test a_keyless_or_unbound_branch_is_refused_before_any_rule ... ok
test a_title_leads_with_exactly_one_key_and_one_space ... ok
test a_task_branch_binds_through_its_own_key ... ok
test a_task_branch_is_narrower_than_its_epic ... ok
test a_pull_request_must_carry_a_title ... ok
test a_repository_outside_the_binding_is_refused ... ok
test a_title_naming_a_foreign_key_is_a_mismatch ... ok
test an_empty_authorization_set_authorizes_nothing ... ok
test a_commit_sha_is_forty_lowercase_hex_digits ... ok
test a_publication_for_an_unbound_repository_is_refused ... ok
test an_unauthorized_repository_is_reported_beside_every_other_failure ... ok
test every_failing_rule_is_reported_at_once ... ok
test an_epic_branch_accepts_only_its_own_title_key ... ok

test result: ok. 13 passed; 0 failed; 0 ignored; 0 measured; 0 filtered out; finished in 0.00s

     Running tests/quota_headroom.rs (/Users/igor/.local/state/asma/epics/ASMA-8278/prepared-diagnostic-20261004-0029/cargo-target/debug/deps/quota_headroom-5ab6a43f25f2aaab)

running 9 tests
test a_span_classifies_into_exactly_one_kind ... ok
test credit_clears_only_above_its_floor_and_only_in_one_currency ... ok
test a_longer_span_is_never_a_shorter_kind ... ok
test consumption_at_the_threshold_already_stops_admitting ... ok
test a_window_is_judged_against_its_own_kinds_threshold ... ok
test a_single_spent_window_blocks_the_whole_set ... ok
test blocking_names_the_latest_reset_among_the_spent_windows ... ok
test a_credit_balance_cannot_change_a_window_verdict ... ok
test adding_a_window_never_relieves_a_blocked_set ... ok

test result: ok. 9 passed; 0 failed; 0 ignored; 0 measured; 0 filtered out; finished in 0.02s

     Running tests/spec_validation.rs (/Users/igor/.local/state/asma/epics/ASMA-8278/prepared-diagnostic-20261004-0029/cargo-target/debug/deps/spec_validation-a471c7b5e006fe80)

running 61 tests
test a_declared_ceiling_clamps_the_trigger_and_records_why ... ok
test a_model_chain_is_closed_and_bounded ... ok
test a_credential_prefix_must_begin_at_a_token_boundary ... ok
test a_document_must_declare_a_schema_version_this_binary_understands ... ok
test a_policy_document_refuses_an_arbitrary_token_target ... ok
test a_dedup_expression_must_resolve_completely_or_not_at_all ... ok
test a_seed_table_refuses_a_duplicate_role_and_an_explicit_only_class ... ok
test a_frozen_slot_resolves_to_the_role_it_fills_and_never_to_its_own_name ... ok
test a_persona_can_never_approve_its_own_scenario ... ok
test a_stored_document_is_re_verified_against_its_bytes_and_digest ... ok
test a_persona_may_not_reference_production_or_real_identity ... ok
test an_override_is_attributable_and_a_default_is_not ... ok
test an_unenforced_context_policy_renders_as_not_enforced_and_never_as_success ... ok
test an_intake_decision_must_be_internally_consistent ... ok
test an_unknown_ceiling_leaves_the_requested_trigger_standing ... ok
test an_ambiguous_or_incomplete_frozen_team_names_no_role_at_all ... ok
test a_required_artifact_must_have_a_producing_evidence_contract ... ok
test a_gate_must_have_authority_and_a_distinct_waiver_authority ... ok
test a_rejection_route_must_target_a_strict_ancestor ... ok
test canonical_form_is_key_order_and_line_ending_independent ... ok
test auto_arming_is_always_bounded ... ok
test best_effort_on_an_incapable_runtime_is_visibly_not_enforced ... ok
test classification_spellings_are_stable_and_closed ... ok
test each_classifiable_tier_has_a_default_so_work_never_stalls ... ok
test entity_ids_must_be_canonical_version_seven_uuids ... ok
test budget_bounds_are_never_open_ended ... ok
test documents_that_carry_credentials_or_identity_are_refused_before_sql ... ok
test extended_and_native_are_unreachable_from_a_seed ... ok
test external_names_are_unicode_and_may_contain_spaces ... ok
test internal_keys_follow_one_conservative_rule ... ok
test module_keys_refuse_every_non_canonical_path_spelling ... ok
test module_keys_contend_across_slash_and_dotted_holdout_spellings ... ok
test every_gate_key_in_the_fixture_is_data_not_behaviour ... ok
test only_the_module_key_carries_a_path_separator ... ok
test only_an_exhausted_allowance_recovers_on_a_clock ... ok
test overlapping_windows_are_refused_and_touching_windows_are_not ... ok
test module_keys_round_trip_canonical_repository_paths ... ok
test precedence_is_override_then_role_slot_then_work_profile_then_seed_then_standard ... ok
test persona_steps_must_be_consecutively_numbered ... ok
test an_invalid_phase_graph_is_refused ... ok
test required_enforcement_refuses_a_runtime_that_cannot_configure_it ... ok
test sensitive_material_is_rejected_from_every_persisted_string_category_without_echo ... ok
test resolution_is_byte_identical_across_repeated_freezes ... ok
test the_five_classes_map_to_exactly_the_approved_trigger_targets ... ok
test the_persona_fixture_validates_and_freezes ... ok
test canonicalization_is_bounded ... ok
test tier_a_operational_state_refuses_classification ... ok
test renaming_every_profile_and_phase_id_changes_nothing_but_the_hash ... ok
test timestamps_must_already_be_canonical_utc ... ok
test the_trigger_fixture_validates_and_matches_deterministically ... ok
test persona_actor_cannot_evaluate_or_waive_and_prohibited_actions_are_required ... ok
test topology_naming_accepts_versioned_bullets_while_rejecting_invalid_separators ... ok
test topology_naming_requires_typed_container_and_hosted_seat_templates ... ok
test unconstrained_budget_is_positive_and_distinct_from_a_stated_ceiling ... ok
test topology_naming_rejects_legacy_unknown_empty_duplicate_and_punctuated_templates ... ok
test the_arbitrary_fixture_profile_validates_and_hashes_stably ... ok
test a_daylight_saving_fold_opens_the_repeated_local_hour_both_times ... ok
test an_overnight_shift_must_be_declared_as_two_windows_and_then_resolves ... ok
test a_daylight_saving_gap_never_opens_a_window_that_has_no_local_time ... ok
test any_cycle_is_refused ... ok
test arbitrary_linear_profiles_validate ... ok

test result: ok. 61 passed; 0 failed; 0 ignored; 0 measured; 0 filtered out; finished in 0.37s

     Running tests/succession.rs (/Users/igor/.local/state/asma/epics/ASMA-8278/prepared-diagnostic-20261004-0029/cargo-target/debug/deps/succession-b440212c77685be9)

running 4 tests
test the_succession_state_machine_is_forward_only ... ok
test deferred_refresh_accepts_exactly_admit_or_future_wait_shapes ... ok
test placement_wait_is_the_only_way_an_attempt_starts_deferred ... ok
test a_degraded_handoff_is_durable_evidence_not_a_release_refusal ... ok

test result: ok. 4 passed; 0 failed; 0 ignored; 0 measured; 0 filtered out; finished in 0.00s

     Running tests/team_definition_naming.rs (/Users/igor/.local/state/asma/epics/ASMA-8278/prepared-diagnostic-20261004-0029/cargo-target/debug/deps/team_definition_naming-74f4659dad81c7e2)

running 9 tests
test a_missing_topic_or_local_seat_value_fails_closed ... ok
test a_duplicate_team_slot_id_is_refused ... ok
test alternative_templates_may_register_one_role_code_under_different_slot_ids ... ok
test team_slots_register_delivery_roles_without_inferring_them ... ok
test recommended_team_definition_renders_the_exact_container_and_local_seat_matrix ... ok
test a_team_slot_the_seat_template_cannot_render_is_refused ... ok
test team_definitions_reject_every_legacy_naming_source ... ok
test unknown_fields_fail_closed_at_every_nested_definition_level ... ok
test the_snapshot_binds_the_exact_definition_bytes ... ok

test result: ok. 9 passed; 0 failed; 0 ignored; 0 measured; 0 filtered out; finished in 0.00s

     Running tests/team_definition_render_contract.rs (/Users/igor/.local/state/asma/epics/ASMA-8278/prepared-diagnostic-20261004-0029/cargo-target/debug/deps/team_definition_render_contract-65866e62a163b441)

running 11 tests
test a_seat_template_repeating_container_scope_is_refused ... ok
test a_topic_containing_the_separator_is_refused_as_ambiguous ... ok
test a_required_jira_key_with_no_confirmed_binding_refuses_instead_of_rendering ... ok
test every_local_seat_row_renders_exactly_from_the_pinned_definition ... ok
test role_coded_and_display_named_seat_policies_are_mutually_exclusive ... ok
test every_recommended_container_row_renders_the_exact_contract_bytes ... ok
test duplicate_container_prefixes_are_ambiguous_and_refused ... ok
test the_old_token_definition_still_validates_and_renders_unchanged ... ok
test every_jira_key_container_row_renders_the_exact_contract_bytes ... ok
test the_separator_is_exact_bullet_bytes_and_never_a_normalized_lookalike ... ok
test a_seat_template_carrying_a_jira_key_is_refused ... ok

test result: ok. 11 passed; 0 failed; 0 ignored; 0 measured; 0 filtered out; finished in 0.00s

     Running tests/team_definition_successors.rs (/Users/igor/.local/state/asma/epics/ASMA-8278/prepared-diagnostic-20261004-0029/cargo-target/debug/deps/team_definition_successors-d8d18a7ace40e7a8)

running 5 tests
test every_candidate_targets_an_unused_version_of_its_own_source_lineage ... ok
test the_manifest_covers_exactly_the_four_live_pinned_source_revisions ... ok
test a_candidate_differs_from_its_source_only_by_version_and_the_agreed_tokens ... ok
test every_recorded_source_document_still_hashes_to_its_published_identity ... ok
test every_candidate_is_publishable_and_hashes_to_its_recorded_identity ... ok

test result: ok. 5 passed; 0 failed; 0 ignored; 0 measured; 0 filtered out; finished in 0.01s

     Running tests/ticket_content.rs (/Users/igor/.local/state/asma/epics/ASMA-8278/prepared-diagnostic-20261004-0029/cargo-target/debug/deps/ticket_content-b857683a89a733d2)

running 14 tests
test a_missing_observation_is_missing_evidence_not_agreement ... ok
test every_conflict_kind_round_trips_its_stable_spelling ... ok
test a_real_body_with_nothing_intended_is_not_kontors_to_judge ... ok
test an_empty_body_is_not_reported_as_a_placeholder ... ok
test an_observed_body_equal_to_the_intent_is_not_a_conflict ... ok
test a_placeholder_is_a_conflict_even_when_nothing_is_intended ... ok
test a_body_nobody_published_is_treated_as_human_authored ... ok
test a_present_but_empty_body_is_reported_missing ... ok
test a_body_still_equal_to_what_kontor_published_is_kontors_own_drift ... ok
test reconciliation_judges_a_body_without_any_intended_content ... ok
test reconciliation_never_reports_divergence ... ok
test authored_prose_beginning_with_kontor_is_not_a_placeholder ... ok
test the_task_creation_marker_is_recognized_too ... ok
test the_creation_marker_is_recognized_as_a_placeholder ... ok

test result: ok. 14 passed; 0 failed; 0 ignored; 0 measured; 0 filtered out; finished in 0.00s

     Running tests/ticket_policy.rs (/Users/igor/.local/state/asma/epics/ASMA-8278/prepared-diagnostic-20261004-0029/cargo-target/debug/deps/ticket_policy-216e7874f61c9c00)

running 37 tests
test a_select_value_must_be_one_the_specification_declares ... ok
test a_required_field_may_not_be_omitted ... ok
test a_projection_may_not_contradict_its_pinned_specification ... ok
test a_field_specification_is_accepted_or_refused_atomically ... ok
test an_absent_field_means_no_write_never_a_clear ... ok
test a_target_two_moves_away_is_reached_through_the_declared_intermediate ... ok
test a_transition_receipt_must_record_something_it_actually_did ... ok
test a_stale_observation_is_never_acted_on ... ok
test a_matching_milestone_selects_the_live_transition_by_destination ... ok
test accept_external_never_writes_an_assignee_it_did_not_have_to ... ok
test accept_external_still_assigns_an_unassigned_ticket_to_the_principal ... ok
test accept_external_preserves_an_existing_owner_and_still_converges_the_status ... ok
test an_epic_closes_only_from_completion_and_child_evidence ... ok
test an_external_hold_with_unfinished_epic_work_is_an_incompatible_human_move ... ok
test an_already_converged_ticket_is_a_no_op ... ok
test an_externally_closed_ticket_without_internal_evidence_is_a_conflict ... ok
test epic_predicates_cannot_be_satisfied_by_task_facts ... ok
test comments_are_inbound_only_and_identified_by_link_id_and_body ... ok
test an_unknown_status_or_an_incompatible_human_move_is_a_conflict ... ok
test an_intermediate_kontor_was_not_given_is_refused_rather_than_invented ... ok
test owner_and_direction_must_be_a_permitted_pair ... ok
test a_workflow_specification_is_checked_structurally ... ok
test no_matching_milestone_does_nothing ... ok
test milestone_routes_are_closed_deterministic_chains_to_the_target ... ok
test external_terminal_success_with_incomplete_gates_is_a_conflict_even_when_run_outcome_exists ... ok
test an_epic_route_selects_only_the_configured_next_hop ... ok
test an_absent_route_keeps_the_v1_canonical_document_and_hash ... ok
test predicates_read_kontor_state_and_nothing_else ... ok
test each_external_terminal_class_requires_its_own_corresponding_internal_outcome ... ok
test ownership_is_converged_before_the_status_moves ... ok
test someone_else_holding_the_ticket_is_a_conflict_not_a_takeover ... ok
test the_field_key_set_is_closed ... ok
test resolving_the_exact_incompatible_move_allows_that_transition_source_only ... ok
test preserve_never_clears_a_terminal_assignee ... ok
test zero_or_several_live_transitions_are_conflicts ... ok
test the_two_fixtures_produce_the_same_decisions ... ok
test both_workflow_fixtures_validate_and_use_different_spellings ... ok

test result: ok. 37 passed; 0 failed; 0 ignored; 0 measured; 0 filtered out; finished in 0.00s

     Running unittests src/lib.rs (/Users/igor/.local/state/asma/epics/ASMA-8278/prepared-diagnostic-20261004-0029/cargo-target/debug/deps/kontor_daemon-5a3483733c09ef8e)

running 164 tests
test applications::planning_pair::refusal::tests::every_context_refusal_answers_its_baseline_rule ... ok
test applications::planning_pair::refusal::tests::every_withdrawal_answers_its_baseline_rule ... ok
test applications::planning_pair::refusal::tests::every_caller_refusal_answers_its_baseline_code_and_rule ... ok
test applications::planning_pair::refusal::tests::every_recovery_refusal_answers_its_baseline_code_and_rule ... ok
test applications::planning_pair::refusal::tests::every_invocation_refusal_answers_its_baseline_code_and_rule ... ok
test applications::tests::a_fleet_listed_route_is_catalogued_only_while_listed ... ok
test applications::tests::a_cross_provider_account_pin_freezes_the_claude_work_route ... ok
test applications::tests::a_generic_consultation_route_requires_one_headroom_basis_account ... ok
test applications::tests::a_committee_reviewer_is_never_seated_on_an_unknown_vendor ... ok
test applications::tests::a_governed_committee_obeys_each_slots_explicit_eligibility ... ok
test applications::tests::a_formal_recovery_route_keeps_its_own_ordinal_after_the_template ... ok
test applications::tests::a_formal_recovery_route_cannot_relabel_or_broaden_a_bound_chain ... ok
test applications::tests::a_same_issue_rename_selects_the_current_key_for_every_write ... ok
test applications::tests::a_pre_v47_placeholder_template_renders_from_the_exact_epic_scope ... ok
test applications::tests::a_scan_resumes_after_the_last_admission_it_took ... ok
test applications::tests::a_scan_that_took_nothing_leaves_the_position_alone ... ok
test applications::tests::a_native_launch_refusal_keeps_its_exact_actionable_reason_in_scheduler_evidence ... ok
test applications::tests::an_explicit_recovery_alias_resolves_one_account_and_refuses_ambiguity ... ok
test applications::tests::a_team_with_no_handoffs_starts_every_slot ... ok
test applications::tests::an_unbound_formal_committee_names_makers_only_from_the_selected_policy ... ok
test applications::tests::clean_re_review_refuses_contradictory_remediation_shapes ... ok
test applications::tests::clean_re_review_uses_the_committee_remediation_for_a_bounded_round ... ok
test applications::tests::clean_re_review_uses_the_lsa_proposal_after_needs_human_recovery ... ok
test applications::tests::formal_replacement_preference_never_promotes_a_bound_rung_or_flattens_accounts ... ok
test applications::tests::generic_consultation_routes_expand_to_governed_aliases_and_explicit_routes_do_not ... ok
test applications::tests::kickoff_is_ready_only_when_the_epic_and_every_task_are_bound_and_placed ... ok
test applications::tests::only_an_empty_read_behind_a_cursor_ends_the_rotation ... ok
test applications::tests::both_modes_allocate_one_formal_snapshot_identically ... ok
test applications::tests::provider_admission_accepts_only_an_exact_matching_immutable_heartbeat ... ok
test applications::tests::only_the_slots_no_handoff_feeds_are_eligible_roots ... ok
test applications::tests::requesting_a_model_the_runtime_does_not_list_is_refused_by_the_governed_catalog ... ok
test applications::tests::a_leadership_seat_resolves_the_same_plane_default_a_delivery_seat_does ... ok
test applications::tests::the_advertised_watchdog_fallback_routes_are_recognized_at_their_exact_ceilings ... ok
test applications::tests::the_historical_cursor_exception_gains_nothing_from_an_activated_policy ... ok
test applications::tests::unpinned_generic_routes_use_exact_declared_alias_evidence_without_changing_models ... ok
test applications::tests::whole_committee_allocation_backtracks_to_preserve_reviewer_families ... ok
test applications::tests::provider_admission_never_freezes_a_refused_account_as_an_unpinned_fallback ... ok
test applications::tests::withdrawal_alone_leaves_the_epic_completion_census ... ok
test applications::tests::whole_committee_allocation_is_deterministic_and_fails_without_diversity ... ok
test credentials::tests::secrets_are_distinct_and_full_width ... ok
test applications::tests::seat_autonomy_resolves_slot_then_plane_then_supervised ... ok
test applications::tests::a_native_migration_waits_for_inflight_work_without_admitting_new_readers ... ok
test applications::tests::a_stuck_native_operation_bounds_migration_wait_and_releases_the_queue ... ok
test endpoint::tests::an_ipv6_endpoint_keeps_the_brackets_a_url_authority_needs ... ok
test endpoint::tests::the_recorded_endpoint_is_what_a_client_reads ... ok
test fleet::tests::a_group_writable_file_is_refused ... ok
test endpoint::tests::publishing_twice_replaces_rather_than_appends ... ok
test applications::coherence::an_unreached_barrier_reports_instead_of_asserting ... ok
test fleet::tests::a_listed_route_must_match_the_models_efforts ... ok
test fleet::tests::a_missing_file_means_no_fleet ... ok
test applications::coherence::a_projection_left_unreleased_stops_waiting_at_its_deadline ... ok
test fleet::tests::a_launch_record_keeps_the_request_apart_from_the_observation ... ok
test fleet::tests::a_leadership_decision_is_appended_per_seat_binding ... ok
test fleet::tests::a_launch_reads_the_decision_recorded_for_its_own_agent_run ... ok
test fleet::tests::a_non_utf8_file_is_refused ... ok
test fleet::tests::a_recorded_decision_is_the_last_vendor ... ok
test fleet::tests::a_symlink_is_refused ... ok
test fleet::tests::a_refused_publication_or_activation_changes_nothing ... ok
test applications::coherence::the_harness_fails_a_stuck_worker_instead_of_waiting_for_it ... ok
test fleet::tests::a_missing_published_policy_fails_closed ... ok
test fleet::tests::a_schema_version_1_record_keeps_its_exact_shape ... ok
test fleet::tests::activation_is_fenced_on_the_policy_the_caller_read ... ok
test fleet::tests::a_tampered_published_policy_fails_closed_without_falling_back ... ok
test fleet::tests::a_direct_reader_of_the_activation_chooses_what_placement_chooses ... ok
test fleet::tests::an_unavailable_domain_or_account_is_skipped ... ok
test fleet::tests::an_unbound_key_returns_none ... ok
test fleet::tests::an_unknown_vendor_has_no_independence_key ... ok
test fleet::tests::an_oversized_file_is_refused ... ok
test fleet::tests::an_invalid_edit_keeps_the_last_valid_snapshot ... ok
test fleet::tests::calibration_and_vision_rules_drop_models ... ok
test fleet::tests::a_bundle_that_does_not_verify_is_never_activated_and_never_served ... ok
test fleet::tests::an_activated_policy_replaces_fleet_yml_for_placement ... ok
test fleet::tests::every_rule_string_is_verbatim_from_appendix_b ... ok
test fleet::tests::flattening_is_model_major_then_account ... ok
test fleet::tests::malformed_yaml_and_unknown_fields_are_document_errors ... ok
test fleet::tests::an_edit_is_picked_up_without_restart ... ok
test fleet::tests::each_rule_in_appendix_b_is_enforced ... ok
test fleet::tests::each_accepted_hash_is_written_to_history_once ... ok
test fleet::tests::the_shipped_example_parses ... ok
test fleet::tests::the_activation_record_is_an_owner_only_atomic_projection ... ok
test fleet::tests::an_unactivated_edit_or_publication_has_no_live_effect ... ok
test fleet::tests::without_a_fleet_claude_and_codex_map_to_their_vendor ... ok
test fleet::tests::one_activated_policy_resolves_leadership_delivery_and_consultation ... ok
test github_publication::tests::a_current_github_head_refuses_a_truly_stale_publication_sha ... ok
test fleet::tests::an_aligned_bundle_is_published_then_activated_as_one_selection ... ok
test github_publication::tests::a_pull_request_maps_to_the_attestation_request_and_a_stable_key ... ok
test github_publication::tests::base64url_matches_the_jwt_alphabet_without_padding ... ok
test fleet::tests::the_status_file_reports_the_last_error ... ok
test logging::tests::a_value_that_looks_like_a_credential_is_replaced_even_under_an_allowed_name ... ok
test logging::tests::the_allowlist_admits_control_vocabulary_and_nothing_else ... ok
test fleet::tests::an_unsupported_activation_record_fails_closed ... ok
test github_publication::tests::a_configuration_document_is_validated_structurally ... ok
test fleet::tests::removing_the_activation_record_restores_the_unmigrated_behaviour ... ok
test fleet::tests::an_unsafe_activation_record_or_artifact_fails_closed ... ok
test orchestration::tests::every_rule_string_is_stable ... ok
test provider_config::tests::an_existing_kontor_environment_allowlist_is_extended_without_replacement ... ok
test provider_config::tests::owned_provider_policy_changes_once_and_preserves_other_values ... ok
test orchestration::tests::the_pin_is_read_before_any_catalog_is_fetched ... ok
test orchestration::tests::a_source_the_publisher_cannot_prove_is_refused ... ok
test provider_config::tests::symlinked_homes_and_configs_are_never_rewritten ... ok
test fleet::tests::the_status_names_the_selection_and_why_it_cannot_be_served ... ok
test runtimes::tests::a_broad_or_near_miss_task_exception_is_refused_at_composition ... ok
test provider_config::tests::reconciliation_is_limited_to_owned_codex_configs ... ok
test runtimes::tests::a_declared_posture_round_trips_through_the_document ... ok
test runtimes::tests::a_document_from_another_generation_is_refused ... ok
test runtimes::tests::a_generation_four_document_is_read_and_grants_nothing ... ok
test runtimes::tests::a_paseo_host_target_is_redacted_in_debug ... ok
test runtimes::tests::a_paseo_plane_refuses_a_jira_key_as_its_kontor_epic_identity ... ok
test runtimes::tests::a_refused_value_names_the_field_and_never_the_value ... ok
test orchestration::tests::the_roster_must_be_declared_whole_with_its_resolved_slots ... ok
test orchestration::tests::the_explicit_proposal_resolves_to_the_exact_mandatory_revision ... ok
test runtimes::tests::a_wildcard_task_exception_is_refused_at_composition ... ok
test runtimes::tests::an_absent_settings_file_is_a_realm_with_no_fleet ... ok
test runtimes::tests::an_ao_fleet_is_refused_by_name_and_nothing_is_composed ... ok
test runtimes::tests::an_unknown_family_is_malformed_and_is_never_quoted_back ... ok
test runtimes::tests::a_runtime_fallback_cannot_bypass_the_governed_model_catalog ... ok
test runtimes::tests::each_published_floor_pattern_composes_as_an_exception ... ok
test runtimes::tests::the_configuration_vocabulary_maps_onto_the_domain_both_ways ... ok
test runtimes::tests::the_containers_a_plane_adopts_are_read_from_its_settings ... ok
test runtimes::tests::every_deferred_family_is_refused_the_same_way ... ok
test runtimes::tests::fable_upgrade_preserves_frozen_routes_and_accepts_the_current_release ... ok
test runtimes::tests::a_configured_family_is_composed_into_the_registry ... ok
test runtimes::tests::two_settings_may_not_claim_one_family ... ok
test succession_supervision::tests::a_durable_attempt_wins_its_slot_on_every_restart_scan ... ok
test succession_supervision::tests::a_running_seat_on_the_same_account_is_never_a_candidate ... ok
test succession_supervision::tests::fresh_reachable_blocked_seats_on_the_exact_quota_pair_are_candidates ... ok
test succession_supervision::tests::provenance_from_another_native_generation_is_never_a_candidate ... ok
test succession_supervision::tests::an_elapsed_quota_reset_is_not_current_retirement_authority ... ok
test succession_supervision::tests::stale_unreachable_and_other_account_seats_are_not_candidates ... ok
test succession_supervision::tests::the_configured_five_seat_cap_leaves_the_remainder_for_another_scan ... ok
test succession_supervision::tests::two_blocked_provider_rows_select_only_the_one_bound_to_the_latest_cursor ... ok
test supervision::tests::an_absent_file_configures_no_implicit_watchdog ... ok
test succession_supervision::tests::bounded_dispatch_reports_each_idempotent_readback_once ... ok
test supervision::tests::elapsed_time_without_missing_progress_is_not_a_hang ... ok
test supervision::tests::age_and_missing_progress_together_wake_the_orchestrator ... ok
test supervision::tests::schema_one_remains_parse_compatible_and_does_not_enable_succession ... ok
test supervision::tests::schema_two_refuses_an_absent_or_zero_succession_bound ... ok
test tests::a_non_loopback_bind_is_refused_including_the_wildcards ... ok
test supervision::tests::the_example_is_valid_and_notification_first ... ok
test tests::the_default_capacity_is_the_operational_set ... ok
test usage::tests::a_claude_custom_home_selects_its_scoped_keychain_service ... ok
test usage::tests::a_claude_home_is_recognised_by_its_own_credential_shape ... ok
test usage::tests::a_token_is_read_but_never_rendered ... ok
test usage::tests::an_absent_provider_homes_directory_approves_nothing ... ok
test usage::tests::an_alias_is_looked_up_and_never_joined_so_traversal_matches_nothing ... ok
test usage::tests::an_exact_account_alias_selects_only_its_vendor_family ... ok
test usage::tests::a_home_with_no_credential_yields_no_token_for_any_vendor ... ok
test github_publication::tests::the_gateway_exchanges_a_jwt_posts_checks_and_merges_by_head ... ok
test usage::tests::each_subdirectory_is_approved_under_its_own_name_and_files_are_not ... ok
test usage::tests::every_vendor_endpoint_is_https_and_distinct ... ok
test usage::tests::the_approved_paths_are_not_printed_at_any_verbosity ... ok
test github_publication::tests::a_pkcs8_pem_loads_and_the_jwt_verifies_under_its_public_key ... ok
test usage::tests::usage_http_429_is_a_retry_instruction_not_quota_exhaustion_or_network_failure ... ok
test applications::coherence::the_core_team_projection_answers_from_one_instant ... ok
test applications::coherence::the_occupancy_chain_answers_from_one_instant ... ok
test tests::a_present_stored_capacity_is_authoritative_over_an_invalid_seed ... ok
test usage::tests::an_operator_window_set_survives_a_later_poller_record_of_the_same_header ... ok
test usage::tests::an_observed_window_set_replaces_the_stored_one ... ok
test tests::an_invalid_seed_without_stored_capacity_refuses_start_and_releases_the_root ... ok
test usage::tests::usage_collector_refreshes_unchanged_evidence_automatically_inside_the_window ... ok
test usage::tests::usage_throttle_expires_then_requires_a_new_actual_report ... ok
test usage::tests::usage_throttle_survives_restart_and_does_not_starve_other_accounts ... ok
test tests::a_stored_capacity_the_composition_root_cannot_honour_refuses_the_start has been running for over 60 seconds
test tests::succession_supervision_is_v2_only_and_stops_with_the_realm has been running for over 60 seconds
test tests::succession_supervision_is_v2_only_and_stops_with_the_realm ... ok
test tests::a_stored_capacity_the_composition_root_cannot_honour_refuses_the_start ... ok

test result: ok. 164 passed; 0 failed; 0 ignored; 0 measured; 0 filtered out; finished in 64.54s

     Running unittests src/main.rs (/Users/igor/.local/state/asma/epics/ASMA-8278/prepared-diagnostic-20261004-0029/cargo-target/debug/deps/kontor_daemon-286c8810d808455c)

running 10 tests
test tests::failed_reconciliation_leaves_the_server_running ... ok
test tests::the_server_is_polled_while_startup_reconciliation_is_pending ... ok
test tests::a_running_realm_refuses_credential_installation_before_stdin_or_effects ... ok
test tests::jira_credential_command_accepts_only_a_non_secret_alias ... ok
test tests::a_copied_realm_and_duplicate_alias_cannot_update_a_locked_roots_entry ... ok
test tests::unknown_roots_aliases_and_relative_paths_refuse_before_stdin_or_effects ... ok
test tests::a_current_realm_reaches_the_credential_reader_and_fails_after_the_gate ... ok
test tests::stopped_realm_installation_retains_its_lock_and_refuses_bad_input ... ok
test tests::the_stopped_fixtures_reproduce_their_own_schema_era ... ok
test tests::a_realm_stopped_before_the_current_schema_refuses_without_reading_or_installing ... ok

test result: ok. 10 passed; 0 failed; 0 ignored; 0 measured; 0 filtered out; finished in 36.31s

     Running tests/account_pinning.rs (/Users/igor/.local/state/asma/epics/ASMA-8278/prepared-diagnostic-20261004-0029/cargo-target/debug/deps/account_pinning-7ec61981852ca1e3)

running 5 tests
test an_unknown_run_is_not_created_by_pinning_it ... ok
test a_legacy_unpinned_run_is_left_exactly_as_it_is ... ok
test an_unpinned_run_claims_the_account_it_was_given ... ok
test re_presenting_the_same_account_is_a_replay_that_writes_nothing ... ok
test a_second_different_account_is_refused_rather_than_repointed ... ok

test result: ok. 5 passed; 0 failed; 0 ignored; 0 measured; 0 filtered out; finished in 2.19s

     Running tests/container_recreation.rs (/Users/igor/.local/state/asma/epics/ASMA-8278/prepared-diagnostic-20261004-0029/cargo-target/debug/deps/container_recreation-4347e9914b999bb6)

running 12 tests
test a_non_native_child_subject_is_refused_before_any_create ... ok
test evaluator_recovery_never_creates_a_native ... ok
test an_apply_with_a_foreign_preview_hash_is_refused_before_any_create ... ok
test a_non_admin_caller_cannot_reach_a_create ... ok
test a_stale_project_revision_is_refused_before_any_create ... ok
test gate_rejection_recovery_never_creates_a_native ... ok
test a_same_key_apply_with_a_changed_intent_is_refused ... ok
test a_same_key_apply_replays_without_a_second_create ... ok
test a_lost_create_acknowledgement_is_adopted_rather_than_rebuilt ... ok
test a_same_key_apply_replays_across_a_restart_without_a_second_create ... ok
test only_container_recovery_reaches_a_create_in_the_same_world_shape ... ok
test recreate_absent_previews_then_applies_with_exactly_one_create ... ok

test result: ok. 12 passed; 0 failed; 0 ignored; 0 measured; 0 filtered out; finished in 2.45s

     Running tests/experience_memory.rs (/Users/igor/.local/state/asma/epics/ASMA-8278/prepared-diagnostic-20261004-0029/cargo-target/debug/deps/experience_memory-b629475b8c6a09db)

running 2 tests
test secret_canaries_hidden_queries_and_projection_unavailable_are_static ... ok
test proposal_approval_preview_freeze_readback_replay_and_purge_refusal ... ok

test result: ok. 2 passed; 0 failed; 0 ignored; 0 measured; 0 filtered out; finished in 2.14s

     Running tests/loopback_api.rs (/Users/igor/.local/state/asma/epics/ASMA-8278/prepared-diagnostic-20261004-0029/cargo-target/debug/deps/loopback_api-506a3419ec229a83)

running 571 tests
test a_bundled_preset_change_does_not_block_an_immutable_published_revision ... ok
test a_bounded_auto_arm_is_declarable_by_an_admin_and_by_nobody_else ... ok
test a_body_overtaken_during_a_lost_confirmation_is_refused ... ok
test a_capacity_refresh_answers_without_any_external_executable ... ok
test a_branch_key_resolving_to_an_epic_and_task_is_refused_as_ambiguous ... ok
test a_capacity_refresh_stores_the_raw_reading_it_derived_from ... ok
test a_binding_whose_session_is_gone_is_not_restored ... ok
test a_bundled_team_template_change_does_not_block_an_immutable_published_revision ... ok
test a_caught_up_live_stream_waits_instead_of_claiming_it_ended ... ok
test a_configured_jira_boundary_distinguishes_historical_from_native_completion ... ignored, superseded by kontor-jira native connector contract tests
test a_claim_superseding_a_launched_occupancy_reports_a_null_roster_persona ... ok
test a_claim_that_exceeds_what_the_runtime_can_prove_is_not_restored ... ok
test a_compact_command_enforces_its_guards_before_any_runtime_effect ... ok
test a_confirmed_jira_key_addresses_the_same_subject_as_its_uuid ... ok
test a_configured_adapter_backs_every_session_route ... ok
test a_connector_reports_the_specifications_this_build_ships ... ok
test a_committed_succession_with_pending_effects_is_reconciled_by_replay ... ok
test a_concurrent_second_key_is_refused_at_the_claim_before_any_native_effect ... ok
test a_control_role_never_holds_two_live_seats ... ok
test a_core_team_is_previewed_applied_and_read_back ... ok
test a_committee_allocates_from_the_activated_policy_and_fails_closed ... ok
test a_converged_epic_pass_still_carries_a_proved_rename_forward ... ok
test a_core_team_is_published_from_a_verified_bundle_through_the_existing_contract ... ok
test a_consultation_freezes_the_alias_rung_with_headroom_not_the_first_rung ... ok
test a_core_team_refuses_a_raw_role_and_a_caller_authored_title ... ok
test a_committee_seat_recovery_fails_closed_on_an_unverifiable_activation ... ok
test a_core_team_refuses_a_weakened_mandatory_role_and_an_unknown_code ... ok
test a_cyclic_or_dangling_epic_rolls_the_whole_application_back ... ok
test a_failed_readback_after_delivery_never_reports_the_message_as_unsent ... ok
test a_derived_worktree_never_overrides_a_declared_one ... ok
test a_consultation_with_no_recorded_subject_refuses_to_be_named ... ok
test a_failed_epoch_persist_leaves_the_mapping_pending_until_it_lands ... ok
test a_declared_slot_never_seated_is_filled_and_its_durable_handoff_is_delivered_once ... ok
test a_delivery_seat_whose_owner_closed_is_orphaned_and_holds_no_progress ... ok
test a_first_pass_materialization_refuses_before_recording_a_receipt ... ok
test a_completed_task_reopens_without_rewriting_what_it_recorded ... ok
test a_derived_read_is_bounded_when_the_runtime_never_answers ... ok
test a_failed_verdict_without_a_live_tpm_consumes_nothing_at_the_boundary ... ok
test a_failed_verdict_adopts_the_replacement_tpm_in_one_atomic_transition ... ok
test a_fleet_bound_advisor_keeps_its_fleet_provenance_through_materialization ... ok
test a_fleet_binding_routes_a_new_seat_without_restart ... ok
test a_fleet_bound_committee_seats_reviewers_on_different_vendors ... ok
test a_fleet_bound_reviewer_that_loses_its_provider_recovers_on_the_fleet_chain ... ok
test a_forged_but_self_consistent_claim_is_not_restored ... ok
test a_due_quota_successor_renews_wait_from_fresh_runtime_evidence ... ok
test a_fleet_committee_route_launches_cursor_in_plan_mode ... ok
test a_gate_verdict_is_append_only_authority_checked_and_waiver_is_admin ... ok
test a_fleet_routed_delivery_launch_records_its_provenance_apart_from_the_observation ... ok
test a_follow_up_selects_the_successors_existing_seat_and_does_not_replace_it ... ok
test a_follow_up_whose_acknowledgement_was_lost_is_not_delivered_twice ... ok
test a_gate_evaluator_role_resolves_to_its_live_frozen_team_slot ... ok
test a_global_probe_key_serializes_first_use_and_replays_before_any_second_provider_call ... ok
test a_history_read_persists_its_epoch_mapping_before_returning ... ok
test a_fresh_key_cannot_freeze_the_same_semantic_consultation_concurrently ... ok
test a_hold_that_recorded_no_terms_is_manual_and_survives_the_lift_boundary ... ok
test a_hostile_host_or_origin_is_refused_before_any_handler ... ok
test a_gate_cannot_pass_on_caller_named_unproduced_evidence ... ok
test a_human_authored_body_is_preserved_until_replacement_is_authorized ... ok
test a_gate_cannot_pass_before_its_workflow_phase_is_ready ... ok
test a_hosted_seat_whose_placement_cannot_be_reconfirmed_refuses ... ok
test a_handoff_naming_another_run_refuses_a_never_bound_replacement ... ok
test a_fresh_high_change_turn_releases_a_non_entry_fence_through_its_logical_role ... ok
test a_later_core_team_edit_leaves_a_promoted_epic_frozen ... ok
test a_hosted_seat_whose_durable_lineage_disagrees_refuses_with_no_effect ... ok
test a_launch_intent_supersession_is_exactly_once_under_replay_and_drift ... ok
test a_launch_intent_supersession_refuses_a_seat_from_another_epic ... ok
test a_later_turn_beyond_the_window_page_still_refuses_a_stale_tuple ... ok
test a_launch_intent_supersession_refuses_a_seat_with_an_effect_receipt ... ok
test a_kickoff_hold_lifts_itself_at_the_boundary_that_satisfies_its_terms ... ok
test a_leadership_seat_without_a_caller_route_is_routed_by_the_policy_choice ... ok
test a_launch_intent_supersession_replay_reports_unchanged ... ok
test a_leadership_route_correction_is_held_to_the_activated_chain ... ok
test a_leadership_launch_intent_supersession_is_held_to_the_activated_chain ... ok
test a_ledger_refused_rename_is_permanent_while_only_outages_are_transient ... ok
test a_legacy_backlog_is_imported_replayed_after_restart_and_switched_once ... ok
test a_legacy_binding_without_a_snapshot_recovers_in_place_after_restart ... ok
test a_legacy_profile_selection_receipt_never_borrows_the_active_workflow ... ok
test a_linked_task_claims_its_tickets_and_refuses_to_pull_without_a_connector ... ok
test a_historical_gate_rejection_recovery_routes_once_and_replays_after_restart ... ok
test a_live_stream_without_an_anchor_is_refused ... ok
test a_legacy_epic_bootstraps_one_frozen_roster_and_one_leadership_pair ... ok
test a_lost_acknowledgement_is_replayed_without_a_second_native_effect ... ok
test a_legacy_item_code_is_forbidden_in_a_topic_even_when_the_template_does_not_render_it ... ok
test a_malformed_body_is_refused_as_a_request_and_never_as_a_broken_realm ... ok
test a_lost_launch_acknowledgement_converges_on_the_native_it_created ... ok
test a_lost_launch_acknowledgement_keeps_the_autonomy_its_native_was_created_under ... ok
test a_lost_receipt_binding_rebinds_the_same_receipt ... ok
test a_lost_retirement_acknowledgement_is_finished_by_the_claim_owner ... ok
test a_misconfigured_fleet_refuses_the_start ... ok
test a_malformed_host_never_reaches_a_handler ... ok
test a_later_same_task_team_run_cannot_release_an_earlier_rejection_fence ... ok
test a_managed_task_worktree_bound_to_a_foreign_key_is_refused ... ok
test a_managed_task_worktree_outside_the_branch_grammar_is_refused ... ok
test a_managed_task_worktree_on_the_epic_branch_is_accepted ... ok
test a_message_resume_reduces_the_run_and_team_run_back_to_running ... ok
test a_mutation_without_an_idempotency_key_is_refused ... ok
test a_module_less_task_is_not_authorized_for_a_module_repository ... ok
test a_misnamed_container_is_repaired_from_the_pinned_topology_and_never_from_a_caller ... ok
test a_missing_or_wrong_credential_is_refused ... ok
test a_legacy_jira_import_materializes_semantic_epic_control_and_ticket_titles ... ok
test a_non_loopback_bind_is_refused_and_leaves_nothing_behind ... ok
test a_new_epic_reports_leadership_declared_but_not_materialized ... ok
test a_native_less_consultation_reroute_fails_closed_on_an_unverifiable_activation ... ok
test a_never_bound_prepared_launch_intent_is_superseded_in_place ... ok
test a_mixed_targetless_and_mistargeted_pair_refuses_a_never_bound_replacement ... ok
test a_node_is_retired_by_the_id_an_answer_returned_and_children_block_it ... ok
test a_permission_answer_is_applied_once_and_a_foreign_request_is_refused ... ok
test a_pending_succession_the_seat_outran_is_refused_rather_than_receipted ... ok
test a_plan_restores_the_persisted_adaptive_width_rather_than_starting_at_four ... ok
test a_position_outside_the_retained_history_demands_a_resnapshot ... ok
test a_never_bound_successor_keeps_its_original_terminal_parent_authority ... ok
test a_partially_seated_candidate_claims_progress_and_an_unattached_one_does_not ... ok
test a_previewed_advisor_profile_publishes_and_reads_back ... ok
test a_policy_blocked_epic_pass_still_carries_a_proved_rename_forward ... ok
test a_profile_apply_must_match_the_named_preview ... ok
test a_profile_apply_under_a_stale_revision_writes_nothing ... ok
test a_profile_category_reports_its_whole_shape_and_validates_itself ... ok
test a_mixed_import_closes_after_only_its_native_task_earns_completion ... ok
test a_profile_workflow_install_retries_after_an_empty_epic_publishes_its_prerequisite ... ok
test a_provider_account_profile_can_be_relabelled_and_taken_out_of_service ... ok
test a_provider_quota_probe_is_operator_fenced_exact_and_atomic_on_failure ... ok
test a_promotion_interrupted_after_authorization_resumes_to_completion ... ok
test a_publication_into_an_unauthorized_repository_is_refused ... ok
test a_publication_merge_without_a_github_app_is_refused_as_unsupported ... ok
test a_publication_that_never_landed_is_still_refused ... ok
test a_publication_whose_confirmation_was_lost_is_settled_by_refetch ... ok
test a_plan_admits_against_the_width_that_was_learned ... ok
test a_public_waiver_is_refused_without_authority_policy_or_evidence ... ok
test a_published_specification_cannot_change_in_place ... ok
test a_pull_request_without_a_title_is_refused ... ok
test a_quick_ineligible_role_cannot_open_a_session ... ok
test a_promotion_creates_one_epic_and_hands_the_work_to_its_lsa ... ok
test a_phase_advancing_gate_replays_after_revision_change_and_restart ... ok
test a_quick_session_is_opened_once_and_replays_to_the_same_ids ... ok
test a_reference_read_for_something_absent_is_not_found_rather_than_empty ... ok
test a_receipt_served_replay_returns_the_digest_the_apply_returned ... ok
test a_quarantined_qnr_code_is_corrected_without_weakening_canonical_assignments ... ok
test a_refused_identifier_names_which_one_it_was ... ok
test a_registered_pack_cannot_collide_with_a_bundled_team_revision ... ok
test a_quota_blocked_reachable_seat_is_succeeded_only_on_a_blocking_row ... ok
test a_registered_pack_may_not_shadow_a_compiled_category ... ok
test a_registration_key_is_bound_to_one_logical_operation ... ok
test a_refused_first_advance_creates_no_completion_run_and_no_receipt ... ok
test a_registered_pack_widens_the_catalogue_and_an_epic_can_pin_its_profile ... ok
test a_refused_launch_leaves_its_claim_to_finish_the_succession ... ok
test a_reachable_seat_that_cannot_be_driven_takes_the_linked_successor_path ... ok
test a_quota_takeover_walks_sub_steps_before_the_next_domain ... ok
test a_launch_intent_supersession_refuses_every_shape_that_is_not_inert ... ok
test a_repeated_core_team_apply_publishes_one_revision ... ok
test a_reopened_realm_admits_under_the_stored_capacity_and_the_scheduler_projects_it ... ok
test a_replaced_tpm_is_adopted_into_the_forward_pin_and_receives_the_wake ... ok
test a_replayed_write_returns_the_original_answer_and_a_reused_key_conflicts ... ok
test a_replayed_materialization_re_proves_the_bound_container_read_only ... ok
test a_post_route_invalid_source_keeps_its_refusal_and_discloses_no_route_receipt ... ok
test a_resumed_feed_starts_strictly_after_the_position_it_was_given ... ok
test a_replayed_succession_answers_with_its_own_durable_readback ... ok
test a_run_snapshot_reports_the_team_template_revision_and_its_binding ... ok
test a_replacement_seat_walks_onto_the_other_evidenced_account ... ok
test a_rejection_fence_resolves_its_roles_against_the_run_the_route_froze ... ok
test a_run_that_was_never_bound_has_no_session ... ok
test a_run_the_runtime_says_is_still_working_is_not_settled ... ok
test a_rejection_fence_releases_for_the_slot_the_pinned_team_maps_to_the_handoff_role ... ok
test a_reused_key_with_different_quota_evidence_conflicts_before_any_effect ... ok
test a_runtime_cancelled_run_accepts_one_guarded_late_handoff_without_reopening ... ok
test a_runtime_that_cannot_be_reached_leaves_scheduling_shut ... ok
test a_running_seat_is_never_retired_by_stale_quota_authority ... ok
test a_run_that_holds_a_session_is_settled_rather_than_abandoned ... ok
test a_same_issue_rename_reports_its_content_conflict_against_the_current_key ... ok
test a_run_no_runtime_ever_took_is_abandoned_so_its_task_can_be_scheduled_again ... ok
test a_runtime_with_a_plane_is_prepared_by_startup_so_a_seat_can_be_materialized ... ok
test a_seat_fill_proves_the_bound_container_before_recording_its_receipt ... ok
test a_seat_launch_claims_the_account_the_headroom_walk_selected ... ok
test a_seat_is_prepared_at_the_worktree_the_task_declares ... ok
test a_semantic_topology_write_survives_replay_and_refuses_a_stale_revision ... ok
test a_session_key_uses_the_standard_stable_idempotency_vocabulary ... ok
test a_released_rejection_stays_in_verification_until_a_fresh_gate_verdict ... ok
test a_session_this_process_holds_no_frozen_snapshot_for_is_stale ... ok
test a_session_bound_before_a_restart_is_operable_after_it ... ok
test a_session_whose_family_is_not_configured_answers_unavailable ... ok
test a_restart_converges_a_workflow_left_fenced_by_the_earlier_predicate ... ok
test a_snapshot_carries_the_position_it_is_consistent_with ... ok
test a_settlement_naming_an_unmapped_epoch_is_told_to_observe_the_turn_again ... ok
test a_settlement_answers_a_timeline_refetch_signal_once_and_settles ... ok
test a_settled_turn_derives_its_follow_up_at_most_once ... ok
test a_stale_revision_reports_the_current_one_and_mutates_nothing ... ok
test a_settlement_against_a_silent_runtime_is_bounded_and_writes_nothing ... ok
test a_slot_spelled_like_the_required_role_cannot_release_the_fence ... ok
test a_started_seat_owns_its_account_durably_and_not_only_in_its_launch_request ... ok
test a_stale_binding_that_is_not_absence_refuses_before_any_effect ... ok
test a_succession_owned_by_another_key_refuses_before_any_effect ... ok
test a_seeded_committee_runs_and_settles_instead_of_returning_503 ... ok
test a_started_task_leaves_ready_so_it_can_legally_be_completed ... ok
test a_successor_contract_refuses_an_under_authorized_caller_first ... ok
test a_started_team_run_freezes_the_stored_bytes_of_a_drifted_identity ... ok
test a_succession_that_lost_its_route_acknowledgement_reconciles_from_neither_effect ... ok
test a_task_from_another_project_in_this_realm_does_not_resolve ... ok
test a_task_branch_binds_through_the_task_key ... ok
test a_successor_derives_its_own_generation_scoped_credential_subject ... ok
test a_successor_seat_authenticates_where_its_predecessor_no_longer_can ... ok
test a_task_placed_on_a_node_that_hosts_no_session_is_refused_before_anything_starts ... ok
test a_task_snapshot_reports_the_pinned_specification_revisions ... ok
test a_task_rename_between_preview_and_apply_emits_the_current_key ... ok
test a_task_with_no_jira_link_refuses_naming_instead_of_substituting_a_uuid ... ok
test a_task_worktree_claim_correction_is_exact_audited_and_idempotent ... ok
test a_task_worktree_claim_correction_refuses_a_target_registered_to_another_task ... ok
test a_task_worktree_claim_correction_refuses_every_unbound_input ... ok
test a_stalled_follow_up_delivery_does_not_delay_the_fenced_catch_up ... ok
test a_stalled_workflow_is_caught_up_to_its_evidence_exactly_once ... ok
test a_team_draft_cannot_publish_a_route_outside_the_governed_catalog ... ok
test a_team_slot_cannot_carry_a_raw_role_or_a_caller_supplied_title ... ok
test a_teamless_task_is_held_and_resumed_and_its_epic_stays_open ... ok
test a_team_definition_upgrade_leaves_archived_native_history_untouched ... ok
test a_team_definition_upgrade_ignores_open_runs_on_archived_task_topology ... ok
test a_timeline_cursor_from_another_session_is_refused_before_dispatch ... ok
test a_team_definition_upgrade_preserves_native_ids_and_renders_confirmed_item_codes ... ok
test a_topology_request_cannot_carry_a_kind_a_parent_or_a_native_shape ... ok
test a_terminal_agent_run_is_not_the_live_seat_of_its_still_open_team ... ok
test a_typed_task_without_a_legacy_short_code_materializes_without_inventing_one ... ok
test a_team_closes_on_settled_turns_while_every_seat_stays_live ... ok
test a_user_published_team_ledger_stays_append_only_after_epic_drift ... ok
test a_vocabulary_is_drafted_validated_published_and_read_back ... ok
test a_turn_receipt_records_proven_authority_and_not_a_claimed_actor ... ok
test a_team_that_closed_on_settled_turns_releases_admission_capacity ... ok
test a_waived_slot_is_never_given_a_follow_up ... ok
test a_work_profile_drift_stays_refused_while_a_team_identity_tolerates_it ... ok
test a_verifier_skips_the_implementers_vendor ... ok
test a_workspace_refusal_is_reported_as_a_placement_fact ... ok
test a_write_against_an_unknown_target_is_not_found ... ok
test a_waiver_completes_a_team_whose_declared_slot_was_never_bound ... ok
test a_terminal_predecessor_the_runtime_calls_stale_is_proved_gone ... ok
test a_write_boundary_rebind_is_refused_before_any_effect_or_binding_advance ... ok
test abandonment_replay_cleans_only_the_exact_unclaimed_runtime_reservation ... ok
test a_waiting_quota_successor_has_zero_runtime_or_lineage_effects ... ok
test adoption_moves_the_forward_pin_without_disturbing_recorded_rounds ... ok
test after_and_last_event_id_may_not_disagree ... ok
test advance_and_remediate_judge_the_key_before_the_revision ... ok
test admission_adoption_fill_rechecks_the_recorded_run_before_any_effect ... ok
test an_account_ensure_compares_every_supplied_field_and_never_echoes_the_alias ... ok
test an_absent_team_template_identity_is_still_inserted_normally ... ok
test admission_adoption_fills_the_existing_run_but_preserves_wait_and_missing_handoff ... ok
test an_account_profile_freezes_its_declared_provider_aliases_at_ensure ... ok
test admission_adoption_refuses_native_container_drift_without_consuming_the_key ... ok
test an_admin_installs_the_exact_shipped_workflow_revision_under_project_cas ... ok
test a_cursor_from_another_realm_is_refused_typed_before_any_read ... ok
test an_admin_fills_an_owed_slot_on_a_named_route_and_an_operator_cannot ... ok
test an_admin_moves_a_seat_that_already_ran_off_a_disabled_provider_only_onto_an_explicit_route ... ok
test an_activated_policy_places_the_next_seat_and_fails_closed_when_unverifiable ... ok
test an_admin_replacement_retires_a_bound_nonterminal_predecessor_first ... ok
test an_advisor_profile_cannot_be_published_as_a_committee_template ... ok
test an_admin_reroutes_a_never_bound_seat_whose_handoff_recorded_no_target ... ok
test an_admin_replaces_one_runtime_cancelled_seat_inside_the_existing_team ... ok
test an_ao_family_refuses_the_start_and_composes_no_substitute ... ok
test an_advisor_freezes_from_the_activated_policy_and_fails_closed ... ok
test an_aligned_activation_leads_only_the_epic_pinned_to_its_roster ... ok
test admission_adoption_refuses_wrong_authority_run_role_revision_and_unknown_evidence ... ok
test an_admin_retires_an_exact_never_dispatched_provider_blocked_seat ... ok
test an_admin_reroutes_one_dispatched_never_bound_delivery_seat ... ok
test an_asma_cli_catalog_module_worktree_bound_to_a_foreign_key_is_refused ... ok
test an_asma_cli_catalog_module_worktree_bound_to_the_task_key_is_accepted ... ok
test an_applied_task_materializes_and_replays_without_a_startup_task_scope ... ok
test an_empty_realm_is_bootstrapped_through_public_operations_alone ... ok
test an_ensure_interrupted_after_its_row_completes_the_node_and_seat ... ok
test an_epic_branch_publication_is_attested_recorded_and_replayed ... ok
test an_ambiguous_history_only_settles_after_one_server_owned_challenge ... ok
test an_epic_can_be_created_with_a_replay_safe_covering_hold ... ok
test an_early_proof_in_a_long_session_settles_without_reading_the_tail ... ok
test an_archived_rename_pending_advisor_can_retire_and_complete_the_same_migration ... ok
test an_epic_placeholder_body_is_typed_reported_and_repairable ... ok
test an_edit_to_fleet_yml_changes_the_next_placement ... ok
test an_epic_same_issue_rename_never_addresses_the_superseded_key ... ok
test an_epic_pin_moves_only_through_the_preview_that_was_authorized ... ok
test an_epoch_change_ends_the_stream_with_a_refetch ... ok
test an_epic_key_naming_another_immutable_issue_is_refused_before_the_binding_moves ... ok
test an_epic_replay_reads_one_agreed_stored_policy_after_category_progression ... ok
test an_epic_root_archives_last_and_only_when_its_completion_is_done ... ok
test an_explicit_arming_budget_is_stored_as_stated ... ok
test an_exhausted_account_reroutes_the_launch_to_the_second_codex_alias ... ok
test an_inert_successor_intent_can_supersede_an_archived_predecessor ... ok
test an_inert_successor_intent_recovers_a_receipt_after_cas_commit_and_successor_install ... ok
test an_identical_manifest_reapplies_over_a_task_that_natively_progressed ... ok
test an_in_flight_team_definition_migration_fences_replacement_before_any_effect ... ok
test an_implementer_placed_before_fleet_yml_does_not_block_its_verifier ... ok
test an_invented_topology_scope_is_refused ... ok
test an_observer_can_discover_projects_and_read_one_without_repeating_its_name ... ok
test an_inert_successor_intent_store_rechecks_the_proved_predecessor ... ok
test an_inert_successor_intent_replays_after_the_successor_is_installed ... ok
test an_observation_whose_epoch_write_fails_keeps_it_pending ... ok
test an_operator_override_never_rewrites_what_the_provider_reported ... ok
test an_orchestration_bundle_is_published_and_activated_through_registered_operations ... ok
test an_observed_turn_is_the_tuple_settlement_accepts_verbatim ... ok
test an_invalid_edit_keeps_the_previous_fleet ... ok
test an_unattested_session_is_refused_without_reaching_the_runtime ... ok
test an_unconfigured_project_has_no_core_team_rather_than_an_empty_one ... ok
test an_unknown_field_in_a_profile_is_reported_not_ignored ... ok
test an_ordinary_gate_verdict_requires_the_evaluator_seats_pinned_account ... ok
test an_unarmed_epic_is_ready_without_a_grant ... ok
test an_ordinary_gate_verdict_requires_a_live_evaluator_seat ... ok
test an_undeclared_task_worktree_is_derived_from_its_confirmed_tracker_key ... ok
test an_unsupported_session_operation_has_zero_runtime_effect ... ok
test an_unplaceable_dynamic_task_is_refused_before_a_team_run_is_committed ... ok
test an_unreadable_binding_claim_shuts_scheduling_rather_than_vanishing ... ok
test an_unplaced_task_is_refused_and_a_misplaced_one_says_why ... ok
test an_unregistered_delivery_slot_is_refused_before_any_effect ... ok
test application_receipts_confirm_only_after_a_successful_response ... ok
test an_unaccounted_slot_or_an_undischarged_gate_withholds_closure ... ok
test another_project_does_not_inherit_the_governed_repositories ... ok
test arming_omits_the_window_and_concurrency_when_the_caller_states_none ... ok
test arming_without_a_budget_imposes_no_profile_ceiling ... ok
test automatic_jira_reconciliation_records_and_resolves_an_unfinished_held_epic_without_effects ... ok
test an_unwaived_slot_on_the_same_template_does_receive_the_follow_up ... ok
test arming_disarming_and_planning_are_scoped_authority_decisions ... ok
test best_effort_compaction_records_not_enforced_when_the_runtime_cannot_compact ... ok
test automatic_quota_supervision_recovers_once_and_repeated_scan_is_inert ... ok
test bundled_item_code_revision_is_published_and_contains_item_code ... ok
test bodyless_quota_recovery_is_confirmed_once_with_handoff_and_receipt_chain ... ok
test code_help_explains_the_codes_an_epic_is_actually_pinned_to ... ok
test both_handoff_conditions_withhold_a_follow_up_until_each_is_satisfied ... ok
test artifact_recovery_of_a_closed_legacy_producer_replays_after_daemon_restart ... ok
test artifact_recovery_requires_a_real_settled_claim_and_verified_git_blob ... ok
test committee_evidence::formal_committee_concurrent_recoveries_cannot_both_reserve_anthropic ... ok
test committee_containers_follow_their_recorded_subject_not_their_caller ... ok
test committee_evidence::formal_committee_native_less_judge_reroute_keeps_the_cap_before_persistence ... ok
test committee_evidence::formal_committee_recovery_unknown_rank_or_vendor_refuses_before_fencing ... ok
test committee_evidence::formal_committee_pending_recovery_refuses_peer_budget_and_resumes_exactly ... ok
test committee_evidence::formal_committee_recovery_counts_the_deferred_judge_before_attempts_and_replays_lawfully ... ok
test completion_answers_from_its_own_repository_and_never_synthesizes ... ok
test committee_evidence::simulated_formal_committee_provenance_loss_refuses_recovery_and_findings_before_effects ... ok
test completion_without_a_live_tpm_writes_no_state_wake_or_receipt ... ok
test concurrent_applies_under_one_key_converge_on_a_single_successor ... ok
test a_realm_with_no_fleet_still_starts_and_says_so ... ok
test confirmed_link_batch_adoption_refuses_an_immutable_issue_mismatch ... ok
test concurrent_daemon_insert_losers_render_the_exact_sequential_envelope ... ok
test committee_evidence::scoped_committee_reads_actual_subject_evidence_and_verified_report_without_peer_leakage ... ok
test consultation_catalogs_seed_the_operational_committee_preset ... ok
test conflicts_comments_and_claims_are_task_scoped_and_disclose_no_content ... ok
test deciding_the_vocabulary_is_admin_authority_and_the_check_is_real ... ok
test completion_selects_one_exact_committee_result_and_preserves_the_duplicate ... ok
test artifact_recovery_preserves_unknown_accounts_only_with_exact_native_proof ... ok
test an_inert_successor_intent_refuses_wrong_predecessor_and_occupancy ... ok
test consultation_containers_follow_their_recorded_subject_not_their_caller ... ok
test consecutive_turns_on_one_slot_converge_on_one_seat_and_one_session ... ok
test core_team_materialization_proves_the_bound_ecp_before_writing_seats ... ok
test deleting_fleet_yml_restores_template_routing ... ok
test delivery_names_follow_the_exact_team_definition_when_legacy_bindings_disagree ... ok
test derived_first_send_registers_its_boundary ... ok
test concurrent_fresh_recovery_keys_name_the_single_original_route_receipt ... ok
test derived_delivery_epoch_is_durable_before_dispatch_completion ... ok
test disarming_records_its_own_command_kind_and_checks_the_key_before_answering ... ok
test derived_delivery_epoch_commit_failure_then_restart_does_not_resend ... ok
test derived_delivery_epoch_commit_failure_is_truthful_and_retryable ... ok
test duplicate_rendered_slots_in_one_team_are_refused_before_runtime_or_admission ... ok
test direct_delivery_epoch_is_durable_before_acknowledgement ... ok
test epic_backlog_code_previews_applies_and_reads_back_independently_of_execution_scope ... ok
test ensuring_a_control_plane_creates_the_chain_the_specification_declares ... ok
test direct_delivery_epoch_commit_failure_is_truthful_and_retryable ... ok
test epic_import_defaults_ready_and_refuses_invalid_or_contradictory_state_atomically ... ok
test epic_import_preview_apply_and_replay_preserve_historical_task_lifecycle ... ok
test direct_first_send_registers_its_boundary ... ok
test direct_delivery_epoch_commit_failure_then_restart_does_not_resend ... ok
test epic_read_preserves_the_team_revision_apply_froze_across_restart ... ok
test every_application_operation_refuses_an_unauthenticated_or_under_privileged_caller ... ok
test every_answer_a_receipt_and_every_frame_name_the_realm ... ok
test distinct_task_worktrees_isolate_one_module_through_admission ... ok
test epic_completion_accepts_a_receipt_backed_native_closure_certificate ... ok
test every_admitted_fleet_placement_is_recorded ... ok
test experience_launch::degraded_launch_never_lists_the_corpus_and_timeout_keeps_store_unlocked ... ok
test exact_resume_recovers_one_durable_admission_without_the_scheduler_key ... ok
test experience_launch::root_launch_contains_exact_frozen_canonical_bytes_and_downstream_cites_same_binding ... ok
test experience_launch::lost_caller_ack_replay_reuses_frozen_bytes_after_tombstone_and_rebuild ... ok
test explicit_materialization_places_an_unconfigured_project_before_scheduler_launch ... ok
test gate_recovery_cannot_fabricate_a_pass ... ok
test experience_launch::stale_snapshot_and_no_match_launch_without_network_or_full_corpus ... ok
test gate_recovery_is_refused_while_the_evaluator_seat_is_alive ... ok
test gate_recovery_is_refused_without_matching_session_evidence ... ok
test gate_recovery_matches_the_role_a_slot_holds_not_the_slots_name ... ok
test gate_recovery_records_a_closed_evaluators_verdict_with_session_evidence ... ok
test identical_mixed_jira_apply_resumes_its_pending_create_in_place ... ok
test generic_corpus_past_the_general_ceiling_is_excluded_by_typed_recall ... ok
test gate_recovery_still_refuses_a_slot_that_does_not_hold_the_evaluator_role ... ok
test gate_recovery_resolves_a_slot_through_its_catalog_role ... ok
test intake_decides_under_a_pinned_trigger_or_reports_it_is_not_installed ... ok
test a_write_naming_another_realms_project_resolves_to_nothing ... ok
test independence_fails_closed_when_only_the_implementers_vendor_is_left ... ok
test integration_advances_only_on_a_well_formed_operator_receipt ... ok
test initial_committee_recovery_is_admin_fenced_diverse_frozen_and_replayable ... ok
test jira_link_apply_recovers_a_mixed_pending_batch_in_place ... ok
test jira_materialization_preview_is_server_derived_and_epic_first ... ok
test jira_key_containers_render_the_confirmed_binding_of_their_own_subject ... ok
test jira_link_apply_adopts_an_exact_confirmed_legacy_batch_and_backfills_issue_ids ... ok
test initially_planned_succession_cannot_retire_after_its_quota_row_expires ... ok
test leadership_materialization_is_resolved_through_the_activated_policy ... ok
test legacy_task_short_code_mapping_previews_applies_and_replays_in_place ... ok
test gate_rejection_recovery_refuses_same_key_with_changed_intent_without_writes ... ok
test materializing_a_ticket_binds_its_native_workspace_without_admitting_a_run ... ok
test lifecycle_transitions_are_legal_revisioned_and_gated ... ok
test materializing_a_replaced_seat_reuses_its_current_occupancy ... ok
test materializing_binds_a_seat_only_on_a_kind_declared_a_session_host ... ok
test legacy_consultation_reads::a_subjectless_settled_advisor_remains_readable_without_rewriting_advice ... ok
test materializing_reconciles_an_installed_intents_missing_attachment ... ok
test message_delivery_proofs::legacy_message_proof_absence_never_authorizes_dispatch ... ok
test materializing_reconciles_a_bound_seats_prepared_intent ... ok
test legacy_consultation_reads::a_subjectless_settled_committee_remains_readable_without_rewriting_history ... ok
test message_delivery_proofs::legacy_message_proof_duplicate_split_across_pages_is_terminal_without_delivery ... ok
test message_delivery_proofs::legacy_message_proof_database_keeps_original_candidate_and_counts_immutable ... ok
test message_delivery_proofs::legacy_message_proof_candidate_rewrite_is_detected_before_confirmation ... ok
test message_delivery_proofs::legacy_message_proof_negative_or_incomplete_evidence_blocks_normal_delivery_replay ... ok
test message_delivery_proofs::legacy_message_proof_requires_real_prior_evidence_and_exact_binding ... ok
test message_delivery_proofs::legacy_message_proof_store_guards_identity_progress_and_stale_writers ... ok
test message_delivery_proofs::legacy_message_proof_failed_receipt_rolls_back_delivery_and_progress ... ok
test legacy_artifacts_do_not_advance_a_recovered_rejection_until_a_fresh_authoring_turn_settles ... ok
test no_response_or_stored_row_carries_a_secret_a_runtime_endpoint_or_a_transcript ... ok
test observing_a_current_turn_pages_a_long_session_and_resumes_from_its_anchor ... ok
test native_child_archive_requires_retirement_and_recovers_a_lost_acknowledgement ... ok
test observing_a_current_turn_fails_closed_on_every_unreadable_shape ... ok
test observing_a_never_read_session_recovers_its_epoch_once ... ok
test observing_a_long_never_read_transcript_costs_the_window_not_the_session ... ok
test materializing_refuses_a_prepared_intent_with_divergent_authority ... ok
test observing_accepts_a_window_that_begins_mid_session ... ok
test observing_refuses_a_current_turn_older_than_its_window ... ok
test observing_refuses_a_duplicate_that_straddles_the_resume_cursor ... ok
test observing_refuses_a_duplicate_whose_delivery_is_outside_the_window ... ok
test observing_refuses_a_tail_window_that_does_not_advance ... ok
test observing_trusts_only_a_message_this_realm_issued_to_this_session ... ok
test message_delivery_proofs::legacy_message_proof_lost_history_or_changed_epoch_keeps_its_original_checkpoint ... ok
test observing_refuses_a_forward_gap_anywhere_in_the_bounded_window ... ok
test message_delivery_proofs::legacy_message_proof_survives_restart_replays_and_long_history_without_dispatch ... ok
test partial_epic_admission_reuses_its_frozen_definition_after_default_changes ... ok
test one_apply_key_cannot_carry_two_different_hold_conditions ... ok
test open_question_commands_preserve_authority_history_and_completion_blockers ... ok
test periodic_scanner_reopens_done_completion_after_startup ... ok
test planning_pair::a_member_role_only_the_epics_selected_catalog_declares_is_frozen_from_it ... ok
test planning_pair::a_member_route_the_runtime_cannot_compose_freezes_nothing_and_names_its_provider ... ok
test planning_pair::a_member_role_outside_the_epics_selected_catalog_freezes_nothing ... ok
test planning_pair::a_durable_unqualified_member_survives_a_restart_without_a_second_create ... ok
test planning_pair::a_frozen_pairs_readiness_keeps_its_three_planes_apart_and_writes_nothing ... ok
test planning_pair::a_member_with_an_unobserved_correlation_is_kept_unqualified ... ok
test planning_pair::a_member_without_its_provenance_readback_is_kept_unqualified_and_never_relaunched ... ok
test planning_pair::a_member_with_an_unobserved_tool_restriction_is_kept_unqualified ... ok
test planning_pair::a_member_with_an_unobserved_route_is_kept_unqualified ... ok
test planning_pair::a_mistitled_member_seat_freezes_nothing ... ok
test planning_pair::a_member_without_a_member_surface_observation_is_kept_unqualified ... ok
test planning_pair::a_mismatched_catalog_pin_or_member_role_fails_closed_before_any_native_effect ... ok
test gate_rejection_recovery_refuses_wrong_task_gate_sequence_receipt_phase_target_and_revisions_without_writes ... ok
test planning_pair::a_pair_whose_two_routes_are_both_refused_names_only_the_first_blocker ... ok
test planning_pair::a_planning_pair_freezes_nothing_without_its_explicit_container_or_distinct_vendors ... ok
test planning_pair::a_mixed_or_unpersisted_roster_catalog_freezes_nothing ... ok
test planning_pair::a_planning_pair_releases_sealed_findings_to_its_caller_and_ends_in_a_disposition ... ok
test planning_pair::a_runtime_without_the_member_surface_is_a_capability_gap_with_no_effect ... ok
test planning_pair::a_resumed_invocation_interleaved_with_its_original_launches_nothing_twice ... ok
test a_second_daemon_on_one_state_root_fails_and_two_roots_are_two_realms has been running for over 60 seconds
test planning_pair::a_reopened_realm_restores_a_sealed_planning_pair_and_continues_it ... ok
test planning_pair::a_qualified_member_contributes_alone_sealed_and_the_pair_survives_requalification ... ok
test planning_pair::a_second_seat_readback_failure_keeps_the_first_member_bound_and_the_pair_materializing ... ok
test planning_pair::a_writable_selected_container_freezes_nothing ... ok
test planning_pair::a_withheld_route_or_a_misreported_create_never_requalifies ... ok
test planning_pair::a_recovery_asserts_the_exact_known_session_under_compare_and_swap ... ok
test planning_pair::concurrent_invocations_of_one_key_or_one_topic_admit_exactly_one_pair ... ok
test planning_pair::an_adverse_readback_withdraws_only_that_members_qualification_and_never_replaces ... ok
test planning_pair::eligibility::only_the_frozen_caller_recovers_exactly_as_before ... ok
test planning_pair::invoke_parity::every_invocation_outcome_answers_its_full_baseline_body ... ok
test planning_pair::invoke_parity::interrupted_and_unqualified_invocations_answer_their_full_baseline_bodies ... ok
test planning_pair::member_launches_carry_the_seats_current_generation_and_frozen_pins ... ok
test planning_pair::only_the_frozen_caller_and_members_hold_authority_and_a_retired_generation_never_replays ... ok
test planning_pair::eligibility::a_resumed_launch_refuses_each_context_drift_and_claims_the_baseline_hash ... ok
test planning_pair::intents::every_planning_pair_command_records_its_baseline_intent ... ok
test planning_pair::eligibility::the_caller_is_held_to_scope_seat_node_generation_and_role_exactly_as_before ... ok
test planning_pair::only_the_frozen_caller_recovers_and_a_retired_caller_never_replays ... ok
test planning_pair::planning_pair_commands_replay_exactly_and_refuse_reuse_staleness_and_duplicates ... ok
test gate_rejection_recovery_refuses_invalid_exact_bindings_but_accepts_an_absent_legacy_binding ... ok
test planning_pair::the_committee_seat_recovery_route_never_reaches_a_planning_pair_member ... ok
test planning_pair::recoveries_invocations_and_contributions_classify_atomically_at_their_barriers ... ok
test planning_pair::the_hypothetical_fake_reconciles_only_the_exact_known_member_native_in_place ... ok
test planning_pair::recovery::a_bound_member_withdraws_and_a_disposed_pair_refuses_exactly_as_before ... ok
test planning_pair::the_caller_requalifies_a_second_seat_on_its_same_native_and_the_replay_runs_the_pair ... ok
test profile_selection_refuses_same_identity_work_profile_byte_drift ... ok
test publishing_a_profile_creates_no_workspace_and_no_seat ... ok
test profile_selection_replay_precedes_category_resolution_and_never_replaces_twice ... ok
test publishing_a_document_the_validation_never_saw_is_refused ... ok
test provider_refresh::usage_endpoint_throttle_is_public_persisted_and_never_refreshes_quota_evidence ... ok
test planning_pair::the_opt_in_caller_profile_drives_a_pair_through_its_four_tools_and_grants_nothing ... ok
test publishing_under_a_stale_revision_writes_nothing ... ok
test planning_pair::recovery::every_recovery_refusal_answers_its_baseline_body ... ok
test quick_roles_are_the_ad_hoc_eligible_core_team_entries ... ok
test reapplying_an_identical_epic_returns_the_identical_graph_digest ... ok
test remediate_on_an_unstarted_completion_run_refuses_without_a_receipt ... ok
test reconcile_plan_refuses_to_call_a_placeholder_body_converged ... ok
test reapplying_the_identical_epic_writes_nothing_and_drift_is_refused ... ok
test refused_publications_carry_stable_codes_and_are_recorded ... ok
test planning_pair::two_requests_held_at_the_receipt_write_classify_one_created_and_one_unchanged ... ok
test quota_recovery_retry_reuses_the_linked_successor_after_launch_refusal ... ok
test replaying_a_profile_apply_publishes_once ... ok
test a_second_daemon_on_one_state_root_fails_and_two_roots_are_two_realms ... ok
test replaying_a_partial_admission_delivers_its_durable_follow_up ... ok
test replacing_one_slot_preserves_an_abandoned_parent_in_another_slot ... ok
test replaying_ticket_materialization_repairs_a_missing_epic_control_plane ... ok
test request_and_resident_jira_reconciliation_ignore_an_unrelated_connector_link ... ok
test resident_failed_epic_apply_emits_no_immediate_replay_wake ... ok
test replacement_bridges::trailing_abandoned_bridge_attempts_keep_the_bound_predecessor_named ... ok
test replacement_bridges::replacing_another_slot_hydrates_two_abandoned_bridges_without_rewriting_them ... ok
test resident_jira_conflict_replay_waits_for_the_bounded_backstop ... ok
test resolving_an_unchanged_held_task_conflict_allows_reconciliation_to_continue ... ok
test replaying_an_abandonment_closes_the_team_after_live_siblings_end ... ok
test resident_jira_controller_confirms_each_epic_route_hop_once_and_replays_without_effects ... ok
test experience_launch::configured_live_opt_in_refuses_without_an_explicit_transport_and_never_looks_up_alias ... ok
test resolving_a_task_context_tracks_approved_memory_and_returns_no_content ... ok
test scheduling_is_shut_until_reconciliation_finishes ... ok
test route_apply_threads_the_proved_placement_into_the_retirement ... ok
test same_key_materialization_repairs_the_calibrated_legacy_four_and_upgrade_censuses_them ... ok
test scheduler_launch_refuses_when_the_materialized_plane_disappears ... ok
test replacing_a_cancelled_seat_skips_an_operator_abandoned_unbound_successor ... ok
test route_apply_reproves_after_planning_before_retiring_the_live_predecessor ... ok
test route_preview_refuses_exact_container_drift_with_node_and_membership_preserved ... ok
test replacement_bridges::genuine_bound_fork_after_an_abandoned_bridge_still_refuses_preview ... ok
test scheduler_planning_only_inspects_exact_materialized_topology_and_preserves_its_digest ... ok
test replacement_bridges::cancelled_bound_run_through_abandoned_bridges_names_only_the_current_native ... ok
test seat_fill_leaves_an_already_bound_leaf_unchanged_without_an_owed_dispatch ... ok
test selection_corrections_are_pre_run_admin_decisions ... ok
test seat_fill_cannot_borrow_another_tasks_owed_slot ... ok
test seat_fill_refuses_a_slot_with_no_owed_dispatch ... ok
test seat_fill_refuses_a_drifted_task_revision ... ok
test seat_fill_quota_refusal_leaves_no_reservation_and_same_key_retry_converges ... ok
test seat_fill_refuses_a_terminal_team_run ... ok
test seat_fill_refuses_a_waived_slot_even_with_an_owed_dispatch ... ok
test seat_fill_refuses_an_undeclared_frozen_slot ... ok
test shutdown_shuts_scheduling_and_releases_the_state_root ... ok
test startup_reconciliation_reopens_done_completion_with_returned_work ... ok
test settling_a_never_bound_run_is_refused_as_an_unbound_role_slot ... ok
test session_label_repair_preserves_the_bound_identity_and_replays_once ... ok
test teams_catalog_drafts_and_immutable_revisions_share_one_realm_projection ... ok
test seat_claim_preview_and_apply_keep_both_independent_placement_proofs ... ok
test the_authority_tiers_are_enforced_per_route ... ok
test settling_a_bounded_turn_leaves_the_seat_live_and_the_run_open ... ok
test settling_a_bounded_turn_reads_only_the_claimed_current_window ... ok
test settling_a_bounded_turn_refuses_a_forged_current_window ... ok
test the_capacity_configuration_reports_the_operational_ceilings_and_guards_its_revision ... ok
test settling_a_run_takes_a_fresh_inspect_and_never_a_supplied_verdict ... ok
test the_catalog_resolves_a_known_code_and_refuses_an_unknown_one ... ok
test the_credential_file_is_owner_only ... ok
test the_feed_delivers_every_event_once_in_order_and_ids_are_positions ... ok
test the_contract_document_lists_every_application_route_and_no_unsafe_surface ... ok
test the_model_catalog_advertises_every_route_used_by_operational_seats ... ok
test the_feed_resumes_from_sqlite_after_the_process_is_rebuilt ... ok
test succeeding_one_slot_preserves_an_abandoned_parent_in_another_slot ... ok
test the_fleet_policy_is_published_and_activated_through_registered_operations ... ok
test the_mission_ceiling_counts_team_runs_and_not_the_seats_they_hold ... ok
test the_model_catalog_preserves_watchdog_route_and_effort_boundaries ... ok
test the_preview_reads_and_the_compact_command_requires_an_operator ... ok
test the_registry_key_matches_what_the_fake_issues ... ok
test the_closeout_receipts_carry_an_epic_to_done ... ok
test the_resident_reconciler_follows_a_same_issue_rename_through_the_connector ... ok
test the_resident_reconciler_refuses_a_key_that_now_answers_for_another_issue ... ok
test task_completion_refuses_caller_named_unproduced_artifacts ... ok
test the_artifact_condition_alone_withholds_a_follow_up_once_the_phase_is_met ... ok
test the_same_key_with_different_content_is_an_idempotency_conflict ... ok
test the_resident_reconciler_follows_a_same_issue_task_rename ... ok
test there_is_no_generic_command_route_behind_the_named_operations ... ok
test the_timeline_and_the_strict_after_stream_have_no_gap_or_duplicate ... ok
test the_two_bootstrap_ensures_honour_their_idempotency_key ... ok
test settlement_closes_the_team_and_unlocks_the_whole_epic_close_out ... ok
test typed_provider_probe_failures_call_once_each_and_write_nothing ... ok
test the_resident_reconciler_gives_no_effect_to_a_task_key_that_moved_issue ... ok
test ticket_reconciliation_is_a_typed_dry_run_that_names_its_plan ... ok
test ticket_materialization_retires_an_unrouted_legacy_tpm_without_creating_identity ... ok
test withdrawal_refuses_any_task_that_has_ever_had_a_team_run ... ok
test two_epics_in_one_project_keep_distinct_execution_scopes_across_replay_and_readback ... ok
test withdrawal_is_a_terminal_audited_scope_change_not_a_block_or_delete ... ok
test two_fresh_keys_converge_on_one_core_team_successor_and_one_transition ... ok
test the_next_turn_on_a_settled_slot_reuses_the_same_seat ... ok
test the_configured_capacity_and_not_a_compiled_one_decides_what_is_admitted ... ok
test two_targetless_handoffs_refuse_a_never_bound_replacement ... ok
test without_a_compliant_fleet_the_formal_committee_is_refused_before_any_effect ... ok
test the_shipped_startup_path_composes_the_configured_fleet ... ok

test result: ok. 570 passed; 0 failed; 1 ignored; 0 measured; 0 filtered out; finished in 100.18s

     Running tests/mcp_journey.rs (/Users/igor/.local/state/asma/epics/ASMA-8278/prepared-diagnostic-20261004-0029/cargo-target/debug/deps/mcp_journey-c23a04ab3389732e)

running 2 tests
test an_observer_seat_reads_the_realm_and_cannot_change_it ... ok
test an_empty_realm_is_bootstrapped_through_mcp_tools_alone ... ok

test result: ok. 2 passed; 0 failed; 0 ignored; 0 measured; 0 filtered out; finished in 5.01s

     Running tests/projection_rebuild.rs (/Users/igor/.local/state/asma/epics/ASMA-8278/prepared-diagnostic-20261004-0029/cargo-target/debug/deps/projection_rebuild-b2b8e933bd013cd0)

running 7 tests
test composed_adverse_qualification_cannot_activate_before_canary ... ok
test composed_http_success_local_exclusion_idempotent_replay_and_restart ... ok
test result_receipt_failure_rolls_back_activation_and_retry_commits_once ... ok
test stale_preview_is_refused_before_egress_and_inflight_ledger_change_conflicts ... ok
test concurrent_same_key_replays_once_and_distinct_keys_use_late_cas ... ok
test canary_failure_and_transport_failures_preserve_prior_active_pointer ... ok
test absent_and_disabled_composition_refuse_without_lookup_or_network ... ok

test result: ok. 7 passed; 0 failed; 0 ignored; 0 measured; 0 filtered out; finished in 4.39s

     Running tests/quota_observation.rs (/Users/igor/.local/state/asma/epics/ASMA-8278/prepared-diagnostic-20261004-0029/cargo-target/debug/deps/quota_observation-7c3878baa83fa557)

running 21 tests
test a_signal_naming_a_vendor_family_is_inert_for_an_alias_routed_account ... ok
test a_reset_that_is_not_in_the_future_records_a_blocking_unknown_instead ... ok
test a_credential_shaped_refusal_is_refused_before_it_is_ever_classified ... ok
test a_decision_reports_a_proposal_and_never_a_completed_write ... ok
test a_refusal_older_than_the_current_row_does_not_regress_it ... ok
test a_realm_with_no_signals_document_stays_inert ... ok
test a_delayed_inspection_dates_the_conclusion_by_the_item_not_the_read ... ok
test a_foreign_older_row_is_never_mistaken_for_our_own ... ok
test a_row_that_differs_is_never_accepted_as_already_recorded ... ok
test a_no_match_appends_no_provenance_and_moves_no_pointer ... ok
test an_exact_semantic_row_is_refreshed_by_a_new_runtime_observation ... ok
test an_ordinary_error_and_a_finished_seat_record_nothing ... ok
test a_vanished_account_is_a_no_op_and_not_an_error ... ok
test a_usage_limit_refusal_records_the_instant_the_vendor_stated ... ok
test a_wording_this_account_cannot_select_is_not_attributed_to_it ... ok
test an_ineligible_earlier_signal_cannot_mask_an_eligible_later_one ... ok
test identical_wording_records_the_alias_the_seat_actually_runs_on ... ok
test the_public_quota_projection_carries_the_exact_provenance ... ok
test an_identical_semantic_refusal_still_proposes_exact_provenance ... ok
test the_refusal_sentence_never_reaches_the_store ... ok
test the_same_limit_observed_three_times_refreshes_one_row ... ok

test result: ok. 21 passed; 0 failed; 0 ignored; 0 measured; 0 filtered out; finished in 3.27s

     Running tests/recovery_security.rs (/Users/igor/.local/state/asma/epics/ASMA-8278/prepared-diagnostic-20261004-0029/cargo-target/debug/deps/recovery_security-34fd4ba9084cc369)

running 6 tests
test a_log_line_carries_allowlisted_fields_only_and_never_a_credential ... ok
test a_failed_recovery_command_says_what_failed_without_saying_where_it_looked ... ok
test a_sensitive_span_field_is_redacted_on_the_failure_path_too ... ok
test rotation_refuses_every_previous_token_and_leaves_the_realm_alone ... ok
test an_operator_command_refuses_a_state_root_a_daemon_owns ... ok
test a_restored_realm_starts_with_scheduling_shut_until_it_reconciles ... ok

test result: ok. 6 passed; 0 failed; 0 ignored; 0 measured; 0 filtered out; finished in 11.40s

     Running tests/succession_handoff.rs (/Users/igor/.local/state/asma/epics/ASMA-8278/prepared-diagnostic-20261004-0029/cargo-target/debug/deps/succession_handoff-f216c0bd141f9ee1)

running 3 tests
test unavailable_production_transport_never_invents_a_summarizer_session ... ok
test transport_receives_only_redacted_messages_and_summary_readback_is_exact ... ok
test unavailable_timeline_or_route_and_rejected_summary_are_explicitly_degraded ... ok

test result: ok. 3 passed; 0 failed; 0 ignored; 0 measured; 0 filtered out; finished in 0.00s

     Running tests/synthetic_census_rehearsal.rs (/Users/igor/.local/state/asma/epics/ASMA-8278/prepared-diagnostic-20261004-0029/cargo-target/debug/deps/synthetic_census_rehearsal-3b5c29c17bd95d37)

running 1 test
test synthetic_55_cohort_current_57_snapshot_restore_conflict_history_and_replay ... ok

test result: ok. 1 passed; 0 failed; 0 ignored; 0 measured; 0 filtered out; finished in 2.59s

     Running unittests src/lib.rs (/Users/igor/.local/state/asma/epics/ASMA-8278/prepared-diagnostic-20261004-0029/cargo-target/debug/deps/kontor_fleet-045ae2ec3f064618)

running 36 tests
test tests::a_governed_slot_cannot_take_a_route_whose_rung_is_unstated ... ok
test tests::a_document_that_is_not_a_core_team_revision_builds_no_key ... ok
test tests::a_leadership_seat_must_carry_its_frozen_role ... ok
test tests::a_leadership_key_names_the_complete_pinned_revision ... ok
test tests::a_leadership_seat_must_occur_exactly_once ... ok
test tests::a_leadership_binding_is_never_resolved_from_text ... ok
test tests::a_requested_route_is_admitted_only_as_the_chain_offers_it ... ok
test tests::each_slot_is_judged_by_its_own_eligibility_and_an_unknown_vendor ... ok
test tests::a_policy_chooses_the_first_eligible_route_and_says_why_it_passed_the_rest ... ok
test tests::an_unknown_maker_cannot_evade_the_cap ... ok
test tests::every_direct_mode_rule_string_is_stable ... ok
test tests::constraints_hold_only_the_protocols_slots ... ok
test tests::a_verified_roster_and_a_slot_build_the_same_key_as_the_pinned_seat ... ok
test tests::an_eligibility_that_admits_nothing_is_the_defined_block ... ok
test tests::an_older_roster_revision_keeps_its_own_leadership_binding ... ok
test tests::every_successor_rule_string_is_stable ... ok
test tests::no_governed_slot_is_seated_below_rung_two ... ok
test tests::only_the_formal_independent_review_binding_names_the_protocol ... ok
test tests::reviewers_take_distinct_vendors_and_the_judge_is_unconstrained ... ok
test tests::the_cap_counts_the_judge_and_every_alias_and_blocks_whole ... ok
test tests::the_cap_is_searched_jointly_not_greedily ... ok
test tests::one_policy_resolves_leadership_delivery_and_consultation_with_provenance ... ok
test tests::equal_policy_bytes_resolve_identically ... ok
test tests::the_formal_review_seats_one_claude_and_moves_the_judge_to_rung_two ... ok
test tests::a_published_policy_carries_no_credential_path_or_email ... ok
test tests::the_search_backtracks_and_slot_order_breaks_the_tie ... ok
test tests::the_policy_explains_every_route_it_removed ... ok
test tests::only_the_activated_bytes_are_admitted ... ok
test tests::the_fleet_reader_does_not_read_the_successor ... ok
test tests::there_is_no_partial_allocation ... ok
test tests::equal_policy_bytes_and_eligibility_choose_identically ... ok
test tests::a_v1_document_reads_the_same_through_both_entry_points ... ok
test tests::the_successor_adds_no_section_or_field ... ok
test tests::every_leadership_spelling_other_than_the_pinned_revision_is_refused ... ok
test tests::a_v1_document_gains_no_successor_key_through_the_policy_reader ... ok
test tests::the_policy_reader_refuses_other_schema_versions ... ok

test result: ok. 36 passed; 0 failed; 0 ignored; 0 measured; 0 filtered out; finished in 0.01s

     Running unittests src/lib.rs (/Users/igor/.local/state/asma/epics/ASMA-8278/prepared-diagnostic-20261004-0029/cargo-target/debug/deps/kontor_fleet_activation-ffd69662c661690d)

running 20 tests
test tests::a_formal_review_with_no_admissible_judge_is_blocked_whole ... ok
test tests::a_malformed_or_mixed_record_fails_closed ... ok
test tests::a_joint_allocation_is_whole_or_blocked_with_every_reason ... ok
test tests::a_joint_allocation_resolves_every_slot_from_one_snapshot ... ok
test tests::a_planning_pair_member_with_an_unknown_vendor_is_not_placed ... ok
test tests::a_planning_pair_is_one_joint_allocation_on_two_actual_vendors ... ok
test tests::a_leadership_binding_the_activation_cannot_cover_fails_closed ... ok
test tests::a_joint_request_that_is_empty_repeated_or_unresolvable_fails_closed ... ok
test tests::a_manifest_pinning_another_role_catalog_fails_closed ... ok
test tests::every_rule_string_is_stable ... ok
test tests::the_formal_review_seats_one_claude_and_moves_the_judge_to_sol ... ok
test tests::a_v1_activation_resolves_delivery_and_never_leadership ... ok
test tests::a_planning_pair_missing_or_repeating_a_member_is_refused ... ok
test tests::a_canonical_artifact_of_the_wrong_kind_fails_closed ... ok
test tests::a_planning_pair_on_one_actual_vendor_is_blocked ... ok
test tests::a_missing_named_artifact_fails_closed ... ok
test tests::a_verified_v2_bundle_resolves_every_seat_class_from_one_policy ... ok
test tests::a_record_that_disagrees_with_its_manifest_fails_closed ... ok
test tests::a_rewritten_or_non_canonical_artifact_fails_closed ... ok
test tests::every_named_file_is_read_under_its_own_guard ... ok

test result: ok. 20 passed; 0 failed; 0 ignored; 0 measured; 0 filtered out; finished in 0.05s

     Running unittests src/lib.rs (/Users/igor/.local/state/asma/epics/ASMA-8278/prepared-diagnostic-20261004-0029/cargo-target/debug/deps/kontor_mcp-a2d0320fd0e92aff)

running 73 tests
test client::tests::both_legacy_and_generation_fenced_consultation_credentials_are_recognized ... ok
test capability::tests::the_admitted_token_reports_the_configured_tier_and_not_the_required_one ... ok
test client::tests::a_tier_is_named_or_refused_and_never_defaulted ... ok
test capability::tests::an_observer_gate_refuses_every_mutation_and_says_which_authority_was_wanted ... ok
test capability::tests::a_gate_admits_its_own_tier_and_everything_below_it ... ok
test client::tests::a_reply_reports_the_daemons_own_status_and_code_without_rewriting_them ... ok
test client::tests::tiers_are_ordered_by_policy_and_not_by_declaration ... ok
test client::tests::a_frame_is_assembled_only_at_a_block_boundary_and_data_free_blocks_are_dropped ... ok
test client::tests::the_credential_is_absent_from_debug_output ... ok
test dispatch::tests::a_legacy_epic_code_is_bounded_without_weakening_the_replacement ... ok
test dispatch::tests::a_malformed_identifier_is_refused_by_the_domains_own_parser ... ok
test dispatch::tests::a_malformed_key_never_reaches_the_daemon ... ok
test dispatch::tests::a_missing_required_property_is_refused_before_a_request_exists ... ok
test dispatch::tests::a_path_template_is_filled_from_validated_arguments ... ok
test client::tests::a_missing_or_unreadable_credential_file_is_a_local_failure_naming_the_path ... ok
test dispatch::tests::a_confirmed_key_fills_the_same_route_as_a_uuid ... ok
test client::tests::a_credential_file_yields_exactly_the_tier_that_was_asked_for ... ok
test dispatch::tests::a_guessed_nested_shape_is_refused_here_and_names_the_field ... ok
test dispatch::tests::a_streamed_read_bounds_itself_from_its_arguments_and_defaults_otherwise ... ok
test dispatch::tests::a_launch_intent_supersession_is_reachable_through_the_mcp_route ... ok
test dispatch::tests::a_missing_nested_field_is_refused_by_its_full_path ... ok
test dispatch::tests::a_subject_selector_takes_either_spelling_and_nothing_else ... ok
test client::tests::only_a_loopback_base_url_is_accepted ... ok
test dispatch::tests::a_write_without_its_idempotency_key_never_becomes_a_request ... ok
test dispatch::tests::a_value_of_the_wrong_shape_is_refused ... ok
test dispatch::tests::an_epic_backlog_code_is_validated_before_dispatch ... ok
test dispatch::tests::an_unknown_property_is_refused_rather_than_dropped ... ok
test dispatch::tests::an_optional_query_argument_is_absent_rather_than_empty_when_it_is_not_given ... ok
test dispatch::tests::arming_without_a_window_or_concurrency_still_becomes_a_request ... ok
test dispatch::tests::committee_permission_response_addresses_the_exact_seat_and_request ... ok
test dispatch::tests::committee_re_review_provenance_is_reachable_through_the_mcp_route ... ok
test dispatch::tests::exactly_one_tool_maps_the_launch_intent_supersession ... ok
test client::tests::an_endpoint_file_is_read_when_present_and_defaulted_when_absent ... ok
test dispatch::tests::frame_bounds_are_local_and_never_reach_the_wire ... ok
test dispatch::tests::settlement_builds_a_request_with_no_body_at_all ... ok
test dispatch::tests::correlation_challenge_preview_and_apply_route_exactly_once_through_the_generic_client ... ok
test dispatch::tests::the_idempotency_key_reaches_the_header_and_never_the_body ... ok
test dispatch::tests::the_declared_budget_shape_becomes_a_request ... ok
test registry::tests::a_selector_advertises_both_spellings_and_stays_a_string ... ok
test registry::tests::a_write_carries_an_idempotency_key_and_a_read_does_not ... ok
test registry::tests::every_profile_entry_names_a_registry_tool_at_or_below_operator ... ok
test registry::tests::live_seat_quota_projection_is_observer_read_only ... ok
test registry::tests::no_other_profile_serves_a_planning_pair_caller_write ... ok
test registry::tests::a_gate_waiver_demands_admin_and_an_ordinary_verdict_does_not ... ok
test registry::tests::only_a_streamed_read_declares_frame_bounds ... ok
test registry::tests::only_addressed_path_subjects_take_a_selector ... ok
test registry::tests::every_operation_is_exactly_one_route_or_exactly_one_local_handler ... ok
test registry::tests::seat_recovery_is_an_admin_resume_of_one_exact_predecessor ... ok
test registry::tests::settlement_accepts_no_caller_supplied_outcome ... ok
test registry::tests::every_tool_name_is_unique_and_every_route_is_mapped_once ... ok
test registry::tests::the_consultation_profile_is_the_exact_seat_surface ... ok
test registry::tests::the_allowlist_names_two_routes_no_tool_also_claims ... ok
test registry::tests::the_leadership_profile_is_the_exact_identity_bound_completion_surface ... ok
test registry::tests::the_member_recovery_is_an_operator_write_no_profile_serves ... ok
test registry::tests::the_planning_pair_caller_profile_is_the_exact_caller_surface ... ok
test registry::tests::seat_replacement_requires_the_exact_predecessor_revision_as_u64 ... ok
test registry::tests::the_planning_pair_member_profile_is_the_exact_member_surface ... ok
test registry::tests::the_worker_profile_includes_approved_memory_reads ... ok
test registry::tests::topology_draft_accepts_the_servers_canonical_uppercase_root_kind ... ok
test registry::tests::turn_correlation_recovery_is_an_exact_operator_preview_apply_pair ... ok
test server::tests::a_profile_never_widens_what_the_tier_allows ... ok
test registry::tests::every_tool_targets_a_v1_route_and_declares_its_path_arguments ... ok
test server::tests::the_consultation_profile_at_operator_serves_exactly_the_profile ... ok
test server::tests::the_consultation_profile_never_widens_observer_authority ... ok
test server::tests::the_instructions_name_the_authority_and_the_rules_callers_get_wrong ... ok
test server::tests::a_server_lists_only_what_its_authority_can_perform ... ok
test server::tests::a_declaration_carries_the_same_schema_the_dispatch_path_enforces ... ok
test server::tests::the_planning_pair_caller_profile_serves_its_four_tools_within_the_tier ... ok
test server::tests::the_planning_pair_member_profile_never_widens_observer_authority ... ok
test server::tests::the_worker_profile_at_operator_serves_exactly_the_profile ... ok
test server::tests::a_tool_excluded_by_the_profile_is_refused_at_call_time ... ok
test server::tests::a_refusal_says_that_nothing_was_dispatched ... ok
test server::tests::every_declared_schema_is_closed ... ok

test result: ok. 73 passed; 0 failed; 0 ignored; 0 measured; 0 filtered out; finished in 0.01s

     Running unittests src/main.rs (/Users/igor/.local/state/asma/epics/ASMA-8278/prepared-diagnostic-20261004-0029/cargo-target/debug/deps/kontor_mcp-f8fa73c9c30812c4)

running 9 tests
test tests::a_declared_profile_resolves ... ok
test consultation_guard::tests::the_member_guard_is_generated_from_the_one_closed_member_surface ... ok
test tests::the_caller_profile_is_selected_only_by_its_exact_name ... ok
test tests::an_unknown_profile_is_refused_and_the_valid_names_are_listed ... ok
test consultation_guard::tests::an_unknown_or_malformed_guard_profile_denies_every_tool ... ok
test consultation_guard::tests::the_omitted_and_the_explicit_consultation_profile_are_the_one_legacy_surface ... ok
test consultation_guard::tests::findings_are_allowed_but_writes_delegation_and_plan_approval_are_denied ... ok
test consultation_guard::tests::a_member_guard_permits_exactly_the_three_member_tools ... ok
test consultation_guard::tests::an_oversized_malformed_or_foreign_hook_request_is_denied ... ok

test result: ok. 9 passed; 0 failed; 0 ignored; 0 measured; 0 filtered out; finished in 0.01s

     Running tests/consultation_guard.rs (/Users/igor/.local/state/asma/epics/ASMA-8278/prepared-diagnostic-20261004-0029/cargo-target/debug/deps/consultation_guard-e64a59de63629fd4)

running 3 tests
test the_legacy_guard_binary_is_unchanged_and_grants_no_member_tool ... ok
test a_malformed_guard_binary_invocation_denies_and_still_exits_zero ... ok
test the_member_guard_binary_permits_only_the_member_surface ... ok

test result: ok. 3 passed; 0 failed; 0 ignored; 0 measured; 0 filtered out; finished in 0.92s

     Running tests/seats.rs (/Users/igor/.local/state/asma/epics/ASMA-8278/prepared-diagnostic-20261004-0029/cargo-target/debug/deps/seats-cce07b19a55d131b)

running 5 tests
test the_seat_flags_are_the_ones_the_binary_declares ... ok
test the_worker_seat_serves_the_worker_profile_and_the_others_serve_none ... ok
test each_seat_selects_exactly_the_tier_it_is_named_for ... ok
test only_the_lead_seat_is_admin_scoped ... ok
test no_seat_carries_a_secret_or_a_non_loopback_address ... ok

test result: ok. 5 passed; 0 failed; 0 ignored; 0 measured; 0 filtered out; finished in 0.00s

     Running unittests src/lib.rs (/Users/igor/.local/state/asma/epics/ASMA-8278/prepared-diagnostic-20261004-0029/cargo-target/debug/deps/kontor_memory_cognee-d0595c5bdf9d57c4)

running 0 tests

test result: ok. 0 passed; 0 failed; 0 ignored; 0 measured; 0 filtered out; finished in 0.00s

     Running tests/fixtures.rs (/Users/igor/.local/state/asma/epics/ASMA-8278/prepared-diagnostic-20261004-0029/cargo-target/debug/deps/fixtures-d0ffd9d1f549d1e7)

running 5 tests
test configuration_is_disabled_by_default_and_refusals_are_static ... ok
test add_cognify_canary_flow_projects_minimal_provider_payload_only ... ok
test authoritative_rehydration_rejects_leakage_and_never_trusts_cognee_text ... ok
test projection_failure_stops_each_phase_without_touching_active_pointer ... ok
test malformed_empty_foreign_timeout_and_http_failure_degrade_with_no_corpus_fallback ... ok

test result: ok. 5 passed; 0 failed; 0 ignored; 0 measured; 0 filtered out; finished in 13.76s

     Running unittests src/lib.rs (/Users/igor/.local/state/asma/epics/ASMA-8278/prepared-diagnostic-20261004-0029/cargo-target/debug/deps/kontor_runtime-463f118e75dbfb2a)

running 157 tests
test capability::tests::advisory_grade_may_read_but_not_drive ... ok
test capability::tests::limits_refuse_an_oversized_request ... ok
test capability::tests::the_registry_refuses_a_promoted_or_foreign_snapshot ... ok
test capability::tests::trust_rank_is_policy_not_declaration_order ... ok
test admission::tests::releasing_leaves_another_attempts_claim_alone ... ok
test admission::tests::a_launch_that_never_claimed_its_seat_records_no_session_in_it ... ok
test admission::tests::releasing_never_evicts_a_seat_that_holds_a_session ... ok
test admission::tests::a_reservation_in_another_seat_does_not_block_a_claim ... ok
test capability::tests::unsupported_capability_is_refused_before_trust_is_considered ... ok
test container::tests::a_projection_is_resolved_from_capabilities_and_never_from_a_kind_name ... ok
test container::tests::a_label_round_trips_through_the_node_it_names ... ok
test container::tests::a_child_requires_the_exact_native_parent_binding ... ok
test container::tests::a_native_container_id_cannot_be_read_as_a_kontor_identifier ... ok
test admission::tests::a_run_committed_in_one_seat_cannot_claim_another ... ok
test container::tests::an_incoherent_capability_set_is_refused_rather_than_guessed ... ok
test admission::tests::a_reservation_being_spent_cannot_be_claimed_a_second_time ... ok
test admission::tests::releasing_an_unclaimed_reservation_is_exact_and_never_releases_native_work ... ok
test container::tests::a_snapshot_whose_correlation_names_another_node_is_not_evidence ... ok
test container::tests::a_root_and_a_logical_node_refuse_a_parent ... ok
test observation::tests::a_broken_channel_never_closes_a_run ... ok
test observation::tests::a_forged_binding_is_not_evidence ... ok
test observation::tests::a_command_acknowledgement_never_closes_a_run ... ok
test observation::tests::an_observation_about_another_run_or_session_closes_nothing ... ok
test observation::tests::an_aged_observation_closes_nothing ... ok
test observation::tests::the_grade_comes_from_the_binding_not_from_the_caller ... ok
test observation::tests::only_an_allowed_grade_and_source_closes_a_run ... ok
test fake::retitle_seat_generation_tests::hosted_seat_inspection_distinguishes_live_archived_and_missing_without_effects ... ok
test fake::retitle_seat_generation_tests::hosted_message_replay_is_exact_native_scoped_and_survives_adapter_rebuild ... ok
test fake::retitle_seat_generation_tests::persisted_seat_generation_is_a_bound_and_future_generation_is_refused ... ok
test fake::retitle_seat_generation_tests::blocked_refusal_is_runtime_owned_and_inspected_with_exact_provenance ... ok
test planning_pair::application::tests::a_key_reused_for_another_consultation_refuses_before_any_freeze_or_launch ... ok
test planning_pair::application::tests::a_moved_document_refuses_before_the_caller_is_authorized ... ok
test planning_pair::application::tests::a_moved_epic_refuses_before_any_freeze ... ok
test planning_pair::application::tests::a_receipt_without_its_run_refuses ... ok
test planning_pair::application::commands::tests::a_fenced_recovering_caller_never_reaches_context_or_runtime ... ok
test planning_pair::application::tests::a_new_pair_freezes_only_after_the_epic_check ... ok
test planning_pair::application::tests::an_unauthorized_caller_never_reaches_the_intent_or_the_replay ... ok
test planning_pair::application::tests::a_route_the_runtime_cannot_compose_refuses_before_any_container_or_launch ... ok
test planning_pair::application::tests::an_exact_replay_is_authorized_first_and_answers_its_receipt_unchanged ... ok
test planning_pair::application::tests::a_running_pair_is_not_advanced_again ... ok
test planning_pair::application::tests::a_lost_advance_answers_the_winners_row_and_a_still_materializing_run_refuses ... ok
test planning_pair::application::tests::a_resumed_pair_with_both_members_bound_launches_nothing_and_classifies_its_receipt ... ok
test planning_pair::application::commands::tests::a_fenced_actor_never_reaches_replay_for_any_contribution_command ... ok
test planning_pair::application::commands::tests::each_exact_replay_is_authorized_and_never_reaches_revision_or_write ... ok
test planning_pair::attestation::owner_checks::tests::current_token_interval_can_narrow_but_never_bypass_signed_validity ... ok
test planning_pair::attestation::owner_checks::tests::current_binding_and_nonzero_occupancy_generation_must_match ... ok
test planning_pair::attestation::owner_checks::tests::matching_observations_return_unit_diagnostic_consistency_only ... ok
test planning_pair::attestation::owner_checks::tests::signed_token_expiry_between_verification_and_observation_is_refused ... ok
test planning_pair::attestation::owner_checks::tests::current_key_interval_is_inclusive_at_start_and_exclusive_at_end ... ok
test planning_pair::attestation::owner_checks::tests::every_current_scope_component_and_task_presence_must_match ... ok
test planning_pair::attestation::owner_checks::tests::key_and_token_revocation_after_verification_are_refused ... ok
test planning_pair::attestation::owner_checks::tests::selected_issuer_key_and_token_substitutions_are_refused ... ok
test planning_pair::attestation::owner_checks::tests::every_native_identity_component_and_positive_generation_must_match ... ok
test planning_pair::attestation::owner_checks::tests::the_current_requested_operation_must_be_signed ... ok
test planning_pair::attestation::owner_checks::tests::zero_older_and_newer_key_set_revisions_are_refused ... ok
test planning_pair::attestation::owner_checks::tests::active_seat_and_active_node_are_both_required ... ok
test planning_pair::attestation::prepared_diagnostic::tests::key_revocation_is_refused_by_existing_verifier ... ok
test planning_pair::attestation::prepared_diagnostic::tests::scopes_and_fixed_application_precede_absent_rows ... ok
test planning_pair::attestation::prepared_diagnostic::tests::projection_revisions_and_revocation_order_are_validated_before_commitments ... ok
test planning_pair::attestation::prepared_diagnostic::tests::selected_key_identity_and_immutable_registration_must_match_preparation ... ok
test planning_pair::attestation::prepared_diagnostic::tests::key_commitment_precedes_token_commitment_and_signature_precedes_final_metadata ... ok
test planning_pair::attestation::prepared_diagnostic::tests::selected_key_then_token_presence_precedes_bad_heads ... ok
test planning_pair::attestation::prepared_diagnostic::tests::consistency_returns_unit_with_historical_heads_and_no_current_provenance_claim ... ok
test planning_pair::attestation::prepared_diagnostic::tests::selected_der_and_utf8_identifier_bounds_precede_hashing ... ok
test planning_pair::attestation::prepared_diagnostic::tests::exact_original_payload_digest_precedes_revocation_and_verification ... ok
test planning_pair::attestation::prepared_diagnostic::tests::size_precedes_scope_absence_and_parsing ... ok
test planning_pair::attestation::snapshot_codec::tests::identifier_bounds_measure_utf8_bytes_for_both_issuer_and_key ... ok
test planning_pair::attestation::prepared_diagnostic::tests::token_revocation_precedes_interval_and_signature_checks ... ok
test planning_pair::attestation::snapshot_codec::tests::only_schema_version_one_is_accepted ... ok
test planning_pair::attestation::snapshot_codec::tests::roundtrip_preserves_public_fields_without_establishing_trust_or_der_validity ... ok
test planning_pair::attestation::prepared_diagnostic::tests::supplied_time_operation_policy_and_request_identity_use_existing_verifier ... ok
test planning_pair::attestation::prepared_diagnostic::tests::signed_metadata_matches_every_exact_prepared_field_after_verification ... ok
test planning_pair::attestation::snapshot_codec::tests::unknown_duplicate_missing_and_invalid_typed_fields_are_refused ... ok
test planning_pair::attestation::prepared_diagnostic::tests::invalid_or_uncontained_prepared_intervals_precede_verification ... ok
test planning_pair::attestation::snapshot_codec::tests::shared_snapshot_guards_refuse_encode_and_decode_without_divergence ... ok
test planning_pair::attestation::prepared_diagnostic::tests::signature_and_strict_payload_checks_are_delegated ... ok
test planning_pair::attestation::snapshot_codec::tests::input_ceiling_is_checked_before_parsing_and_exact_ceiling_is_accepted ... ok
test planning_pair::attestation::snapshot_codec::tests::key_and_der_count_boundaries_keep_maximum_output_below_ceiling ... ok
test planning_pair::attestation::tests::all_and_only_the_six_existing_command_names_are_supported ... ok
test planning_pair::attestation::tests::exact_bytes_signature_and_domain_are_required ... ok
test planning_pair::attestation::tests::bounds_are_checked_before_parsing_or_signature_verification ... ok
test planning_pair::attestation::tests::explicit_policy_audience_and_expected_generations_must_be_valid ... ok
test planning_pair::attestation::tests::seat_and_generation_must_match_exactly ... ok
test planning_pair::attestation::tests::audience_and_ungranted_operation_are_refused ... ok
test planning_pair::attestation::tests::token_interval_is_inclusive_at_start_exclusive_at_expiry_and_policy_bounded ... ok
test planning_pair::caller::tests::only_an_active_open_seat_is_a_caller ... ok
test planning_pair::caller::tests::only_the_current_hosted_generation_is_eligible ... ok
test planning_pair::caller::tests::only_the_frozen_caller_acts_for_the_pair ... ok
test planning_pair::caller::tests::the_scope_is_this_epic_or_one_of_its_tickets_as_the_document_permits ... ok
test planning_pair::attestation::tests::valid_signature_returns_only_claims_and_snapshot_revision ... ok
test planning_pair::attestation::tests::revoked_and_invalid_key_intervals_are_refused ... ok
test planning_pair::caller::tests::the_seat_node_is_this_epics_and_active_in_that_order ... ok
test planning_pair::attestation::tests::every_scope_component_must_match_exactly ... ok
test planning_pair::caller::tests::the_slot_or_catalog_role_is_an_allowed_caller_role_without_case ... ok
test planning_pair::context::tests::a_receipt_without_one_required_fact_names_no_provenance ... ok
test planning_pair::attestation::tests::malformed_claims_and_zero_generations_are_refused ... ok
test planning_pair::context::tests::the_epics_pinned_team_definition_is_the_frozen_one ... ok
test planning_pair::context::tests::the_build_refuses_an_invalid_catalog_then_a_missing_provenance ... ok
test planning_pair::context::tests::the_requested_provenance_is_read_from_the_frozen_receipt_per_slot ... ok
test planning_pair::intent::tests::a_clarification_is_the_baseline_document_in_request_order ... ok
test planning_pair::context::tests::a_member_is_held_to_its_frozen_run_pin_and_placement_in_order ... ok
test planning_pair::context::tests::the_member_container_runs_the_epics_pinned_topology ... ok
test planning_pair::intent::tests::a_disposition_is_the_baseline_document ... ok
test planning_pair::intent::tests::a_finding_and_an_answer_are_their_baseline_documents ... ok
test planning_pair::context::tests::the_context_is_built_from_exactly_the_facts_read ... ok
test planning_pair::recovery::tests::a_request_is_held_to_the_known_session_in_order ... ok
test planning_pair::recovery::tests::only_a_disposed_pair_refuses_a_recovery ... ok
test planning_pair::recovery::tests::the_known_session_is_the_bound_seats_and_else_its_claim ... ok
test planning_pair::intent::tests::an_invocation_is_the_baseline_document ... ok
test planning_pair::recovery::tests::a_session_without_a_known_conversation_takes_the_one_read_back ... ok
test planning_pair::attestation::tests::every_native_identity_component_must_match_exactly ... ok
test planning_pair::attestation::tests::snapshot_ambiguity_invalid_revision_and_key_bounds_are_refused ... ok
test planning_pair::recovery::tests::the_verified_claim_is_built_from_the_facts_read ... ok
test planning_pair::tests::a_policy_selection_alone_is_never_caller_or_member_readiness ... ok
test planning_pair::recovery::tests::the_runtime_answer_is_classified_as_before ... ok
test planning_pair::tests::a_reconcile_answer_is_the_same_native_and_never_a_created_one ... ok
test planning_pair::tests::a_reconcile_request_carries_no_credential ... ok
test planning_pair::intent::tests::a_recovery_is_the_baseline_document ... ok
test planning_pair::tests::a_fully_matched_hypothetical_pair_still_authorizes_nothing ... ok
test provenance::tests::the_record_shape_is_stable ... ok
test provenance::tests::only_a_read_back_equal_to_the_request_proves_it ... ok
test refusal::tests::a_sensitive_head_cannot_smuggle_its_secret_through_the_retained_tail ... ok
test planning_pair::tests::a_reconcile_request_names_one_exact_member ... ok
test refusal::tests::a_sensitive_tail_is_still_refused ... ok
test refusal::tests::an_absurdly_large_candidate_is_refused_rather_than_scanned ... ok
test refusal::tests::a_sentence_is_carried_verbatim_for_classification ... ok
test refusal::tests::empty_and_blank_text_is_not_a_refusal ... ok
test refusal::tests::debug_redacts_the_text_it_carries ... ok
test refusal::tests::the_same_sentence_digests_the_same_way ... ok
test refusal::tests::sensitive_material_is_refused_rather_than_carried ... ok
test request::tests::a_correlation_label_round_trips_through_its_text_form ... ok
test request::tests::a_message_id_rejects_a_non_v7_uuid ... ok
test request::tests::a_derived_message_id_is_stable_and_parses_as_one ... ok
test request::tests::a_key_that_is_already_a_message_id_parses_to_itself ... ok
test planning_pair::tests::a_route_answer_is_attributed_to_its_first_blocker_only ... ok
test request::tests::a_native_id_cannot_be_read_as_a_kontor_identifier ... ok
test refusal::tests::over_long_text_keeps_its_tail_where_a_refusal_lands ... ok
test request::tests::distinct_idempotency_keys_derive_distinct_message_ids ... ok
test scope::tests::a_ticket_scope_answers_with_the_ticket_it_was_given ... ok
test scope::tests::an_epic_is_recognized_by_id_and_not_by_its_rendered_name ... ok
test scope::tests::an_epic_level_scope_refuses_to_answer_a_ticket_question ... ok
test timeline::tests::a_cursor_from_another_binding_is_refused ... ok
test timeline::tests::a_gap_breaks_the_timeline_permanently ... ok
test workspace::tests::a_doubled_separator_is_still_refused ... ok
test timeline::tests::an_exact_replay_is_dropped_and_a_contradiction_is_refused ... ok
test timeline::tests::a_rewrite_of_an_older_position_is_refused_too ... ok
test timeline::tests::a_position_from_before_the_guard_started_is_dropped_not_judged ... ok
test workspace::tests::a_non_normal_spelling_is_refused_rather_than_resolved ... ok
test workspace::tests::a_native_workspace_id_cannot_be_read_as_a_kontor_identifier ... ok
test workspace::tests::a_task_workspace_is_never_the_runtime_root ... ok
test timeline::tests::a_validated_page_carries_no_duplicate_out ... ok
test workspace::tests::a_workspace_root_is_absolute_and_normalized ... ok
test planning_pair::tests::every_member_check_holds_a_readback_to_the_exact_known_session ... ok
test planning_pair::attestation::tests::unknown_duplicate_fields_and_invalid_ids_are_refused_without_defaults ... ok
test planning_pair::context::tests::the_frozen_hash_is_the_baseline_document_over_every_field ... ok
test planning_pair::attestation::prepared_diagnostic::tests::key_material_commitments_are_recomputed_from_selected_der ... ok
test planning_pair::attestation::tests::unknown_issuer_key_and_wrong_public_key_are_refused ... ok

test result: ok. 157 passed; 0 failed; 0 ignored; 0 measured; 0 filtered out; finished in 0.69s

     Running tests/binding_timeline.rs (/Users/igor/.local/state/asma/epics/ASMA-8278/prepared-diagnostic-20261004-0029/cargo-target/debug/deps/binding_timeline-89439823589b3f1b)

running 5 tests
test projection_refuses_contradictory_content_at_one_position ... ok
test projection_collapses_exact_replays_without_changing_coverage ... ok
test projection_refuses_zero_starting_positions_and_noncontiguous_ranges ... ok
test projection_refuses_foreign_bindings_generations_and_mixed_epochs ... ok
test projection_returns_only_messages_in_position_order_and_covers_the_source_range ... ok

test result: ok. 5 passed; 0 failed; 0 ignored; 0 measured; 0 filtered out; finished in 0.00s

     Running tests/bound_container_contract.rs (/Users/igor/.local/state/asma/epics/ASMA-8278/prepared-diagnostic-20261004-0029/cargo-target/debug/deps/bound_container_contract-a9e4829d6eb7f9d9)

running 7 tests
test the_shared_predicate_preserves_ticket_isolation_and_epic_consultation_worktrees ... ok
test the_fake_refuses_a_bound_id_it_does_not_hold ... ok
test a_bound_container_of_either_semantics_reconciles_by_exact_id ... ok
test the_fake_refuses_a_bound_id_that_does_not_match_what_it_holds ... ok
test the_container_semantics_come_from_the_durable_scope ... ok
test the_fake_refuses_a_ticket_container_that_is_not_a_worktree ... ok
test the_fake_accepts_epic_directories_and_consultation_worktrees ... ok

test result: ok. 7 passed; 0 failed; 0 ignored; 0 measured; 0 filtered out; finished in 0.00s

     Running tests/retitle_container.rs (/Users/igor/.local/state/asma/epics/ASMA-8278/prepared-diagnostic-20261004-0029/cargo-target/debug/deps/retitle_container-f0ed252f68ae51e0)

running 8 tests
test retitling_is_a_change_and_is_declared_as_one ... ok
test a_task_scoped_container_is_titled_from_the_planes_scope ... ok
test a_task_with_no_scope_on_this_plane_uses_the_supplied_title ... ok
test a_preview_answers_the_same_thing_and_changes_nothing ... ok
test a_runtime_that_does_not_declare_the_capability_refuses_by_name ... ok
test a_retitle_refuses_an_id_or_generation_it_did_not_bind ... ok
test a_retitle_keeps_the_identity_and_reports_what_it_read_back ... ok
test a_preview_refuses_what_an_apply_would_refuse ... ok

test result: ok. 8 passed; 0 failed; 0 ignored; 0 measured; 0 filtered out; finished in 0.00s

     Running unittests src/lib.rs (/Users/igor/.local/state/asma/epics/ASMA-8278/prepared-diagnostic-20261004-0029/cargo-target/debug/deps/kontor_runtime_ao-14216e4e37e8a5c6)

running 15 tests
test client::tests::a_post_is_the_only_verb_that_changes_the_runtime ... ok
test wire::tests::an_empty_or_unknown_permission_mode_normalizes_to_the_unsafe_default ... ok
test client::tests::a_non_2xx_from_something_other_than_ao_is_not_ao_refusing ... ok
test wire::tests::an_unverified_harness_is_not_this_lane_rather_than_a_parse_failure ... ok
test wire::tests::a_role_override_wins_field_by_field ... ok
test wire::tests::base64_length_is_computed_without_keeping_the_bytes ... ok
test wire::tests::a_degraded_project_cannot_pass_as_a_resolved_one ... ok
test client::tests::a_foreign_2xx_body_fails_typed_rather_than_defaulting ... ok
test wire::tests::an_unknown_activity_state_is_refused_rather_than_rounded_down ... ok
test client::tests::every_route_is_version_pinned_and_names_no_body ... ok
test wire::tests::source_control_status_is_never_execution_state ... ok
test client::tests::a_hostile_session_id_cannot_address_another_route ... ok
test client::tests::a_non_2xx_status_is_a_channel_fact_and_carries_no_body ... ok
test wire::tests::sse_frames_are_read_from_their_payload_not_their_header ... ok
test client::tests::an_endpoint_must_be_an_absolute_http_base ... ok

test result: ok. 15 passed; 0 failed; 0 ignored; 0 measured; 0 filtered out; finished in 0.00s

     Running tests/contract.rs (/Users/igor/.local/state/asma/epics/ASMA-8278/prepared-diagnostic-20261004-0029/cargo-target/debug/deps/contract-834393e655fd96f9)

running 62 tests
test a_blocked_session_never_accepts_an_automated_message ... ok
test a_flat_ao_inventory_neither_erases_nor_invents_a_parent_link ... ok
test a_foreign_session_enters_the_inbox_and_a_labelled_one_is_only_adoptable ... ok
test a_forged_or_foreign_binding_closes_nothing_through_the_registry ... ok
test a_binding_whose_seat_was_not_persisted_still_stops_its_run_launching_again ... ok
test a_degraded_or_relocated_project_cannot_authorize_a_launch ... ok
test a_checkpoint_taken_mid_launch_restores_a_seat_that_refuses_a_second_launch ... ok
test a_branch_that_is_not_this_runs_label_is_refused ... ok
test a_forged_binding_is_never_matched_by_reconciliation ... ok
test a_launch_claiming_another_directory_is_refused_before_dispatch ... ok
test a_launch_presenting_a_kontor_workspace_binding_is_refused_before_dispatch ... ok
test a_forged_binding_cannot_grant_itself_a_larger_message_limit ... ok
test a_forged_binding_is_refused_before_any_effect_on_every_bound_operation ... ok
test a_lost_launch_with_no_matching_branch_stays_unknown_rather_than_relaunching ... ok
test a_lost_follow_up_acknowledgement_is_never_sent_again ... ok
test a_persisted_change_is_keyed_by_generation_so_a_reset_cannot_collide ... ok
test a_project_envelope_about_another_project_cannot_clear_the_codex_guard ... ok
test a_refused_follow_up_leaves_the_identifier_usable ... ok
test a_refused_launch_hands_its_seat_back_so_a_fresh_attempt_can_be_admitted ... ok
test a_replayed_launch_request_creates_no_second_session ... ok
test a_lost_launch_acknowledgement_recovers_by_correlation_without_a_second_post ... ok
test a_restarted_adapter_still_refuses_a_second_session_in_an_occupied_seat ... ok
test a_launch_response_from_another_lane_is_refused_and_binds_nothing ... ok
test a_reset_change_log_starts_a_new_generation_and_invalidates_every_binding ... ok
test a_live_session_from_another_lane_is_refused_on_every_route_that_reads_one ... ok
test an_account_pinned_launch_is_refused_before_dispatch ... ok
test a_restore_or_resume_response_from_another_lane_is_refused ... ok
test a_retried_follow_up_replays_its_acknowledgement_and_posts_once ... ok
test a_send_not_ok_is_refused_without_burning_the_identifier ... ok
test ao_reconciles_no_planning_pair_member_and_makes_no_call ... ok
test an_ao_launch_reports_requested_fleet_provenance_as_unsupported ... ok
test ao_can_never_report_a_success_or_a_failure ... ok
test each_recorded_state_maps_exactly_as_the_plan_says ... ok
test an_oversized_follow_up_is_refused_before_dispatch ... ok
test an_approval_gated_codex_mode_proceeds ... ok
test an_acknowledgement_for_another_message_is_not_this_messages_receipt ... ok
test an_ao_restart_duplicates_no_session_event_or_message ... ok
test every_ao_change_is_validated_before_any_is_filtered_by_session ... ok
test an_exact_replay_is_dropped_and_a_contradiction_or_gap_is_reported ... ok
test codex_launch_restore_and_resume_agent_all_run_the_same_guard ... ok
test an_unsafe_codex_permission_mode_is_refused_before_any_mutating_call ... ok
test every_unsupported_operation_is_refused_before_the_daemon_is_called ... ok
test four_lanes_share_one_inventory_without_stealing_each_others_sessions ... ok
test no_mobile_plan_state_or_account_routing_model_exists_in_this_adapter ... ok
test recorded_mux_frames_parse_and_stay_out_of_the_semantic_contract ... ok
test no_mux_frame_becomes_a_runtime_event_or_a_message ... ok
test every_fixture_lane_passes_the_shared_adapter_contract ... ok
test every_replay_break_blocks_scheduling_by_invalidating_the_bindings ... ok
test only_a_fresh_inspect_of_an_explicit_termination_confirms_cancellation ... ok
test every_fixture_lane_passes_the_shared_session_content_contract ... ok
test one_run_cannot_own_two_live_sessions_even_in_two_seats ... ok
test the_agent_catalog_is_discovery_evidence_and_never_account_identity ... ok
test the_recorded_argv_proves_which_modes_bypass_approvals ... ok
test the_unsupported_table_and_the_declared_capabilities_cannot_disagree ... ok
test the_recorded_inventory_is_one_ao_envelope_including_harnesses_kontor_declines ... ok
test the_fixture_manifest_pins_its_provenance_and_carries_no_ambient_path ... ok
test two_sessions_on_one_correlation_branch_bind_nothing ... ok
test two_concurrent_launches_of_one_admitted_request_start_exactly_one_session ... ok
test two_concurrent_launches_of_one_run_into_two_seats_start_exactly_one_session ... ok
test resume_restores_only_a_terminated_session_and_never_relaunches_a_live_one ... ok
test every_fixture_lane_passes_the_shared_reconciliation_contract ... ok
test no_uncertain_observation_can_close_a_run ... ok

test result: ok. 62 passed; 0 failed; 0 ignored; 0 measured; 0 filtered out; finished in 0.01s

     Running tests/live.rs (/Users/igor/.local/state/asma/epics/ASMA-8278/prepared-diagnostic-20261004-0029/cargo-target/debug/deps/live-70f9f891a01db552)

running 4 tests
test live_smoke_launches_two_clients_concurrently ... ignored, requires a disposable AO daemon; see the module docs
test the_overlap_predicate_separates_concurrent_work_from_sequential_work ... ok
test the_rendezvous_makes_spawned_lanes_overlap ... ok
test a_sequential_driver_is_rejected_by_the_same_check ... ok

test result: ok. 3 passed; 0 failed; 1 ignored; 0 measured; 0 filtered out; finished in 0.08s

     Running unittests src/lib.rs (/Users/igor/.local/state/asma/epics/ASMA-8278/prepared-diagnostic-20261004-0029/cargo-target/debug/deps/kontor_runtime_codex-9856cf0dbb6c0a1c)

running 28 tests
test client::tests::a_live_transport_needs_positive_deadlines ... ok
test client::tests::a_flag_shaped_prompt_cannot_become_another_option ... ok
test client::tests::an_inherited_config_home_is_cleared_rather_than_left_alone ... ok
test usage::tests::a_vendor_percentage_out_of_range_is_clamped_rather_than_wrapped ... ok
test client::tests::a_prepared_command_reports_names_and_never_values ... ok
test client::tests::the_ledger_route_never_quotes_the_operators_work ... ok
test usage::tests::a_weekly_window_in_the_secondary_slot_is_still_a_weekly_window ... ok
test usage::tests::a_window_is_classified_by_its_span_and_not_by_the_slot_it_arrived_in ... ok
test usage::tests::a_window_without_a_structured_reset_is_dropped_and_fails_closed ... ok
test usage::tests::an_empty_payload_is_unknown_and_never_cannot_report ... ok
test usage::tests::consumption_is_rounded_up_so_a_threshold_is_never_crossed_unnoticed ... ok
test usage::tests::the_structured_instant_is_read_and_the_prose_spelling_is_also_accepted ... ok
test usage::tests::two_concurrent_windows_are_both_reported ... ok
test usage::tests::two_windows_of_one_kind_keep_only_one_reading ... ok
test wire::auto_compact_tests::an_unenforced_policy_emits_no_override ... ok
test wire::auto_compact_tests::each_class_maps_to_its_exact_codex_token_limit ... ok
test usage::tests::a_refusal_never_names_the_config_home_it_failed_on ... ok
test wire::auto_compact_tests::native_emits_no_context_override_at_all ... ok
test wire::auto_compact_tests::growth_after_prefix_maps_to_body_after_prefix ... ok
test wire::tests::an_unknown_frame_type_is_delivered_as_a_log_rather_than_refused_or_guessed ... ok
test wire::tests::a_marker_that_carries_anything_else_is_refused_rather_than_read ... ok
test wire::tests::frames_are_classified_into_content_kinds_and_never_into_permissions ... ok
test wire::tests::no_ending_can_spell_a_verdict ... ok
test wire::tests::a_malformed_or_oversized_frame_fails_typed_rather_than_being_dropped ... ok
test wire::tests::only_the_launch_acknowledgement_carries_a_session ... ok
test usage::tests::a_token_never_appears_in_debug_output ... ok
test usage::tests::a_token_is_read_from_the_accounts_own_home ... ok
test usage::tests::a_relative_home_and_a_malformed_credential_file_are_both_refused ... ok

test result: ok. 28 passed; 0 failed; 0 ignored; 0 measured; 0 filtered out; finished in 0.00s

     Running tests/contract.rs (/Users/igor/.local/state/asma/epics/ASMA-8278/prepared-diagnostic-20261004-0029/cargo-target/debug/deps/contract-af8ac7dd1cf2c008)

running 24 tests
test a_production_adapter_advertises_context_policy_but_not_compact ... ok
test a_launch_configures_codex_with_the_exact_auto_compaction_values ... ok
test a_codex_launch_reports_requested_fleet_provenance_as_unsupported ... ok
test a_cross_engine_handoff_prompt_launches_a_fresh_pinned_codex_run ... ok
test a_launch_proves_its_account_home_before_it_starts_a_process ... ok
test a_drifted_thread_is_failed_and_never_adopted_as_a_successor ... ok
test codex_reconciles_no_planning_pair_member_and_makes_no_call ... ok
test a_launch_outside_the_verified_worktree_never_starts_a_process ... ok
test an_unpinned_or_ambient_config_home_never_starts_a_process ... ok
test a_home_whose_marker_names_another_account_never_starts_a_process ... ok
test cancellation_addresses_the_bound_process_and_never_evidences_closure ... ok
test every_unsupported_operation_fails_typed_with_zero_dispatches ... ok
test no_debug_rendering_exposes_a_prompt_a_path_or_an_environment_value ... ok
test preparing_a_workspace_verifies_the_worktree_and_creates_nothing ... ok
test no_home_path_prompt_or_auth_canary_reaches_any_artefact ... ok
test an_account_refusal_stops_the_launch_before_any_process ... ok
test one_admitted_run_starts_one_process_however_often_it_is_replayed ... ok
test only_stdout_json_frames_become_session_content ... ok
test a_malformed_or_skipped_frame_breaks_the_stream_rather_than_passing_quietly ... ok
test the_capability_snapshot_is_frozen_and_states_what_it_can_prove ... ok
test the_shared_adapter_and_session_content_contracts_hold ... ok
test the_hermetic_app_server_confirms_only_an_unchanged_thread ... ok
test two_accounts_run_concurrently_under_their_own_homes ... ok
test no_process_ending_becomes_terminal_evidence ... ok

test result: ok. 24 passed; 0 failed; 0 ignored; 0 measured; 0 filtered out; finished in 0.01s

     Running tests/live.rs (/Users/igor/.local/state/asma/epics/ASMA-8278/prepared-diagnostic-20261004-0029/cargo-target/debug/deps/live-57e041ca2f999ff2)

running 1 test
test two_pinned_accounts_run_concurrently_and_neither_ending_closes_a_run ... ignored, requires two authenticated Codex accounts and a disposable worktree

test result: ok. 0 passed; 0 failed; 1 ignored; 0 measured; 0 filtered out; finished in 0.00s

     Running tests/usage_probe.rs (/Users/igor/.local/state/asma/epics/ASMA-8278/prepared-diagnostic-20261004-0029/cargo-target/debug/deps/usage_probe-a0e30c97fbf2117d)

running 5 tests
test the_default_endpoint_is_the_vendors_own ... ok
test a_body_in_an_unexpected_shape_is_refused_rather_than_read_as_no_windows ... ok
test a_refused_probe_is_a_transport_refusal_and_never_an_empty_payload ... ok
test the_probe_sends_the_accounts_own_token_as_a_bearer_header ... ok
test two_homes_are_probed_as_two_accounts ... ok

test result: ok. 5 passed; 0 failed; 0 ignored; 0 measured; 0 filtered out; finished in 0.01s

     Running unittests src/lib.rs (/Users/igor/.local/state/asma/epics/ASMA-8278/prepared-diagnostic-20261004-0029/cargo-target/debug/deps/kontor_runtime_paseo-cdd11d0934315013)

running 131 tests
test adapter::refusal_probe_tests::a_newer_tool_result_means_the_provider_item_is_not_terminal ... ok
test adapter::containment::containment_is_decided_on_whole_components_including_the_filesystem_root ... ok
test adapter::epoch_registry_tests::pending_does_not_discharge_the_obligation_it_reports ... ok
test adapter::refusal_probe_tests::an_empty_or_textless_terminal_item_is_inert ... ok
test adapter::epoch_registry_tests::a_known_raw_epoch_is_never_queued_a_second_time ... ok
test adapter::epoch_registry_tests::ack_keeps_what_it_was_not_told_about_in_allocation_order ... ok
test adapter::refusal_probe_tests::only_observed_provider_content_is_selected ... ok
test adapter::refusal_probe_tests::an_unobserved_turn_boundary_is_inert_rather_than_authoritative ... ok
test adapter::refusal_probe_tests::an_old_refusal_followed_by_a_new_successful_turn_does_not_classify ... ok
test adapter::refusal_probe_tests::an_item_too_large_to_scan_safely_is_refused_rather_than_trimmed ... ok
test adapter::refusal_probe_tests::a_collapsed_range_carries_its_whole_span_in_provenance ... ok
test adapter::refusal_probe_tests::a_terminal_provider_response_inside_an_observed_turn_is_selected ... ok
test adapter::refusal_probe_tests::a_sensitive_head_is_scanned_before_any_tail_is_taken ... ok
test adapter::governed_pin_tests::a_plane_declaring_one_alias_per_account_reports_an_account_environment ... ok
test adapter::governed_pin_tests::a_launch_that_returns_a_different_provider_alias_fails_correlation ... ok
test adapter::governed_pin_tests::a_plane_that_has_not_declared_the_pin_reports_no_account_environment ... ok
test adapter::refusal_probe_tests::text_is_never_joined_across_items ... ok
test adapter::refusal_probe_tests::provenance_binds_the_digest_to_one_run_and_generation ... ok
test adapter::refusal_probe_tests::provenance_binds_the_digest_to_the_exact_binding_and_native_session ... ok
test checkout::tests::a_task_catalog_checkout_binds_both_its_slug_and_branch_to_the_task_key ... ok
test checkout::tests::actual_catalog_branch_must_be_canonical_and_bound ... ok
test adapter::task_scope_tests::a_core_team_seat_accepts_the_exact_local_ecp_but_ticket_rules_do_not ... ok
test checkout::tests::a_task_scope_without_a_confirmed_task_key_cannot_be_treated_as_epic_level ... ok
test adapter::task_scope_tests::a_direct_adapter_refuses_a_non_kontor_epic_selector ... ok
test checkout::tests::an_epic_level_catalog_checkout_keeps_its_epic_or_task_binding ... ok
test checkout::tests::asma_catalog_path_is_recognized_by_its_exact_confirmed_key_slug ... ok
test checkout::tests::a_catalog_checkout_binds_its_slug_and_branch_to_one_shared_task_key ... ok
test adapter::task_scope_tests::only_an_explicitly_configured_owned_worktree_is_adopted ... ok
test adapter::task_scope_tests::one_epic_runtime_routes_each_task_to_its_own_worktree ... ok
test adapter::task_scope_tests::a_second_epics_seat_labels_keep_external_and_internal_project_identity_distinct ... ok
test client::tests::a_flag_shaped_identifier_cannot_become_another_option ... ok
test client::tests::a_codex_delivery_launch_uses_a_supported_provider_mode ... ok
test client::tests::a_daemon_refusal_carries_no_payload ... ok
test client::tests::a_leadership_seat_carries_the_destructive_floor ... ok
test client::tests::a_missing_caller_refusal_preserves_only_the_exact_actionable_identity ... ok
test client::tests::a_fleet_route_runs_cursor_and_opencode_consultations_in_plan_mode ... ok
test client::tests::a_non_zero_exit_is_a_channel_fact_and_reads_no_output ... ok
test client::tests::a_parent_agent_travels_in_the_environment_rather_than_a_flag ... ok
test client::tests::a_top_level_launch_carries_no_ambient_caller ... ok
test client::tests::a_prompt_is_the_trailing_positional_argument ... ok
test client::tests::a_leading_operator_notice_does_not_stop_the_json_being_read ... ok
test client::tests::an_answer_for_another_request_or_of_another_type_is_refused_rather_than_read ... ok
test client::tests::an_account_qualified_provider_resolves_its_harness_mode_and_keeps_its_own_id ... ok
test client::tests::an_agent_launch_carries_the_selected_route ... ok
test client::tests::a_live_transport_needs_an_executable_a_host_an_endpoint_and_a_client_id ... ok
test client::tests::an_rpc_error_is_a_refusal_rather_than_an_answer ... ok
test client::tests::a_live_transport_never_prints_its_host_target ... ok
test client::tests::cursor_consultation_is_refused_before_an_rpc_can_be_constructed ... ok
test client::tests::every_supported_provider_gets_an_explicit_unattended_mode ... ok
test client::tests::every_request_carries_its_type_and_correlation_id_in_the_session_envelope ... ok
test client::tests::every_lifecycle_command_is_json_and_carries_no_host ... ok
test client::tests::every_launch_declares_the_authority_it_runs_under ... ok
test client::tests::cursor_consultation_admits_only_the_exact_operator_accepted_recovery_route ... ok
test client::tests::consultation_routes_are_read_only_and_the_scoped_secret_crosses_only_the_session_frame ... ok
test client::tests::opencode_consultation_fallback_rejects_every_non_exact_route_or_provenance ... ok
test client::tests::hosted_leadership_launches_under_its_declared_autonomy ... ok
test client::tests::the_ledger_route_never_quotes_the_operators_work ... ok
test client::tests::only_writes_are_counted_as_mutations ... ok
test client::tests::the_hello_pins_protocol_and_app_version_as_separate_fields ... ok
test client::tests::the_delivery_create_matches_the_evidenced_create_envelope ... ok
test client::tests::opencode_deepseek_flash_max_consultation_fallback_is_constructible ... ok
test client::tests::the_reader_routes_answers_by_id_and_streams_by_agent ... ok
test mcp::tests::an_endpoint_this_adapter_does_not_recognize_is_refused ... ok
test mcp::tests::a_server_sent_answer_is_read_as_one_result ... ok
test mcp::tests::an_error_answer_is_never_read_as_success ... ok
test mcp::tests::an_mcp_endpoint_is_derived_from_the_session_endpoint ... ok
test posture::tests::an_account_alias_renders_like_its_harness ... ok
test posture::tests::a_broad_allowance_would_erase_the_floor_which_is_why_it_cannot_be_declared ... ok
test posture::tests::allowances_never_move_the_mode_or_the_feature ... ok
test posture::tests::an_allowance_can_only_flip_a_floor_key_never_add_one ... ok
test client::tests::a_binary_or_malformed_or_oversized_frame_decodes_to_nothing ... ok
test posture::tests::an_allowance_must_name_an_exact_floor_pattern ... ok
test posture::tests::an_allowance_relaxes_exactly_one_named_pattern ... ok
test posture::tests::an_advisory_seat_can_neither_run_a_shell_nor_edit ... ok
test posture::tests::an_allowance_cannot_weaken_an_advisory_seat ... ok
test posture::tests::an_exact_exception_flips_only_its_own_family_under_evaluation ... ok
test client::tests::hosted_leadership_mcp_has_exact_scope_and_keeps_credentials_out_of_config ... ok
test posture::tests::an_unknown_provider_is_refused ... ok
test posture::tests::ask_states_every_effectful_tool_and_keeps_reading_free ... ok
test posture::tests::autonomous_allows_everything_except_the_floor ... ok
test client::tests::timeline_replacement_is_not_evicted_by_later_content ... ok
test posture::tests::each_provider_spells_each_posture_natively ... ok
test posture::tests::every_published_pattern_is_denied_by_literal_name ... ok
test posture::tests::only_opencode_gets_a_written_block ... ok
test posture::tests::each_opencode_posture_still_renders ... ok
test posture::tests::the_delivery_gate_does_not_touch_other_providers ... ok
test posture::tests::plan_is_contained_by_the_block_not_by_the_mode ... ok
test posture::tests::opencode_renders_here_and_is_proved_at_the_launch_boundary ... ok
test posture::tests::the_destructive_floor_is_denied_under_every_writing_posture ... ok
test posture::tests::the_floor_is_exactly_the_five_published_patterns ... ok
test posture::tests::the_evaluator_model_agrees_with_the_extracted_semantics ... ok
test posture::tests::the_floor_wins_over_the_catch_all_under_evaluation ... ok
test client::tests::timeline_replacement_survives_overflow_and_coalesces_per_agent ... ok
test posture::tests::the_feature_intent_follows_the_providers_that_have_one ... ok
test client::tests::the_stream_queue_is_bounded ... ok
test client::tests::a_canonical_tool_output_over_one_megabyte_is_read_without_truncation ... ok
test seat_mcp::tests::a_non_git_cwd_is_refused ... ok
test seat_mcp::tests::a_disabled_or_foreign_seat_writes_nothing ... ok
test wire::tests::a_collapsed_or_split_range_is_a_gap_rather_than_one_event ... ok
test wire::tests::a_finished_notification_from_an_old_turn_is_not_current_turn_evidence ... ok
test wire::tests::a_label_census_is_exact_and_total ... ok
test wire::tests::a_millisecond_daemon_timestamp_is_accepted_as_it_arrived ... ok
test wire::tests::a_newer_daemon_clears_the_baseline_and_an_older_one_does_not ... ok
test wire::tests::a_page_cursor_is_followed_only_when_both_halves_agree ... ok
test wire::tests::a_page_declares_its_own_break ... ok
test wire::tests::a_paseo_09_projection_expands_to_one_entry_per_native_sequence ... ok
test wire::tests::a_permission_item_on_a_canonical_page_classifies_rather_than_logging ... ok
test seat_mcp::tests::an_opencode_seat_leaves_the_shared_worktree_untouched ... ok
test wire::tests::a_pre_release_does_not_clear_the_release_it_is_named_for ... ok
test wire::tests::a_stream_notification_is_never_numbered_as_content ... ok
test wire::tests::an_idle_or_finished_agent_is_a_seat_and_not_a_verdict ... ok
test wire::tests::an_unreadable_version_is_not_at_least_anything ... ok
test wire::tests::an_unknown_item_becomes_a_bounded_log_rather_than_disappearing ... ok
test wire::tests::expansion_is_clipped_to_the_window_and_reports_holes ... ok
test wire::tests::fleet_provenance_round_trips_through_exact_labels ... ok
test wire::tests::only_process_occupying_states_spend_concurrent_capacity ... ok
test wire::tests::canonical_message_proof_hashes_bind_native_content_without_disclosing_it ... ok
test wire::tests::only_the_client_message_id_addresses_a_kontor_message ... ok
test wire::tests::paseo_0_4_directory_cursor_names_are_backward_compatible ... ok
test wire::tests::retirement_is_the_archive_stamp_rather_than_a_status ... ok
test wire::tests::the_baseline_orders_versions_as_numbers_rather_than_text ... ok
test wire::tests::the_pinned_baseline_advertises_every_required_feature_and_neither_optional_one ... ok
test wire::tests::two_entries_claiming_one_sequence_are_a_conflict ... ok
test seat_mcp::tests::an_unparseable_existing_config_is_refused_rather_than_clobbered ... ok
test seat_mcp::tests::a_claude_account_alias_composes_the_same_seat_mcp_boundary ... ok
test seat_mcp::tests::merging_preserves_foreign_servers_and_unknown_settings ... ok
test seat_mcp::tests::composition_writes_the_files_and_none_of_them_dirty_the_worktree ... ok
test seat_mcp::tests::hosted_leadership_composition_selects_the_completion_profile ... ok
test seat_mcp::tests::composing_twice_appends_each_exclude_line_once ... ok
test seat_mcp::tests::consultation_guard_is_local_and_does_not_replace_other_hook_events ... ok
test client::tests::an_oversized_canonical_socket_answer_fails_without_waiting_for_timeout ... ok

test result: ok. 131 passed; 0 failed; 0 ignored; 0 measured; 0 filtered out; finished in 0.18s

     Running tests/contract.rs (/Users/igor/.local/state/asma/epics/ASMA-8278/prepared-diagnostic-20261004-0029/cargo-target/debug/deps/contract-f726f389d74477c1)

running 298 tests
test a_child_without_its_parent_binding_never_falls_back_to_a_new_project ... ok
test a_bound_container_re_rooted_since_binding_is_stale ... ok
test a_bound_container_outside_its_exact_parent_is_stale ... ok
test a_bound_container_whose_title_drifted_is_still_the_same_container ... ok
test a_bound_tsw_container_is_reconciled_by_exact_id_after_a_restart ... ok
test a_child_that_names_no_task_keeps_the_structural_name ... ok
test a_bound_ecp_container_is_reconciled_by_exact_id_after_a_restart ... ok
test a_bound_epic_container_refuses_unaudited_shapes ... ok
test a_configured_root_is_adopted_by_exact_id_and_never_created ... ok
test a_complete_inspection_rehydrates_the_ledger_from_its_proof ... ok
test a_container_created_outside_the_bound_parent_is_refused ... ok
test a_bind_failure_after_a_created_seat_stays_unresolved ... ok
test a_bound_tsw_container_refuses_every_non_worktree_shape ... ok
test a_container_is_keyed_by_topology_node_and_not_by_team_run ... ok
test a_dynamic_task_uses_its_durable_scope_without_a_static_task_entry ... ok
test a_differently_titled_workspace_at_the_canonical_path_blocks_creation ... ok
test a_contradicting_durable_epoch_mapping_is_refused ... ok
test a_fresh_native_root_is_canonicalized_before_binding ... ok
test a_false_applied_acknowledgement_refuses_and_compensates ... ok
test a_fresh_adapter_reconciles_a_hosted_wake_from_canonical_history ... ok
test a_fresh_native_root_refuses_a_stale_title_readback ... ok
test a_consultation_launch_writes_and_reads_back_its_fleet_provenance ... ok
test a_fresh_native_root_requires_project_rename_before_creation ... ok
test a_chunk_carried_under_another_message_id_is_not_one_answer ... ok
test a_logical_only_node_is_never_given_a_native_container ... ok
test a_fenced_historical_hosted_native_does_not_block_its_successor ... ok
test a_chunked_assistant_answer_coalesces_into_one_terminal_confirmation ... ok
test a_lost_acknowledgement_adopts_the_container_it_already_made ... ok
test a_hosted_core_team_seat_launches_in_the_exact_local_ecp ... ok
test a_hosted_claim_refuses_a_moved_claimant_with_a_valid_ecp ... ok
test a_lost_archive_acknowledgement_over_a_live_seat_stays_unresolved ... ok
test a_lost_archive_acknowledgement_still_reads_the_seat_back ... ok
test a_leadership_seat_launches_and_reads_back_the_autonomy_it_was_given ... ok
test a_lost_create_answer_with_no_match_keeps_the_claim ... ok
test a_missing_exact_bound_id_is_stale_and_creates_nothing ... ok
test a_native_project_retitle_refuses_without_treating_the_project_as_a_workspace ... ok
test a_lost_create_answer_adopts_the_one_agent_it_made ... ok
test a_native_project_retitle_uses_project_rename_and_preserves_identity ... ok
test a_matching_agent_without_its_first_turn_is_not_adopted ... ok
test a_delivery_launch_reads_its_fleet_provenance_back_from_the_agent ... ok
test a_nonmatching_alias_at_the_canonical_path_blocks_duplication ... ok
test a_plane_with_no_facade_route_refuses_to_retitle_and_reaches_nothing ... ok
test a_preview_reports_the_correction_without_making_it ... ok
test a_missing_applied_acknowledgement_refuses_and_compensates ... ok
test a_rename_the_daemon_did_not_perform_is_never_reported_as_done ... ok
test a_refused_inspection_never_rehydrates_the_ledger ... ok
test a_required_policy_cannot_be_frozen_for_a_seat_this_daemon_runs ... ok
test a_null_id_timeline_correlates_only_one_new_server_challenge ... ok
test a_reconciled_match_already_bound_is_refused ... ok
test a_renumbered_timeline_refuses_rather_than_stitching_pages ... ok
test a_restart_reconciles_by_the_stored_native_id ... ok
test a_retitle_reads_the_persisted_parent_project_after_restart ... ok
test a_retitle_refuses_a_generation_this_plane_has_not_reached ... ok
test a_retitle_of_an_already_correct_container_changes_nothing ... ok
test a_retitle_refuses_a_native_id_the_bound_project_does_not_hold ... ok
test a_partial_chunked_answer_is_refused ... ok
test a_root_that_names_no_directory_is_refused_without_a_shared_checkout_fallback ... ok
test a_retitle_renames_the_bound_workspace_and_reads_the_title_back ... ok
test a_reported_create_failure_keeps_the_claim_and_censuses ... ok
test a_stored_container_is_reconciled_by_id_after_title_drift ... ok
test a_task_scoped_child_uses_the_caller_rendered_title_without_a_node_id ... ok
test a_sibling_workspace_title_does_not_block_an_exact_hosted_seat_claim ... ok
test a_tail_window_joins_contiguous_pages ... ok
test a_tail_window_refuses_pages_that_do_not_join ... ok
test a_warm_ledger_never_answers_for_a_container_that_moved ... ok
test a_repeated_whole_answer_is_refused ... ok
test a_warm_ledger_never_answers_for_a_container_that_vanished ... ok
test adoption_only_launch_binds_exactly_one_existing_native_without_an_effect ... ok
test adoption_preserves_the_native_identity ... ok
test adoption_without_an_authorized_intent_touches_nothing ... ok
test an_archived_hosted_seat_replays_before_live_permission_mode_validation ... ok
test adoption_refuses_a_session_that_already_belongs_to_a_run ... ok
test adoption_refuses_a_readback_whose_identity_changed ... ok
test an_epic_consultation_worktree_reconciles_and_inspects_after_restart ... ok
test an_exact_id_inspection_writes_nothing_either_way ... ok
test a_whole_answer_that_is_not_terminal_is_refused ... ok
test an_exact_id_inspection_refuses_a_foreign_host_kind_or_generation ... ok
test an_exact_idle_hosted_seat_can_be_retired_once_with_evidence_preserved ... ok
test adoption_only_launch_refuses_a_second_live_native_in_the_same_slot ... ok
test an_attached_hosted_seat_with_no_provider_thread_recovers_in_place ... ok
test an_existing_session_claim_preserves_identity_and_releases_duplicate_titles ... ok
test an_incomplete_census_quarantines_rather_than_concluding ... ok
test adoption_only_launch_refuses_every_non_exact_census_without_an_effect ... ok
test an_undeclared_capability_reaches_no_paseo_surface ... ok
test an_invalid_created_native_is_archived_and_read_back ... ok
test an_opencode_delivery_is_one_create_and_one_binding ... ok
test an_unbound_request_is_never_adopted_from_the_adapters_own_memory ... ok
test an_unconfirmed_compensation_refuses_recoverably ... ok
test an_unfetchable_compensating_readback_stays_unresolved ... ok
test an_unresolved_create_reconciles_and_keeps_the_claim ... ok
test an_unfinished_timeline_scan_refuses_rather_than_concluding ... ok
test an_unresolved_create_adopts_only_through_the_census_and_the_turn_proof ... ok
test an_undrained_epoch_allocation_does_not_survive_the_process ... ok
test a_member_launch_with_a_missing_or_conflicting_context_is_refused_before_any_plane_call ... ok
test committee_permission_is_bound_to_the_exact_run_seat_and_native ... ok
test capacity_counts_active_processes_not_persistent_idle_seats ... ok
test best_effort_compaction_is_reported_not_enforced_and_mutates_nothing ... ok
test completed_consultation_release_checks_identity_and_replays_after_lost_confirmation ... ok
test compaction_is_reported_unsupported_and_never_simulated ... ok
test container_inspection_never_resolves_a_matching_title_or_cwd ... ok
test chunks_interrupted_by_other_content_are_not_one_answer ... ok
test container_recreation_adopts_its_own_lost_creation_instead_of_building_twice ... ok
test container_recreation_creates_exactly_one_native_when_the_path_is_vacant ... ok
test container_recreation_refuses_a_created_native_it_cannot_read_back_in_the_exact_parent ... ok
test container_recreation_preview_never_mutates ... ok
test container_recreation_refuses_live_native_ambiguity_and_title_drift ... ok
test container_recreation_refuses_a_live_persisted_native_parked_at_another_path ... ok
test container_recreation_refuses_non_worktree_ticket_readback ... ok
test archived_predecessor_proof_is_read_only_and_rejects_ambiguous_recovery ... ok
test consultation_recovery_retires_legacy_modes_but_refuses_another_route ... ok
test continuity_a_checkpoint_from_another_host_or_generation_is_refused ... ok
test container_recovery_and_lost_creation_adoption_validate_subject_kind ... ok
test continuity_a_live_binding_whose_workspace_still_exists_needs_its_placement ... ok
test continuity_a_live_seat_whose_workspace_owner_is_gone_restores_readback_only ... ok
test continuity_a_readback_only_seat_refuses_every_driving_operation ... ok
test continuity_a_restored_seat_refuses_a_second_launch ... ok
test continuity_a_restore_reads_the_workspace_census_once_however_many_claims ... ok
test continuity_a_retired_workspace_never_restores_another_identity ... ok
test continuity_a_wrong_parent_refuses_the_launch ... ok
test continuity_an_archived_binding_restores_after_its_workspace_is_retired ... ok
test continuity_an_unreadable_census_fails_the_whole_restore ... ok
test continuity_an_absent_census_alone_is_not_a_retired_owner ... ok
test continuity_an_archived_binding_restores_for_terminal_inspection ... ok
test continuity_an_observation_states_whether_the_seat_can_be_driven ... ok
test exact_container_inspection_preserves_raw_uuid_titles_and_native_identity ... ok
test duplicate_canonical_titles_and_paths_block_creation ... ok
test continuity_an_unfrozen_legacy_binding_recovers_only_by_exact_native_readback ... ok
test continuity_top_level_ownership_and_predecessor_survive_a_restart ... ok
test freshness_a_degraded_daemon_is_observed_but_never_driven ... ok
test exact_container_inspection_rehydrates_launch_placement_after_restart ... ok
test freshness_a_missing_session_is_lost_contact_and_never_terminal ... ok
test freshness_a_retired_session_cannot_be_resumed ... ok
test extra_bytes_inside_the_group_are_refused ... ok
test freshness_a_refused_or_misaddressed_stop_is_not_a_stop ... ok
test freshness_a_stopped_agent_is_reloaded_and_keeps_its_identity ... ok
test freshness_an_archive_that_is_not_observed_evidences_nothing ... ok
test hierarchy_an_archived_agent_leaves_its_slot_vacant ... ok
test freshness_only_a_fresh_archived_readback_is_terminal_evidence ... ok
test hierarchy_reuses_one_epic_project_across_two_task_worktrees ... ok
test freshness_idle_and_finished_agents_stay_resumable_seats ... ok
test hierarchy_is_one_project_one_workspace_one_agent_per_slot ... ok
test hierarchy_role_slot_reconciliation_reuses_an_idle_seat_and_materializes_a_missing_one ... ok
test hierarchy_two_live_agents_in_one_slot_block_rather_than_pick_one ... ok
test hosted_seat_inspection_reports_a_missing_exact_native_without_mutation ... ok
test hosted_seat_inspection_reports_an_exact_hidden_archive_without_mutation ... ok
test hosted_seat_retirement_replays_when_exact_fetch_hides_the_archive ... ok
test hosted_cleanup_refuses_running_or_moved_sessions_before_native_retirement ... ok
test inspection_refuses_changed_child_cwd_before_rehydrating_either_ledger ... ok
test hosted_leadership_writes_and_reads_back_its_fleet_provenance ... ok
test inspection_refuses_changed_root_cwd_before_rehydrating_either_ledger ... ok
test inspection_refuses_inapplicable_workspace_shapes_before_rehydration ... ok
test hosted_leadership_injects_scoped_mcp_through_the_actual_launch ... ok
test issuance_suffix_an_early_history_end_does_not_prove_absence ... ok
test issuance_suffix_changed_epoch_refuses_even_when_the_message_is_visible ... ok
test issuance_suffix_a_hole_inside_the_boundary_page_is_not_a_complete_proof ... ok
test an_oversized_hosted_history_is_reconciled_through_smaller_reads_without_resending ... ok
test issuance_suffix_an_unrelated_message_is_not_adopted_as_delivery ... ok
test issuance_suffix_excludes_preissuance_occurrences_in_the_boundary_page ... ok
test every_real_route_reads_as_a_route_refusal_in_the_readiness_seam ... ok
test lost_launch_ack_binds_the_one_correlated_agent_without_a_second_run ... ok
test lost_launch_ack_retry_adopts_the_exact_existing_agent_without_relaunching ... ok
test lost_launch_ack_with_two_matches_diverges ... ok
test lost_launch_ack_with_no_match_stays_unknown_rather_than_relaunching ... ok
test message_a_changed_body_under_one_id_is_rejected ... ok
test message_a_confirmation_read_that_cannot_answer_is_unconfirmed_delivery ... ok
test issuance_suffix_duplicate_is_refused_without_a_send ... ok
test message_a_history_read_keeps_confirmation_unknown_until_a_complete_proof ... ok
test message_a_lost_ack_is_reconciled_rather_than_resent ... ok
test message_a_lost_ack_under_a_renumbered_epoch_is_a_break_not_a_fresh_epoch ... ok
test message_a_renumbering_between_two_pages_of_one_scan_is_a_break ... ok
test message_a_lost_ack_older_than_the_tail_page_is_reconciled_backwards ... ok
test message_a_scan_pins_the_epoch_for_every_later_reconciliation ... ok
test message_delivery_epoch_survives_restart_and_interleaved_allocation ... ok
test message_only_the_echoed_client_id_positions_the_kontor_message ... ok
test issuance_suffix_a_hole_between_pages_is_not_a_complete_proof ... ok
test message_restart_replays_the_original_ack_without_a_second_send ... ok
test message_same_id_yields_one_native_message_and_one_ack ... ok
test native_child_archive_confirms_absence_and_replays_after_a_lost_ack ... ok
test native_child_archive_does_not_trust_a_successful_ack_without_absence ... ok
test message_two_native_entries_for_one_id_are_divergence ... ok
test native_child_archive_rejects_incomplete_censuses_and_adopted_targets ... ok
test native_root_removal_does_not_trust_an_ack_without_absence ... ok
test native_child_archive_refuses_unsafe_targets_before_any_mutation ... ok
test native_root_removal_refuses_a_live_session_under_the_filesystem_root ... ok
test native_root_removal_proves_absence_and_replays_after_a_lost_ack ... ok
test native_root_removal_refuses_unsafe_targets_before_any_mutation ... ok
test a_long_session_acknowledges_from_a_bounded_suffix ... ok
test permission_a_resolution_paseo_reports_is_never_answered_a_second_time ... ok
test permission_an_acknowledgement_for_another_agent_is_refused ... ok
test permission_an_open_request_survives_a_restart_and_is_answered_once ... ok
test permission_an_unknown_request_is_refused_before_dispatch ... ok
test permission_an_unknown_delivery_is_reconciled_not_resent ... ok
test permission_response_is_session_bound_and_idempotent ... ok
test permission_survives_a_restart_as_the_same_acknowledgement ... ok
test placement_a_labelled_agent_outside_the_workspace_blocks_the_slot ... ok
test issuance_suffix_first_send_and_fresh_adapter_replay_keep_one_native_message ... ok
test placement_a_reregistered_workspace_is_not_reused_under_its_old_id ... ok
test placement_a_moved_session_is_driven_no_further ... ok
test placement_adoption_reproves_the_workspace_before_it_writes_a_label ... ok
test prelaunch_adopts_only_the_exact_configured_paseo_worktree ... ok
test placement_a_workspace_that_stopped_being_the_task_worktree_stops_the_turn ... ok
test prelaunch_refuses_a_canonical_cwd_mismatch ... ok
test prelaunch_refuses_a_paseo_provisioned_worktree ... ok
test prelaunch_refuses_a_duplicate_active_role_slot ... ok
test prelaunch_refuses_a_permission_mode_the_readback_did_not_apply ... ok
test prelaunch_refuses_a_root_or_plain_local_workspace ... ok
test prelaunch_refuses_a_workspace_with_no_id ... ok
test prelaunch_refuses_a_workspace_binding_this_runtime_did_not_prepare ... ok
test prelaunch_refuses_a_route_the_readback_did_not_apply ... ok
test prelaunch_refuses_an_effort_the_readback_did_not_apply ... ok
test message_an_incomplete_confirmation_scan_never_authorizes_a_resend ... ok
test prelaunch_trusts_no_cli_answer_without_a_protocol_readback ... ok
test prelaunch_refuses_an_agent_the_readback_places_elsewhere ... ok
test preparation_adds_one_project_and_reads_it_back_by_exact_id ... ok
test message_a_history_page_cannot_hide_a_duplicate_outside_that_page ... ok
test every_real_planning_pair_member_route_is_refused_before_any_effect ... ok
test paseo_reconciles_no_planning_pair_member_native_and_refuses_before_any_effect ... ok
test preparation_is_idempotent_and_creates_nothing_on_replay ... ok
test a_claude_launch_in_the_same_worktree_still_reaches_the_native_effect ... ok
test an_opencode_delivery_launch_is_refused_with_no_native_effect ... ok
test issuance_suffix_partial_absence_never_authorizes_a_send ... ok
test preparation_refuses_a_second_root_for_one_team_run ... ok
test preparation_cannot_mint_a_branch_for_a_scope_without_a_confirmed_key ... ok
test preparation_refuses_a_workspace_readback_from_another_project ... ok
test preparation_adopts_an_existing_branch_whatever_it_was_named ... ok
test preparation_accepts_the_epic_key_as_the_default_branch_identity ... ok
test preparation_refuses_an_absent_catalog_module_worktree ... ok
test preparation_refuses_duplicate_canonical_workspace_aliases ... ok
test preparation_creates_an_absent_declared_git_worktree_before_registering_it ... ok
test preparation_refuses_a_foreign_repository_inside_the_catalog_worktree_directory ... ok
test preparation_refuses_two_projects_carrying_one_epic_name ... ok
test preparation_replays_the_original_ids_after_a_restart_with_zero_creates ... ok
test preparation_reports_rename_pending_and_writes_nothing ... ok
test preparation_reuses_an_existing_workspace_without_creating_one ... ok
test preparation_survives_a_lost_create_ack_without_a_second_create ... ok
test project_retitle_is_granted_by_the_floor_without_the_missing_feature_flag ... ok
test provider_outage_refuses_before_launch_instead_of_waking_the_seat ... ok
test provider_outage_retires_only_the_exact_idle_provider_seat ... ok
test role_slot_a_same_slot_race_yields_one_permit_and_one_agent ... ok
test role_slot_same_role_needs_distinct_slots_to_run_in_parallel ... ok
test seat_retitle_accepts_an_older_persisted_generation_and_refuses_a_future_one ... ok
test seat_retitle_classifies_an_exact_archived_native_agent_as_stale ... ok
test seat_retitle_classifies_an_exact_missing_native_agent_as_stale ... ok
test security_a_daemon_off_the_pinned_baseline_is_observed_not_driven ... ok
test security_a_newer_daemon_is_driven_at_full_capability ... ok
test preparation_accepts_a_catalog_checkout_on_the_configured_task_key ... ok
test security_declared_permissions_without_workspace_read_expose_nothing ... ok
test security_declared_read_only_daemon_permissions_expose_only_reads ... ok
test security_every_lifecycle_command_is_argv_json_and_hostless ... ok
test security_no_endpoint_or_credential_reaches_a_ledger_checkpoint_or_error ... ok
test security_restricted_connections_cannot_mutate_previously_valid_seats ... ok
test security_session_label_reconcile_repairs_the_external_epic_key_in_place_once ... ok
test security_session_permissions_bound_the_composed_surface_with_or_without_mcp ... ok
test security_the_full_label_set_is_planted_and_verified ... ok
test several_matching_agents_quarantine_rather_than_adopt ... ok
test shared_adapter_contract_holds ... ok
test shared_native_ids_are_not_kontor_ids ... ok
test shared_reconciliation_contract_holds ... ok
test shared_session_content_contract_holds ... ok
test stale_container_recovery_refuses_a_still_live_old_identity ... ok
test stale_container_recovery_refuses_zero_multiple_and_wrong_title_candidates ... ok
test stale_container_recovery_requires_one_exact_parent_path_and_title_candidate ... ok
test preparation_accepts_an_asma_managed_catalog_module_worktree ... ok
test the_current_daemon_advertises_no_context_or_compaction_capability ... ok
test the_launch_intent_covers_the_prompt_and_its_message_id ... ok
test the_retitle_and_the_bind_path_agree_on_what_a_container_is_called ... ok
test the_retitle_capability_follows_the_permission_and_the_rename_floor ... ok
test preparation_refuses_to_mint_a_branch_bound_to_another_key ... ok
test timeline_a_collapsed_projection_expands_to_one_event_per_native_sequence ... ok
test timeline_a_cursor_from_another_session_is_refused ... ok
test preparation_refuses_a_catalog_branch_bound_to_a_different_task_key ... ok
test timeline_a_declared_break_forces_a_canonical_refetch ... ok
test timeline_a_native_gap_breaks_the_page ... ok
test timeline_a_renumbered_epoch_breaks_a_restored_cursor ... ok
test timeline_a_permission_observed_on_a_readback_stays_pending ... ok
test timeline_a_replacement_notification_invalidates_the_saved_cursor ... ok
test timeline_an_older_page_folds_in_the_anchor_that_completes_inside_it ... ok
test timeline_canonical_history_remains_readable_for_archived_agents ... ok
test timeline_cursor_free_read_restarts_from_a_fresh_tail_after_runtime_refetch ... ok
test timeline_epochs_survive_a_fresh_restart_through_the_durable_mapping ... ok
test timeline_history_then_live_has_no_gap_and_no_overlap ... ok
test preparation_refuses_a_catalog_module_worktree_on_an_unrelated_branch ... ok
test timeline_replacement_isolates_other_agents_and_rejects_malformed_notifications ... ok
test timeline_replacement_recovers_requested_and_resolved_permissions_from_agent_state ... ok
test transport_a_wrong_request_correlation_fails_closed ... ok
test timeline_restart_keeps_the_raw_epoch_mapping ... ok
test transport_an_unrecognized_app_version_refuses_every_driving_operation ... ok
test transport_an_unsolicited_frame_for_another_agent_never_drains_for_this_one ... ok
test two_epics_share_one_plane_without_sharing_a_project_or_static_task_scope ... ok
test timeline_cursor_free_read_walks_back_to_the_epoch_origin ... ok
test two_opencode_seats_in_one_worktree_are_created_independently ... ok
test preparation_refuses_branch_drift_before_registering_a_workspace ... ok
test preparation_refuses_a_task_catalog_branch_bound_to_the_epic_key ... ok
test preparation_refuses_to_mint_a_branch_outside_the_publication_grammar ... ok
test preparation_refuses_an_epic_catalog_slug_for_a_task_checkout ... ok
test ticket_materialization_creates_the_absent_checkout_before_workspace_registration ... ok
test security_an_oversized_frame_is_refused_at_every_acceptance_point ... ok
test the_claude_member_composition_is_constructible_on_source_fixtures_only ... ok

test result: ok. 298 passed; 0 failed; 0 ignored; 0 measured; 0 filtered out; finished in 2.32s

     Running tests/live.rs (/Users/igor/.local/state/asma/epics/ASMA-8278/prepared-diagnostic-20261004-0029/cargo-target/debug/deps/live-9fe470f6d595022c)

running 6 tests
test live_a_correlated_session_read_round_trips ... ignored, requires a live Paseo daemon; see the module docs
test live_adopted_root_places_and_archives_a_child_and_registers_no_project ... ignored, requires a live Paseo daemon; see the module docs
test live_an_unknown_agent_is_refused_rather_than_answered_empty ... ignored, requires a live Paseo daemon; see the module docs
test live_cli_reports_the_supported_baseline ... ignored, requires a live Paseo daemon; see the module docs
test live_hello_is_accepted_and_the_daemon_pushes_a_pinned_identity ... ignored, requires a live Paseo daemon; see the module docs
test live_the_status_readback_agrees_with_the_pushed_identity ... ignored, requires a live Paseo daemon; see the module docs

test result: ok. 0 passed; 0 failed; 6 ignored; 0 measured; 0 filtered out; finished in 0.00s

     Running unittests src/lib.rs (/Users/igor/.local/state/asma/epics/ASMA-8278/prepared-diagnostic-20261004-0029/cargo-target/debug/deps/kontor_store-dc8d91b42d52c5d9)

running 28 tests
test backup::export::attestation_ledger_tests::historical_table_absence_is_allowed_only_before_129 ... ok
test backup::restore::tests::a_taken_superseded_name_is_refused_and_nothing_moves ... ok
test backup::export::attestation_ledger_tests::token_tables_are_required_at130_and_legacy129_absence_never_skips_keys ... ok
test backup::restore::tests::a_failed_publish_puts_the_occupant_back_and_leaves_no_superseded_name ... ok
test memory::experience_tests::every_degraded_reason_empty_foreign_only_candidate_limit_and_preview_rollback ... ok
test memory::experience_tests::malicious_tuple_project_current_approval_tombstone_hash_policy_and_kind ... ok
test memory::experience_tests::typed_proposal_evidence_idempotency_secret_refusal_and_generic_history ... ok
test memory::experience_tests::exact_budget_32768_32769_unicode_escaping_and_skip_oversized_top ... ok
test memory::experience_tests::deterministic_score_confidence_ties_duplicates_and_ninth_item ... ok
test memory::experience_tests::validation_and_freeze_transaction_excludes_concurrent_tombstone ... ok
test memory::experience_tests::projection_minimal_payload_failures_freshness_and_compare_and_swap ... ok
test memory::experience_tests::lexical_limit_joins_exact_current_eligible_revision_and_never_lists ... ok
test memory::tests::an_import_that_fails_while_recording_its_manifest_leaves_nothing_and_resumes ... ok
test memory::experience_tests::replay_after_restart_task_edit_rebuild_tombstone_and_purge_preserves_receipt ... ok
test memory::tests::frozen_revision_hash_is_the_approved_stored_hash ... ok
test memory::tests::concurrent_approvers_get_one_commit_and_one_typed_conflict ... ok
test memory::tests::proposal_never_enters_fts_before_approval ... ok
test memory::tests::first_proposal_history_is_readable_before_approval_and_after_restart ... ok
test query::tests::the_assembled_priority_is_a_stated_constant_rather_than_a_guess ... ok
test memory::tests::ledger_conflicts_filters_rebuilds_and_freezes_context ... ok
test memory::tests::purge_removes_payload_approval_and_index_but_keeps_receipts ... ok
test memory::tests::cutover_is_attested_hashed_transactional_and_idempotent ... ok
test memory::tests::current_retrieval_does_not_decode_superseded_history_or_unapproved_drafts ... ok
test memory::tests::reproposal_never_resets_the_aggregate_revision ... ok
test memory::tests::two_approvals_leave_exactly_one_current_revision ... ok
test query::tests::a_calendar_assignment_flips_the_flag_the_plan_route_refuses_on ... ok
test query::tests::a_fresh_realm_has_no_projects_and_no_calendar_assignment ... ok
test migrations::release_integration_tests::released_122_upgrades_without_replacing_realm_or_existing_bindings ... ok

test result: ok. 28 passed; 0 failed; 0 ignored; 0 measured; 0 filtered out; finished in 100.70s

     Running tests/advisor_multi_seat_advice.rs (/Users/igor/.local/state/asma/epics/ASMA-8278/prepared-diagnostic-20261004-0029/cargo-target/debug/deps/advisor_multi_seat_advice-2cddb07798449b29)

running 3 tests
test advice_is_idempotent_per_exact_seat_and_immutable_per_seat ... ok
test two_advisor_seats_each_record_their_own_advice_without_settling_the_run ... ok
test settled_sessions_are_released_durably_without_changing_advice_or_bindings ... ok

test result: ok. 3 passed; 0 failed; 0 ignored; 0 measured; 0 filtered out; finished in 2.10s

     Running tests/attestation_authority.rs (/Users/igor/.local/state/asma/epics/ASMA-8278/prepared-diagnostic-20261004-0029/cargo-target/debug/deps/attestation_authority-431315fb8c3edcd5)

running 10 tests
test realm_project_and_application_scopes_never_leak_or_create_unknown_rows ... ok
test invalid_bounds_intervals_and_sqlite_integer_overflow_do_not_create_a_head ... ok
test exact_expected_head_is_required_and_failed_writes_leave_no_partial_mutation ... ok
test key_identity_is_never_reused_and_revocation_is_irreversible_under_replay ... ok
test first_registration_advances_once_and_read_projection_survives_reopen ... ok
test direct_sql_cannot_change_material_unrevoke_delete_or_jump_the_head ... ok
test historical_ledger_is_not_limited_to_the_transport_key_count ... ok
test two_store_writers_cannot_both_satisfy_the_same_absent_head_expectation ... ok
test checked_revision_overflow_refuses_registration_and_revocation_atomically ... ok
test failed_migration_129_rolls_back_its_new_head_and_version ... ok

test result: ok. 10 passed; 0 failed; 0 ignored; 0 measured; 0 filtered out; finished in 2.52s

     Running tests/attestation_token_metadata.rs (/Users/igor/.local/state/asma/epics/ASMA-8278/prepared-diagnostic-20261004-0029/cargo-target/debug/deps/attestation_token_metadata-a061ae99d118cf52)

running 22 tests
test guards::a_container_native_identity_cannot_masquerade_as_seat_provenance ... ok
test guards::hosted_generation_is_history_count_plus_one_not_runtime_generation ... ok
test guards::migration130_transaction_rolls_back_all_tables_and_version_on_ddl_failure ... ok
test fresh_checks_precede_identity_reuse_and_leave_existing_commitment_unchanged ... ok
test guards::consultation_uses_stored_run_slot_revisions_and_its_own_generation ... ok
test guards::checked_token_revision_overflow_leaves_no_partial_preparation_or_revocation ... ok
test guards::all_family_qualified_registry_metadata_is_retained_and_disposed_pairs_refuse ... ok
test guards::two_store_preparation_race_has_one_cas_winner_and_one_unchanged_conflict ... ok
test hosted_preparation_is_coherent_durable_and_does_not_advance_key_head ... ok
test both_heads_use_exact_cas_and_failed_preparation_rolls_back ... ok
test guards::unknown_native_and_missing_consultation_never_imply_hosted_provenance ... ok
test guards::raw_sql_cannot_replace_rewrite_unrevoke_or_delete_metadata_or_heads ... ok
test guards::consultation_eligible_phases_are_explicit_and_terminal_or_needs_human_refuse ... ok
test guards::raw_sql_insert_refuses_false_key_commitments_and_invalid_bounds_atomically ... ok
test irreversible_revocation_remains_available_after_key_revocation_and_seat_retirement ... ok
test guards::consultation_slot_node_cross_run_and_ambiguous_domain_refuse_unchanged ... ok
test permanent_issuer_token_identity_refuses_even_identical_reuse_across_rotation ... ok
test guards::inactive_binding_and_node_each_refuse_unchanged ... ok
test guards::prepared_and_revoked_history_cannot_be_exported_or_restored_to_an_older_head ... ok
test scope_and_absent_task_are_exact_and_cross_scope_reads_do_not_leak ... ok
test selected_key_absence_revocation_and_exact_native_components_are_checked ... ok
test bounds_intervals_and_native_generation_refuse_without_token_head ... ok

test result: ok. 22 passed; 0 failed; 0 ignored; 0 measured; 0 filtered out; finished in 7.83s

     Running tests/backlog_identity.rs (/Users/igor/.local/state/asma/epics/ASMA-8278/prepared-diagnostic-20261004-0029/cargo-target/debug/deps/backlog_identity-de7c0ab1004cbe06)

running 7 tests
test migration_preserves_valid_legacy_codes_and_quarantines_duplicates_and_invalid_values ... ok
test automatic_codes_expand_deterministically_inside_one_project ... ok
test a_manual_epic_code_is_durable_immutable_and_project_scoped ... ok
test derived_item_codes_are_not_persisted_as_a_second_jira_identity ... ok
test database_triggers_forbid_updating_or_deleting_an_assignment ... ok
test racing_automatic_allocators_commit_distinct_deterministic_codes ... ok
test a_quarantined_legacy_value_does_not_block_a_new_active_assignment ... ok

test result: ok. 7 passed; 0 failed; 0 ignored; 0 measured; 0 filtered out; finished in 2.43s

     Running tests/backup_export.rs (/Users/igor/.local/state/asma/epics/ASMA-8278/prepared-diagnostic-20261004-0029/cargo-target/debug/deps/backup_export-03699510a1f6ec8b)

running 25 tests
test a_generation_three_export_from_a_quota_capable_database_is_refused_as_incomplete ... ok
test an_export_carries_no_credential_reference_no_comment_body_and_no_secret ... ok
test an_export_of_unchanged_state_is_byte_identical_and_hashes_the_same ... ok
test a_future_export_generation_is_refused_and_this_one_parses ... ok
test a_canary_inside_a_stored_document_aborts_the_export ... ok
test command_events_refuse_an_unrelated_payload_even_with_its_own_valid_hash ... ok
test a_realm_never_imports_its_own_export_and_never_imports_into_no_project has been running for over 60 seconds
test a_round_trip_preserves_the_versioned_specifications_and_the_source_evidence has been running for over 60 seconds
test an_import_mints_a_destination_receipt_and_replays_no_source_receipt has been running for over 60 seconds
test an_import_refuses_an_outcome_that_does_not_match_its_source_policy has been running for over 60 seconds
test an_unchanged_selection_preserves_the_older_created_workflow_binding has been running for over 60 seconds
test a_realm_never_imports_its_own_export_and_never_imports_into_no_project ... ok
test an_import_refuses_an_outcome_that_does_not_match_its_source_policy ... ok
test a_round_trip_preserves_the_versioned_specifications_and_the_source_evidence ... ok
test an_unchanged_selection_preserves_the_older_created_workflow_binding ... ok
test command_intents_export_under_their_own_document_contract ... ok
test command_intent_payloads_still_receive_the_embedded_canary_scan ... ok
test an_import_mints_a_destination_receipt_and_replays_no_source_receipt ... ok
test command_events_refuse_hashes_that_do_not_identify_the_payload has been running for over 60 seconds
test command_events_refuse_missing_or_wrong_project_receipts has been running for over 60 seconds
test command_intent_import_preserves_its_non_executable_source_lineage has been running for over 60 seconds
test export_generations_are_closed_over_the_fields_and_summaries_they_define ... ok
test command_events_refuse_hashes_that_do_not_identify_the_payload ... ok
test imported_task_lifecycle_provenance_survives_export_serialization_and_parse ... ok
test command_events_refuse_missing_or_wrong_project_receipts ... ok
test profile_selection_outcomes_cannot_predate_the_generation_that_stored_them ... ok
test command_intent_import_preserves_its_non_executable_source_lineage ... ok
test generation_two_without_profile_selection_outcomes_remains_importable has been running for over 60 seconds
test import_preflight_and_transaction_leave_no_orphan_specification has been running for over 60 seconds
test profile_selection_import_rejects_every_incomplete_or_swapped_frozen_binding has been running for over 60 seconds
test profile_selection_outcomes_round_trip_as_exact_non_executable_lineage has been running for over 60 seconds
test generation_two_without_profile_selection_outcomes_remains_importable ... ok
test profile_selection_outcomes_round_trip_as_exact_non_executable_lineage ... ok
test import_preflight_and_transaction_leave_no_orphan_specification ... ok
test runtime_and_census_payloads_still_refuse_session_content ... ok
test profile_selection_receipt_must_be_confirmed_local_effect_evidence has been running for over 60 seconds
test profile_selection_receipt_must_be_confirmed_local_effect_evidence ... ok
test profile_selection_import_rejects_every_incomplete_or_swapped_frozen_binding ... ok

test result: ok. 25 passed; 0 failed; 0 ignored; 0 measured; 0 filtered out; finished in 238.81s

     Running tests/backup_snapshot.rs (/Users/igor/.local/state/asma/epics/ASMA-8278/prepared-diagnostic-20261004-0029/cargo-target/debug/deps/backup_snapshot-a75aaac63d5027e4)

running 25 tests
test a_published_snapshot_is_never_overwritten ... ok
test an_uncheckpointed_public_ledger_refusal_leaves_all_target_files_unchanged ... ok
test a_manifest_that_does_not_describe_its_snapshot_is_refused ... ok
test a_nonempty_public_authority_snapshot_is_refused_before_destination_creation ... ok
test a_snapshot_taken_while_the_database_is_written_is_a_consistent_point ... ok
test an_old_empty_snapshot_cannot_rollback_current_public_key_revocation ... ok
test corrupted127_destination_ledger_tables_refuse_without_directory_changes ... ok
test a_restore_refuses_a_taken_superseded_name_and_leaves_the_destination_intact ... ok
test a_damaged_database_is_never_copied_and_replaces_nothing has been running for over 60 seconds
test a_restore_reinstates_the_same_realm_and_refuses_a_different_one has been running for over 60 seconds
test empty_historical129_token_absence_preserves_schema_refusal_and_additive_open ... ok
test corrupted127_missing_ledger_tables_is_not_an_empty_restore_fallback ... ok
test historical_pre129_files_retain_schema_refusal_and_additive_open_behavior ... ok
test empty_ledger_restore_handles_uri_delimiters_in_the_target_path ... ok
test memory_ledger_and_import_evidence_restore_while_fts_is_rebuilt ... ok
test a_restore_reinstates_the_same_realm_and_refuses_a_different_one ... ok
test missing_and_zero_main_without_nonempty_wal_retain_supported_restore ... ok
test corrupted128_missing_token_tables_refuse_source_and_target_without_mutation has been running for over 60 seconds
test missing_main_with_committed_wal_refuses_without_changing_destination_files has been running for over 60 seconds
test nonempty_public_authority_ledger_is_not_silently_omitted_from_export ... ok
test a_damaged_database_is_never_copied_and_replaces_nothing ... ok
test retention_never_empties_a_directory_that_holds_one_backup ... ok
test snapshot_preserves_exact_k_and_k2_profile_selection_bindings ... ok
test the_gate_rejection_route_schema_migrates_and_survives_a_snapshot ... ok
test two_simultaneous_publishers_of_one_name_produce_one_snapshot ... ok
test corrupted128_missing_token_tables_refuse_source_and_target_without_mutation ... ok
test missing_main_with_committed_wal_refuses_without_changing_destination_files ... ok
test retention_keeps_the_newest_seven_of_this_realm_and_touches_nothing_else ... ok
test zero_main_with_committed_wal_refuses_without_changing_destination_files ... ok

test result: ok. 25 passed; 0 failed; 0 ignored; 0 measured; 0 filtered out; finished in 152.48s

     Running tests/calendar_imports.rs (/Users/igor/.local/state/asma/epics/ASMA-8278/prepared-diagnostic-20261004-0029/cargo-target/debug/deps/calendar_imports-293436b43e16038f)

running 10 tests
test a_manual_exception_survives_a_refresh_that_drops_every_import ... ok
test an_import_applies_its_revision_provenance_and_exceptions_together ... ok
test the_categories_a_request_selected_are_recorded_with_the_apply ... ok
test an_imported_exception_must_name_a_holiday_source_that_exists ... ok
test a_replayed_idempotency_key_returns_the_original_apply ... ok
test a_refresh_stops_a_withdrawn_holiday_without_deleting_its_history ... ok
test an_applied_import_cannot_be_rewritten_or_deleted_through_direct_sql ... ok
test a_second_import_must_supersede_the_one_already_applied ... ok
test an_import_whose_exceptions_belong_elsewhere_is_refused_before_any_write ... ok
test a_preview_alone_changes_no_row ... ok

test result: ok. 10 passed; 0 failed; 0 ignored; 0 measured; 0 filtered out; finished in 2.81s

     Running tests/child_calendar_windows.rs (/Users/igor/.local/state/asma/epics/ASMA-8278/prepared-diagnostic-20261004-0029/cargo-target/debug/deps/child_calendar_windows-d17386d3fd57cf0e)

running 2 tests
test a_persisted_task_narrowing_changes_production_calendar_admission ... ok
test a_persisted_task_widening_is_refused_without_a_scoped_override ... ok

test result: ok. 2 passed; 0 failed; 0 ignored; 0 measured; 0 filtered out; finished in 2.01s

     Running tests/command_recovery.rs (/Users/igor/.local/state/asma/epics/ASMA-8278/prepared-diagnostic-20261004-0029/cargo-target/debug/deps/command_recovery-a32f90c99442ffae)

running 20 tests
test confirmed_receipt_is_restart_terminal ... ok
test acknowledgement_is_nonterminal_and_confirmation_needs_evidence ... ok
test a_retry_needs_proof_of_no_effect_and_reuses_the_original_command ... ok
test a_local_command_is_never_dispatchable_and_completes_only_after_success ... ok
test duplicate_or_out_of_order_receipt_transition_does_not_regress ... ok
test a_receipt_that_queued_nothing_is_settled_rather_than_a_missing_outbox_entry ... ok
test a_repeat_of_the_current_state_still_has_to_prove_its_correlation ... ok
test startup_confirms_a_legacy_launch_only_from_its_durable_binding ... ok
test lost_ack_is_resolved_by_persisted_correlation ... ok
test intent_failure_rolls_back_every_effect ... ok
test idempotency_replay_returns_original_receipt_and_cursor ... ok
test intent_outbox_desired_and_event_commit_atomically ... ok
test the_local_completion_boundary_ignores_a_dispatch_receipt ... ok
test startup_fails_a_legacy_launch_only_from_terminal_run_evidence ... ok
test a_reused_idempotency_key_must_name_the_same_durable_command ... ok
test receipt_transition_history_survives_reopen ... ok
test the_correlation_is_the_claim_token_and_nothing_else ... ok
test two_claimers_never_receive_the_same_work ... ok
test ambiguous_dispatch_never_becomes_fresh_launch ... ok
test every_command_crash_point_recovers_without_second_native_launch ... ok

test result: ok. 20 passed; 0 failed; 0 ignored; 0 measured; 0 filtered out; finished in 5.98s

     Running tests/consultation_profiles.rs (/Users/igor/.local/state/asma/epics/ASMA-8278/prepared-diagnostic-20261004-0029/cargo-target/debug/deps/consultation_profiles-176f26e6bd19180d)

running 9 tests
test a_catalog_reads_in_a_stable_order ... ok
test the_first_revision_of_a_profile_is_version_one ... ok
test another_projects_revisions_do_not_resolve ... ok
test revisions_must_be_consecutive ... ok
test a_first_revision_that_skips_version_one_is_refused ... ok
test each_profile_versions_independently ... ok
test the_two_families_are_separate_catalogs ... ok
test a_published_definition_reads_back_byte_for_byte ... ok
test republishing_a_version_is_refused ... ok

test result: ok. 9 passed; 0 failed; 0 ignored; 0 measured; 0 filtered out; finished in 2.24s

     Running tests/consultation_subject.rs (/Users/igor/.local/state/asma/epics/ASMA-8278/prepared-diagnostic-20261004-0029/cargo-target/debug/deps/consultation_subject-859fe99460622afd)

running 13 tests
test an_impossible_stored_pairing_is_refused_rather_than_guessed ... ok
test a_subject_from_a_sibling_epic_in_the_same_project_is_refused ... ok
test a_run_recorded_before_the_subject_existed_reads_back_absent ... ok
test a_consultation_about_a_task_never_claims_the_delivery_workspaces_node ... ok
test a_subject_from_another_project_is_refused ... ok
test an_epic_and_a_task_subject_both_round_trip_through_the_store ... ok
test storage_refuses_an_uncontained_subject_even_without_the_repository_check ... ok
test the_run_node_and_subject_must_all_describe_one_scope ... ok
test a_frozen_subject_cannot_be_moved_after_invocation ... ok
test every_subject_state_survives_a_restart_under_its_own_identity ... ok
test the_redacted_export_carries_no_consultation_subject ... ok
test the_database_refuses_every_impossible_subject_pairing ... ok
test every_subject_state_survives_a_backup_and_restore_under_its_own_identity ... ok

test result: ok. 13 passed; 0 failed; 0 ignored; 0 measured; 0 filtered out; finished in 2.76s

     Running tests/crash_reopen.rs (/Users/igor/.local/state/asma/epics/ASMA-8278/prepared-diagnostic-20261004-0029/cargo-target/debug/deps/crash_reopen-328d5ce0f5d126e4)

running 5 tests
test crash_child_worker ... ok
test migration_crash_child_worker ... ok

running 1 test

running 1 test
test committed_work_survives_an_abrupt_exit_and_an_interrupted_transaction_does_not ... ok
test an_interrupted_migration_leaves_no_schema_or_realm_and_reopens_cleanly ... ok
test two_connections_may_share_one_file ... ok

test result: ok. 5 passed; 0 failed; 0 ignored; 0 measured; 0 filtered out; finished in 5.53s

     Running tests/epic_jira_reconciliation.rs (/Users/igor/.local/state/asma/epics/ASMA-8278/prepared-diagnostic-20261004-0029/cargo-target/debug/deps/epic_jira_reconciliation-75cac058110c8f93)

running 4 tests
test epic_transition_key_cannot_authorize_different_intent ... ok
test one_open_epic_conflict_is_kept_until_operator_resolution ... ok
test epic_transition_authority_replays_and_recovers_from_confirmed_readback ... ok
test epic_conflict_schema_refuses_unknown_kinds_bad_timestamps_and_second_resolution ... ok

test result: ok. 4 passed; 0 failed; 0 ignored; 0 measured; 0 filtered out; finished in 2.07s

     Running tests/event_replay.rs (/Users/igor/.local/state/asma/epics/ASMA-8278/prepared-diagnostic-20261004-0029/cargo-target/debug/deps/event_replay-1c83d7592e7f934f)

running 47 tests
test a_newer_runtime_refusal_still_blocks_over_an_older_report ... ok
test a_recorded_decision_reads_back_exactly_including_its_range_set ... ok
test a_late_runtime_refusal_cannot_overwrite_a_newer_provider_report ... ok
test a_record_citing_a_binding_the_store_does_not_hold_is_refused ... ok
test a_record_that_disagrees_with_its_row_is_refused_per_column ... ok
test a_non_runtime_row_that_happens_to_agree_is_not_forced_to_cite ... ok
test a_duplicate_replay_cannot_mutate_quota ... ok
test a_document_may_only_claim_the_quota_chain_its_generation_had ... ok
test a_quota_row_cannot_cite_another_projects_provenance ... ok
test a_reducible_observation_writes_its_event_projection_and_quota_together ... ok
test a_sequence_too_large_to_store_exactly_is_refused_rather_than_clamped ... ok
test an_inconsistent_or_empty_range_set_is_refused ... ok
test a_runtime_observation_without_provenance_is_refused_even_when_a_row_exists ... ok
test an_older_refusal_cannot_regress_a_newer_availability_row ... ok
test a_failure_after_the_record_but_before_the_row_leaves_neither ... ok
test a_source_range_cannot_be_appended_after_its_record_is_written ... ok
test a_refused_quota_write_rolls_back_the_event_and_the_projection ... ok
test an_unlisted_alias_does_not_walk_session_content_past_the_boundary ... ok
test consumer_cursor_survives_restart ... ok
test concurrent_appenders_allocate_unique_monotonic_control_cursors ... ok
test content_gap_persists_only_binding_continuity_and_audit_ref ... ok
test content_epoch_gap_returns_timeline_refetch_required ... ok
test duplicate_and_out_of_order_never_regress_effects ... ok
test empty_origin_snapshot_does_not_skip_first_event ... ok
test control_gap_never_infers_terminal_state ... ok
test control_sequence_jump_records_typed_control_gap ... ok
test content_sequence_gap_changes_no_lifecycle_or_projection ... ok
test control_gap_is_idempotent_on_replay ... ok
test no_refusal_text_reaches_the_database ... ok
test duplicate_native_id_returns_original_cursor ... ok
test on_an_equal_instant_the_provider_report_outranks_a_runtime_refusal ... ok
test every_stored_integer_refuses_rather_than_clamps ... ok
test persisted_consumer_pages_without_gap_or_overlap ... ok
test identical_payloads_without_native_ids_stay_distinct_observations ... ok
test older_distinct_observation_appends_but_does_not_reduce ... ok
test replay_after_n_returns_only_greater_cursors_in_order ... ok
test raw_and_normalized_observation_exist_before_projection_effect ... ok
test projection_effect_always_cites_persisted_event ... ok
test normalization_or_cas_failure_leaves_no_event_or_effect ... ok
test one_native_event_id_may_not_carry_two_payloads ... ok
test same_sequence_conflicting_payload_is_rejected ... ok
test the_session_content_boundary_holds_on_every_append_path ... ok
test transcript_and_token_deltas_are_rejected ... ok
test provenance_cardinality_matches_what_was_actually_accepted ... ok
test two_sessions_may_share_one_native_event_id ... ok
test a_rehashed_document_cannot_forge_the_quota_chain ... ok
test the_exported_quota_chain_is_exact_and_carries_no_refusal_text ... ok

test result: ok. 47 passed; 0 failed; 0 ignored; 0 measured; 0 filtered out; finished in 9.72s

     Running tests/hosted_seat_autonomy.rs (/Users/igor/.local/state/asma/epics/ASMA-8278/prepared-diagnostic-20261004-0029/cargo-target/debug/deps/hosted_seat_autonomy-f404c19fdbdffd77)

running 35 tests
test a_live_generation_cannot_change_its_authority_in_place ... ok
test a_hosted_seat_reads_back_the_authority_it_was_launched_under ... ok
test a_changed_default_applies_to_the_successor_and_not_the_predecessor ... ok
test a_prepared_intent_holds_the_authority_before_any_occupancy_exists ... ok
test a_readback_naming_another_successor_never_becomes_durable ... ok
test a_legacy_export_generation_can_neither_carry_nor_conceal_a_succession ... ok
test a_bound_succession_cannot_have_its_completion_instant_rewritten ... ok
test a_contradictory_authority_is_refused_by_the_schema ... ok
test a_real_format_seat_bearer_is_refused_by_value_wherever_it_appears ... ok
test a_readback_whose_derived_or_redundant_values_are_wrong_is_refused ... ok
test a_reused_native_id_in_a_later_occupancy_cannot_complete_an_older_succession ... ok
test a_succession_cannot_bind_a_receipt_recorded_for_another_command ... ok
test a_succession_readback_is_refused_at_the_store_boundary ... ok
test an_installed_intent_refuses_a_second_native ... ok
test archival_refuses_a_predecessor_whose_authority_does_not_match ... ok
test binding_an_occupancy_reconciles_its_intent ... ok
test a_replayed_binding_is_proved_before_it_answers_unchanged ... ok
test an_active_native_of_another_runtime_generation_is_not_this_successor ... ok
test history_retains_the_authority_the_retired_generation_ran_under ... ok
test pre_feature_hosted_rows_migrate_to_the_least_authority ... ok
test one_generation_cannot_be_prepared_under_a_second_authority ... ok
test a_mismatched_historical_binding_stops_the_upgrade_at_0122 ... ok
test preparing_the_same_launch_twice_is_one_intent ... ok
test imported_evidence_cannot_accompany_a_live_disposition ... ok
test one_receipt_cannot_be_bound_to_two_successions ... ok
test replaying_an_unacknowledged_launch_is_idempotent ... ok
test seat_history_reads_back_every_predecessor_in_retirement_order ... ok
test seat_launch_intents_read_back_across_every_generation ... ok
test succession_effects_and_readback_are_proved_before_a_receipt_binds ... ok
test the_schema_refuses_to_rewrite_a_recorded_decision ... ok
test every_readback_field_is_bound_to_the_transition_it_commits ... ok
test a_valid_historical_binding_survives_the_upgrade_to_0122 ... ok
test a_foreign_document_carrying_a_seat_bearer_is_refused_before_any_write ... ok
test an_authentic_schema_twelve_document_verifies_and_imports_with_an_empty_backfill ... ok
test a_succession_crosses_a_realm_boundary_as_evidence_and_not_as_authority ... ok

test result: ok. 35 passed; 0 failed; 0 ignored; 0 measured; 0 filtered out; finished in 15.79s

     Running tests/intake_lineage.rs (/Users/igor/.local/state/asma/epics/ASMA-8278/prepared-diagnostic-20261004-0029/cargo-target/debug/deps/intake_lineage-fe0105b99f39fe27)

running 14 tests
test an_approval_required_trigger_cannot_be_auto_armed ... ok
test a_bounded_auto_arm_creates_work_with_its_authorization_in_the_lineage ... ok
test the_intake_module_starts_no_run_and_dispatches_no_command ... ok
test auto_armed_work_still_faces_every_ordinary_blocker ... ok
test intake_created_work_reaches_the_scheduler_as_event_origin ... ok
test a_newer_trigger_revision_appends_a_successor_and_mutates_nothing ... ok
test a_decision_about_an_unknown_or_changed_event_is_refused ... ok
test an_event_is_durable_before_a_decision_exists ... ok
test an_approval_receipt_must_authorize_this_intake_decision ... ok
test an_approval_creates_one_graph_with_lineage_and_a_replay_creates_none ... ok
test one_event_delivered_concurrently_produces_one_event_one_decision_and_one_graph ... ok
test the_same_identity_with_different_bytes_is_a_conflict_and_writes_nothing ... ok
test a_rejection_is_terminal_receipt_backed_and_creates_nothing ... ok
test the_store_refuses_every_auto_arm_the_policy_refuses ... ok

test result: ok. 14 passed; 0 failed; 0 ignored; 0 measured; 0 filtered out; finished in 3.12s

     Running tests/jira_link_ledger.rs (/Users/igor/.local/state/asma/epics/ASMA-8278/prepared-diagnostic-20261004-0029/cargo-target/debug/deps/jira_link_ledger-3cadfa2308a1f64c)

running 5 tests
test jira_task_and_issue_identity_are_both_exclusive ... ok
test jira_aliases_share_one_idempotent_task_link_ledger ... ok
test v81_keeps_a_legacy_only_confirmed_binding_visible_through_the_canonical_ledger ... ok
test v81_selects_an_exact_canonical_duplicate_without_rewriting_legacy_evidence ... ok
test v81_fails_closed_for_each_irreconcilable_historical_identity ... ok

test result: ok. 5 passed; 0 failed; 0 ignored; 0 measured; 0 filtered out; finished in 2.36s

     Running tests/jira_materialization.rs (/Users/igor/.local/state/asma/epics/ASMA-8278/prepared-diagnostic-20261004-0029/cargo-target/debug/deps/jira_materialization-e8ff629385692bf8)

running 30 tests
test a_different_immutable_issue_cannot_take_over_a_confirmed_binding ... ok
test a_confirmed_epic_binding_cannot_be_replaced_by_a_later_batch ... ok
test a_canonical_task_key_cannot_be_changed_by_direct_sql ... ok
test a_rewound_rename_sequence_cannot_reactivate_spent_epic_authority ... ok
test a_safe_link_batch_can_recover_the_scope_of_an_unconfirmed_create_batch ... ok
test a_binding_without_an_immutable_issue_stays_fail_closed_for_renames ... ok
test a_committed_rename_is_never_reported_as_a_failure_by_its_own_caller ... ok
test a_rename_reports_what_it_committed_even_when_the_row_moves_underneath_it ... ok
test a_rewound_rename_sequence_cannot_reactivate_spent_task_authority ... ok
test a_same_issue_rename_moves_the_key_without_moving_the_subject ... ok
test a_stale_epic_rename_authority_cannot_restore_an_earlier_destination ... ok
test a_task_key_cycle_does_not_reactivate_the_authority_of_an_earlier_occurrence ... ok
test a_stale_task_rename_authority_cannot_restore_an_earlier_destination ... ok
test an_epic_key_cycle_does_not_reactivate_the_authority_of_an_earlier_occurrence ... ok
test confirmation_adopts_an_exact_existing_task_binding_after_transport_recovery ... ok
test a_uniqueness_violation_establishing_an_immutable_issue_is_a_typed_conflict ... ok
test an_ambiguous_cross_ledger_key_is_a_typed_conflict_rather_than_a_backend_error ... ok
test planning_refuses_a_non_exact_item_set_without_persisting_a_partial_batch ... ok
test link_recovery_adopts_the_original_pending_create_batch_in_place ... ok
test confirmation_adopts_a_migrated_legacy_jira_alias_binding ... ok
test v73_migrates_an_empty_confirmed_link_batch_without_losing_incident_evidence ... ok
test activation_requires_every_confirmed_binding_and_survives_readback ... ok
test resolution_is_project_scoped_and_never_reaches_a_foreign_projects_binding ... ok
test a_confirmed_binding_and_its_immutable_issue_survive_a_backup_and_restore ... ok
test two_direct_sql_updates_cannot_forge_the_tail_of_a_proven_rename ... ok
test a_legacy_exact_replay_cannot_claim_an_issue_already_bound_in_the_other_ledger ... ok
test resolution_returns_the_immutable_kontor_uuid_and_reads_legacy_state_without_writing ... ok
test two_issues_racing_for_one_key_settle_on_exactly_one_typed_winner ... ok
test recovery_postcondition_failure_rolls_back_ledger_and_legacy_items ... ok
test recovery_adopts_exact_non_overlapping_legacy_batch_fragments_without_rewriting_them ... ok

test result: ok. 30 passed; 0 failed; 0 ignored; 0 measured; 0 filtered out; finished in 4.42s

     Running tests/legacy_naming_recovery.rs (/Users/igor/.local/state/asma/epics/ASMA-8278/prepared-diagnostic-20261004-0029/cargo-target/debug/deps/legacy_naming_recovery-706c81a605312370)

running 2 tests
test a_stale_container_recovery_cas_preserves_logical_identity_and_history ... ok
test a_legacy_epic_code_correction_is_atomic_append_only_and_replay_safe ... ok

test result: ok. 2 passed; 0 failed; 0 ignored; 0 measured; 0 filtered out; finished in 2.04s

     Running tests/memory_migration_rollback.rs (/Users/igor/.local/state/asma/epics/ASMA-8278/prepared-diagnostic-20261004-0029/cargo-target/debug/deps/memory_migration_rollback-a57d2be6b6cbd880)

running 1 test
test migration_0123_failure_preserves_v119_schema_history_and_clean_retry ... ok

test result: ok. 1 passed; 0 failed; 0 ignored; 0 measured; 0 filtered out; finished in 2.39s

     Running tests/native_capacity.rs (/Users/igor/.local/state/asma/epics/ASMA-8278/prepared-diagnostic-20261004-0029/cargo-target/debug/deps/native_capacity-eb506316acfa2900)

running 16 tests
test a_lapsed_override_is_still_a_record_that_someone_made_it ... ok
test a_reset_instant_belongs_to_an_exhausted_allowance_and_to_nothing_else ... ok
test a_new_reading_replaces_the_window_set_rather_than_merging_into_it ... ok
test a_stored_observation_keeps_its_raw_reading_alongside_what_was_derived ... ok
test an_explicit_probe_key_replays_one_immutable_observation_and_conflicts_on_new_intent ... ok
test an_override_written_against_a_revision_that_has_moved_is_refused ... ok
test a_quota_state_written_against_a_revision_that_has_moved_is_refused ... ok
test an_override_stands_beside_the_evidence_and_never_rewrites_it ... ok
test a_balance_and_a_reserve_in_two_currencies_cannot_be_stored_at_all ... ok
test a_provider_that_cannot_report_headroom_is_storable_and_does_not_block ... ok
test the_latest_reading_per_account_is_the_one_a_projection_reports ... ok
test one_account_holds_a_separate_quota_state_per_provider ... ok
test an_unchanged_provider_report_appends_fresh_evidence_without_projection_churn ... ok
test the_same_collector_reading_cannot_be_recorded_twice ... ok
test one_window_kind_cannot_be_observed_twice_on_one_pair ... ok
test every_window_balance_and_reserve_survives_a_restart ... ok

test result: ok. 16 passed; 0 failed; 0 ignored; 0 measured; 0 filtered out; finished in 2.50s

     Running tests/open_questions.rs (/Users/igor/.local/state/asma/epics/ASMA-8278/prepared-diagnostic-20261004-0029/cargo-target/debug/deps/open_questions-f0934397a338fe6c)

running 12 tests
test only_the_current_deferral_reopens_and_it_reopens_once ... ok
test a_question_of_another_project_does_not_resolve ... ok
test an_append_from_a_stale_revision_is_refused ... ok
test the_ledger_exports_deterministically_and_completely ... ok
test a_firing_that_names_the_wrong_trigger_is_refused_by_the_schema ... ok
test a_child_row_can_be_neither_updated_nor_deleted ... ok
test every_round_disposition_and_firing_survives_a_restart ... ok
test a_deferral_without_a_trigger_and_a_firing_without_a_deferral_are_both_refused ... ok
test only_the_revision_of_a_header_may_move ... ok
test the_ledger_lands_in_the_declared_schema_generation ... ok
test the_ledger_survives_a_snapshot_restore ... ok
test an_import_records_every_ledger_row_as_lineage ... ok

test result: ok. 12 passed; 0 failed; 0 ignored; 0 measured; 0 filtered out; finished in 4.95s

     Running tests/operational_liveness.rs (/Users/igor/.local/state/asma/epics/ASMA-8278/prepared-diagnostic-20261004-0029/cargo-target/debug/deps/operational_liveness-a82f119b9e384c8e)

running 11 tests
test one_native_container_cannot_be_claimed_by_two_nodes ... ok
test a_disagreeing_identity_is_reported_rather_than_silently_repaired ... ok
test a_confirmation_and_a_self_report_are_not_activity ... ok
test re_confirming_a_binding_advances_the_readback_without_rebinding ... ok
test newest_completion_wake_is_stable_per_hosted_tpm_occupancy ... ok
test an_observation_records_what_was_seen_and_erases_nothing_else ... ok
test a_task_resolves_to_at_most_one_active_topology_node ... ok
test an_orphan_is_concluded_from_the_owning_epic_seat ... ok
test a_native_container_binding_survives_restart_and_export ... ok
test the_attach_deadline_is_the_one_fixed_at_creation ... ok
test seat_liveness_evidence_survives_restart_and_export ... ok

test result: ok. 11 passed; 0 failed; 0 ignored; 0 measured; 0 filtered out; finished in 2.35s

     Running tests/operational_promotion.rs (/Users/igor/.local/state/asma/epics/ASMA-8278/prepared-diagnostic-20261004-0029/cargo-target/debug/deps/operational_promotion-770258f69f37040c)

running 3 tests
test a_second_command_for_one_session_is_a_conflict_rather_than_a_backend_error ... ok
test a_promotion_that_cannot_freeze_its_roster_leaves_the_source_promotable ... ok
test authorizing_a_promotion_records_the_epic_and_its_roster_together ... ok

test result: ok. 3 passed; 0 failed; 0 ignored; 0 measured; 0 filtered out; finished in 2.02s

     Running tests/operational_topology.rs (/Users/igor/.local/state/asma/epics/ASMA-8278/prepared-diagnostic-20261004-0029/cargo-target/debug/deps/operational_topology-25b5a88dc5a44a5e)

running 9 tests
test a_human_override_is_stored_whole_and_read_back ... ok
test publishing_refuses_a_class_nobody_chose ... ok
test a_published_topology_revision_cannot_be_replaced_even_with_the_same_bytes ... ok
test a_retired_but_unarchived_child_blocks_its_parents_archive ... ok
test a_published_classification_cannot_be_revised_after_the_fact ... ok
test an_unattributed_override_is_refused_by_the_schema ... ok
test repinning_an_epic_migrates_compatible_nodes_without_changing_their_identities_or_revisions ... ok
test operational_state_survives_restart_and_typed_export ... ok
test a_new_epic_can_share_its_lineages_historical_project_root ... ok

test result: ok. 9 passed; 0 failed; 0 ignored; 0 measured; 0 filtered out; finished in 2.61s

     Running tests/planning_pair_store.rs (/Users/igor/.local/state/asma/epics/ASMA-8278/prepared-diagnostic-20261004-0029/cargo-target/debug/deps/planning_pair_store-1359e5c0c74117c1)

running 8 tests
test a_planning_pair_is_frozen_with_its_placement_and_first_record ... ok
test a_planning_pair_shares_the_one_semantic_identity_index ... ok
test storage_refuses_an_unknown_family_and_a_state_outside_the_family ... ok
test a_recorded_contribution_cannot_be_rewritten ... ok
test a_disposed_pair_is_terminal_in_storage ... ok
test placement_and_records_belong_only_to_a_planning_pair ... ok
test a_transition_moves_the_run_and_its_record_together_under_compare_and_swap ... ok
test a_member_role_outside_the_epics_selected_catalog_is_refused_in_storage ... ok

test result: ok. 8 passed; 0 failed; 0 ignored; 0 measured; 0 filtered out; finished in 2.43s

     Running tests/policy_evidence.rs (/Users/igor/.local/state/asma/epics/ASMA-8278/prepared-diagnostic-20261004-0029/cargo-target/debug/deps/policy_evidence-e7969c589bf8a478)

running 22 tests
test a_pass_resets_only_its_own_reviewer_and_gate_stream ... ok
test a_replayed_recovery_step_produces_no_second_effect ... ok
test a_successor_whose_lineage_does_not_reach_the_parked_run_is_refused ... ok
test a_second_follow_up_may_not_reuse_the_successor_the_first_one_dispatched ... ok
test a_waiver_receipt_must_name_a_real_waiver ... ok
test a_refused_dispatch_records_no_successor_on_its_step ... ok
test a_started_or_waived_verdict_does_not_reset_a_rejection_stream ... ok
test a_step_appended_without_its_advance_does_not_close_the_episode_either ... ok
test an_approval_is_spent_once_and_only_on_the_action_it_names ... ok
test an_expired_approval_cannot_be_spent ... ok
test only_two_dispatched_follow_ups_are_admitted ... ok
test another_reviewer_and_another_gate_keep_their_own_counters ... ok
test parking_an_imported_task_clears_its_historical_lifecycle_provenance ... ok
test an_episode_cannot_advance_without_appending_the_step_that_caused_it ... ok
test recovery_runs_as_a_linked_successor_and_never_touches_the_parked_run ... ok
test the_advisor_and_committee_budgets_hold_against_the_database ... ok
test a_parked_run_is_terminal_and_never_reopens ... ok
test stored_evidence_refuses_update_and_delete_from_direct_sql ... ok
test recovery_advice_can_never_be_stored_as_an_approval ... ok
test two_rejections_by_one_principal_park_the_task_even_across_relaunches ... ok
test a_park_plan_that_is_not_a_park_verdict_is_refused_and_rolls_the_rejection_back ... ok
test an_unauthorized_role_cannot_reject_and_leaves_nothing_behind ... ok

test result: ok. 22 passed; 0 failed; 0 ignored; 0 measured; 0 filtered out; finished in 3.55s

     Running tests/publication_attestations_immutable.rs (/Users/igor/.local/state/asma/epics/ASMA-8278/prepared-diagnostic-20261004-0029/cargo-target/debug/deps/publication_attestations_immutable-1dc1dd07ee08e368)

running 1 test
test recorded_publication_attestations_are_immutable_at_the_database_boundary ... ok

test result: ok. 1 passed; 0 failed; 0 ignored; 0 measured; 0 filtered out; finished in 1.96s

     Running tests/realm_preflight.rs (/Users/igor/.local/state/asma/epics/ASMA-8278/prepared-diagnostic-20261004-0029/cargo-target/debug/deps/realm_preflight-85f212569433fc48)

running 5 tests
test realm_preflight_accepts_the_joined_schema_version ... ok
test realm_preflight_refuses_a_newer_schema_without_touching_it ... ok
test realm_preflight_refuses_a_realm_stopped_before_the_8187_migrations ... ok
test realm_preflight_refuses_absent_empty_or_unsupported_databases_without_repair ... ok
test realm_preflight_reads_existing_identity_without_changing_database_bytes ... ok

test result: ok. 5 passed; 0 failed; 0 ignored; 0 measured; 0 filtered out; finished in 24.22s

     Running tests/reconciliation.rs (/Users/igor/.local/state/asma/epics/ASMA-8278/prepared-diagnostic-20261004-0029/cargo-target/debug/deps/reconciliation-1acfc2c3bd246082)

running 16 tests
test an_observation_from_a_control_path_and_a_census_share_one_cursor_space ... ok
test failed_census_does_not_mark_missing ... ok
test a_census_observation_is_evidence_before_it_is_a_conclusion ... ok
test later_positive_epoch_can_restore_freshness ... ok
test missing_bound_session_becomes_lost_contact_not_completed ... ok
test absence_never_sets_terminal_outcome ... ok
test a_census_admits_only_the_scope_it_censuses ... ok
test generation_change_is_persisted_without_rebinding ... ok
test completed_epoch_records_membership_and_completion_cursor ... ok
test repeating_completed_epoch_does_not_increment_revision ... ok
test an_unbound_native_session_is_recorded_but_never_attached ... ok
test partial_epoch_cannot_apply_absence ... ok
test the_scripted_census_sequence_reaches_its_recorded_conclusions ... ok
test reconciliation_epoch_survives_restart ... ok
test reconciliation_preserves_distinct_desired_observed_derived_and_lifecycle ... ok
test repeating_same_epoch_duplicates_no_facts_or_effects ... ok

test result: ok. 16 passed; 0 failed; 0 ignored; 0 measured; 0 filtered out; finished in 3.73s

     Running tests/repository_roundtrip.rs (/Users/igor/.local/state/asma/epics/ASMA-8278/prepared-diagnostic-20261004-0029/cargo-target/debug/deps/repository_roundtrip-6511a986eb514af5)

running 89 tests
test a_completion_transition_from_a_superseded_revision_changes_nothing ... ok
test a_changed_claim_under_the_same_receipt_is_refused ... ok
test a_completion_whose_wake_cannot_be_stored_commits_neither ... ok
test a_confirmed_receipt_whose_session_moved_never_reaches_storage ... ok
test a_completion_commit_refuses_command_scope_and_unchanged_state_mismatches ... ok
test a_compaction_receipt_is_idempotent_by_id_and_conflicts_on_different_content ... ok
test a_closed_run_is_immutable_and_recovery_creates_a_successor ... ok
test a_conflict_keeps_its_inputs_and_resolves_exactly_once ... ok
test a_gate_may_only_be_decided_by_the_authority_the_profile_names ... ok
test a_disposition_closure_reproves_itself_and_round_trips_as_its_own_source ... ok
test a_disappeared_process_never_closes_a_run ... ok
test a_capability_receipt_must_record_this_command_over_this_exact_scope ... ok
test a_conflict_resolution_receipt_must_resolve_this_conflicted_link ... ok
test a_done_tasks_settled_turn_claim_counts_and_a_missing_key_stays_absent ... ok
test a_phase_advances_only_along_a_declared_edge_and_only_under_a_compare_and_swap ... ok
test a_context_policy_survives_crash_reopen_with_its_clamp_evidence ... ok
test a_project_with_no_calendar_is_unrestricted_not_closed ... ok
test a_pinned_calendar_revision_is_never_silently_upgraded ... ok
test a_published_completion_profile_revision_cannot_be_republished ... ok
test a_gate_rejection_route_and_exact_receipt_commit_or_roll_back_together ... ok
test a_raw_event_is_appended_before_state_is_reduced_and_replays_are_idempotent ... ok
test a_referenced_account_profile_cannot_be_deleted ... ok
test a_gate_verdict_and_its_exact_receipt_result_commit_or_roll_back_together ... ok
test a_replayed_completion_wake_reuses_its_intent_instead_of_adding_a_second ... ok
test a_recorded_proof_is_append_only ... ok
test a_retired_evaluator_proof_replays_onto_exactly_one_row ... ok
test a_run_context_policy_is_written_once_and_cannot_be_revised ... ok
test a_second_remediation_proposal_for_one_round_is_refused ... ok
test a_dependency_cycle_is_refused_and_writes_nothing ... ok
test a_settled_turns_labels_are_not_addressable_artifact_evidence ... ok
test a_task_closes_only_when_its_pinned_profile_says_it_may ... ok
test a_receipt_backed_native_closure_certifies_only_its_latest_passed_gate_artifacts ... ok
test a_valid_id_from_another_project_never_resolves ... ok
test a_refused_intent_rolls_back_receipt_outbox_desired_state_and_event_together ... ok
test a_settled_turn_closure_missing_a_slots_turn_is_refused_by_the_store ... ok
test a_waiver_is_refused_without_policy_authority_evidence_or_an_unbound_slot ... ok
test a_historical_rejection_recovery_is_source_unique_append_only_and_survives_reopen ... ok
test a_waiver_replays_on_its_key_and_is_never_appended_to ... ok
test account_profiles_are_listed_and_read_per_project ... ok
test an_account_profile_change_from_a_foreign_realm_is_refused_before_any_write ... ok
test a_slot_that_both_settled_and_was_waived_is_refused_by_the_store ... ok
test an_account_profile_from_another_project_is_never_updated ... ok
test an_account_profile_update_is_a_compare_and_swap ... ok
test a_waived_slot_is_refused_a_run_a_binding_a_turn_and_an_update ... ok
test a_task_from_a_sibling_goal_is_not_armed_by_a_goal_authorization ... ok
test an_account_profile_credential_identity_cannot_be_edited_by_direct_sql ... ok
test an_empty_ledger_snapshot_resumes_without_a_gap_or_an_overlap ... ok
test a_repeated_source_event_returns_the_original_decision ... ok
test an_execution_authorization_is_bounded_and_arms_only_its_scope ... ok
test an_account_profile_round_trips_through_a_reopen ... ok
test an_override_is_bounded_by_its_scope_ceiling_and_revocation ... ok
test an_exact_orphaned_proposal_claim_recovers_once_and_rejects_impostors ... ok
test an_exact_orphaned_route_effect_recovers_receipt_and_wake_once ... ok
test an_unknown_dispatch_result_blocks_a_retry_until_it_is_reconciled ... ok
test an_unreferenced_account_profile_is_deleted_under_a_compare_and_swap ... ok
test another_project_can_neither_read_nor_target_a_context_policy ... ok
test calendar_exceptions_are_append_only_and_scoped_to_their_project ... ok
test an_incompatible_command_kind_and_target_never_reaches_sql ... ok
test compaction_receipts_survive_crash_reopen_and_report_the_most_recent ... ok
test desired_observed_and_derived_all_survive_a_restart_with_different_values ... ok
test an_override_approval_and_its_revocation_each_need_their_own_receipt ... ok
test every_team_closure_source_round_trips_as_itself ... ok
test external_comments_deduplicate_replays_and_keep_edits ... ok
test no_gate_verdict_can_turn_its_citations_into_producer_evidence ... ok
test atomic_local_gate_and_done_survive_restart_and_replay_after_reopen ... ok
test concurrent_recovery_keys_both_observe_no_route_before_either_commits ... ok
test an_existing_source_event_can_create_one_linked_receipt_per_newer_trigger_revision ... ok
test orphaned_remediation_effects_without_claims_cannot_be_adopted ... ok
test cross_project_targets_tasks_evidence_pins_and_trigger_refs_fail_without_partial_rows ... ok
test replayed_or_out_of_order_native_events_never_regress_projection_or_revision ... ok
test intent_desired_state_outbox_and_event_commit_together ... ok
test stale_atomic_withdrawal_leaves_no_receipt_and_preserves_the_moved_task ... ok
test team_run_advances_and_closes_with_cas_and_bound_evidence ... ok
test persona_snapshot_persists_reopens_and_rejects_cross_project_or_wrong_gate ... ok
test sensitive_material_is_rejected_from_every_persisted_string_category_without_echo ... ok
test the_gate_state_map_reduces_the_whole_append_only_history ... ok
test two_epics_reuse_the_same_exact_derived_completion_profile ... ok
test every_refused_write_leaves_zero_partial_rows_revisions_events_or_outbox_entries ... ok
test terminal_evidence_must_belong_to_the_closed_run_and_match_its_hash ... ok
test the_stored_command_vocabulary_is_exactly_the_domain_vocabulary ... ok
test two_legacy_receipts_for_one_native_closure_are_marked_ambiguous ... ok
test workflow_installation_rolls_back_when_its_authority_receipt_is_refused ... ok
test v115_never_confirms_rejected_gates_or_revives_a_stale_pass ... ok
test v115_confirms_exact_local_mutations_with_typed_provenance_and_preserves_history ... ok
test v115_preserves_ambiguous_claimed_attempted_and_native_command_receipts ... ok
test both_external_workflow_fixtures_persist_reopen_and_hash_identically ... ok
test a_mismatched_realm_envelope_or_foreign_id_fails_atomically ... ok
test specifications_and_snapshots_survive_a_restart_byte_for_byte ... ok
test the_arbitrary_profile_and_persona_fixtures_persist_reopen_and_hash_identically ... ok

test result: ok. 89 passed; 0 failed; 0 ignored; 0 measured; 0 filtered out; finished in 31.78s

     Running tests/scheduler_admission.rs (/Users/igor/.local/state/asma/epics/ASMA-8278/prepared-diagnostic-20261004-0029/cargo-target/debug/deps/scheduler_admission-b2ea1b83f4f2672f)

running 34 tests
test a_dependency_that_has_not_finished_blocks_the_admission ... ok
test a_ceiling_is_recounted_from_the_rows_rather_than_trusted ... ok
test a_lapsed_lease_is_reclaimable_and_says_nothing_about_the_run_that_held_it ... ok
test a_canonical_repository_path_is_one_module_through_the_store_and_back ... ok
test a_lapsed_dotted_holdout_is_reclaimable_by_the_canonical_slash_key ... ok
test a_lease_may_not_be_renewed_once_the_run_it_protects_has_closed ... ok
test a_live_dotted_holdout_refuses_a_slash_admission_and_keeps_its_row ... ok
test a_lease_history_entry_can_be_neither_updated_nor_deleted ... ok
test a_blocked_first_page_cannot_hide_later_admissions ... ok
test a_renewal_rotates_the_token_and_an_old_token_can_neither_renew_nor_release ... ok
test a_pre_fix_module_lease_recovers_its_declared_task_worktree ... ok
test a_task_that_left_ready_is_refused_even_at_the_admitted_revision ... ok
test a_renewed_lease_that_lapses_is_reclaimable_at_the_token_it_ended_on ... ok
test a_serialization_peer_with_an_open_run_blocks_the_admission ... ok
test a_reused_launch_key_naming_a_different_task_is_refused ... ok
test a_refused_admission_writes_nothing_at_all ... ok
test a_release_must_record_the_instant_its_event_recorded ... ok
test admissions_sharing_a_decided_at_are_not_skipped_by_the_resume_point ... ok
test a_replayed_admission_produces_one_durable_admission_and_no_second_launch ... ok
test each_reclaimed_place_gives_its_own_lease_its_own_lineage ... ok
test distinct_verified_trees_may_hold_one_module_and_a_shared_tree_may_not ... ok
test exact_recovery_decodes_the_durable_qnr_admission_shape ... ok
test a_termination_may_not_also_rotate_the_token_or_move_the_expiry ... ok
test an_admission_writes_the_run_the_lease_the_intent_and_the_decision_together ... ok
test ending_a_lease_by_direct_sql_without_its_event_is_refused ... ok
test every_changed_module_takes_a_lease_and_the_secondary_contends ... ok
test one_task_is_never_admitted_twice_even_with_a_fresh_key_and_no_module ... ok
test the_stores_own_release_and_expiry_paths_still_succeed_and_leave_their_evidence ... ok
test refusals_are_recorded_and_neither_the_decision_nor_the_history_can_be_rewritten ... ok
test the_decision_records_the_ordering_the_capacity_and_the_evidence_digest ... ok
test four_five_seat_teams_spend_four_capacity_envelopes ... ok
test the_exclusion_holds_against_direct_sql_that_never_came_through_the_store ... ok
test two_schedulers_never_admit_the_same_module_twice_even_across_projects ... ok
test unconfirmed_admissions_are_unknown_unbound_queued_roots_only ... ok

test result: ok. 34 passed; 0 failed; 0 ignored; 0 measured; 0 filtered out; finished in 3.79s

     Running tests/schema_v1.rs (/Users/igor/.local/state/asma/epics/ASMA-8278/prepared-diagnostic-20261004-0029/cargo-target/debug/deps/schema_v1-7f46eaa726e5a27d)

running 69 tests
test a_failing_migration_leaves_version_zero_and_no_partial_schema ... ok
test a_failure_in_the_second_migration_rolls_the_first_one_back ... ok
test a_content_gap_has_nowhere_to_put_session_content ... ok
test a_needs_human_row_cannot_be_written_without_its_brief ... ok
test a_derived_state_may_only_be_terminal_together_with_an_outcome ... ok
test a_pinned_snapshot_cannot_be_rewritten_by_direct_sql ... ok
test a_newer_schema_is_refused_rather_than_downgraded ... ok
test a_message_issuance_is_unique_per_id_and_recognises_its_own_replay ... ok
test a_normalized_observation_cannot_be_stored_in_pieces_or_claim_a_used_sequence ... ok
test a_migrated_v1_account_profile_carries_no_invented_state ... ok
test a_concurrent_first_open_initializes_exactly_one_realm ... ok
test a_busy_writer_waits_then_times_out_without_partial_state ... ok
test a_profile_selection_outcome_is_an_immutable_receipt_to_policy_binding ... ok
test a_schema_v1_database_is_upgraded_in_place_and_keeps_its_realm ... ok
test a_replay_checkpoint_and_a_finished_census_never_move_backwards ... ok
test a_task_may_not_depend_on_itself ... ok
test a_terminal_run_cannot_be_reopened_or_edited_by_direct_sql ... ok
test a_terminal_task_cannot_be_changed_by_direct_sql ... ok
test a_terminal_team_run_cannot_be_reopened_or_edited_by_direct_sql ... ok
test all_logical_relationships_are_project_scoped_and_fk_backed ... ok
test an_account_profile_insert_without_explicit_state_is_refused ... ok
test a_profile_missing_only_its_enabled_or_revision_still_refuses_to_load has been running for over 60 seconds
test a_profile_missing_only_its_enabled_or_revision_still_refuses_to_load ... ok
test an_observation_with_no_native_id_is_identified_by_its_sequence_not_its_payload ... ok
test an_empty_database_migrates_to_the_current_schema_version ... ok
test documents_published_before_the_classification_existed_adopt_the_tier_default ... ok
test append_only_tables_reject_update_and_delete_from_direct_sql ... ok
test every_connection_reports_wal_foreign_keys_and_a_bounded_busy_timeout ... ok
test imported_profile_selection_outcome_lineage_is_immutable_and_non_authoritative ... ok
test issuance_boundary_is_frozen_across_replay_and_reopen ... ok
test migration_0010_rebuilds_command_receipts_without_losing_a_row_or_a_reference ... ok
test an_empty_database_creates_exactly_one_immutable_realm has been running for over 60 seconds
test an_empty_database_creates_exactly_one_immutable_realm ... ok
test only_one_active_workflow_and_one_active_calendar_may_exist ... ok
test opening_an_already_migrated_database_is_idempotent ... ok
test realm_identity_survives_reopen_and_cannot_be_replaced ... ok
test realm_metadata_rejects_update_delete_and_duplicate ... ok
test strict_typing_and_check_constraints_reject_impossible_rows ... ok
test the_deployed_consultation_v36_lineage_upgrades_forward ... ok
test v106_preserves_legacy_container_identity_and_leaves_new_readback_unknown ... ok
test the_deployed_op03_v31_lineage_converges_without_losing_its_receipts ... ok
test v113_preserves_known_artifacts_and_their_existing_references ... ok
test rolled_back_cursor_is_never_reused_after_reopen ... ok
test the_integrity_and_foreign_key_checks_pass_on_a_fresh_database ... ok
test the_merged_op12_v41_lineage_upgrades_through_epic_execution_scopes_v43 ... ok
test v127_preserves_every_advisor_and_committee_row_and_rule ... ok
test v128_keeps_every_receipt_and_admits_only_a_current_members_immutable_claim ... ok
test the_operational_hardening_v35_lineage_converges_without_losing_its_receipt ... ok
test the_runtime_event_cursor_is_monotonic_and_never_reused ... ok
test the_schema_contains_exactly_the_expected_tables_and_they_are_all_strict ... ok
test the_schema_has_no_outbound_comment_representation ... ok
test tier_a_operational_tables_have_nowhere_to_store_a_classification ... ok
test v64_preserves_published_committee_remediation_and_its_immutability ... ok
test v65_backfills_published_proposals_and_fences_new_generations ... ok
test v66_claims_remediation_commands_and_re_review_provenance_immutably ... ok
test v108_worktree_correction_evidence_is_append_only ... ok
test v67_keeps_every_provider_usage_heartbeat_immutable_and_permanent ... ok
test v69_preserves_global_round_rows_and_opens_the_positive_u8_domain ... ok
test v80_backfills_only_provable_v79_command_intents_and_fences_the_rest ... ok
test v83_preserves_era_one_remediation_and_separates_reopened_rounds ... ok
test v95_adds_immutable_jira_identity_without_losing_or_inventing_a_single_v94_row ... ok
test v125_fleet_policy_keys_bind_once_and_stay_bound ... ok
test v126_fleet_bundle_keys_bind_once_and_every_binding_stays_bound ... ok
test v123_upgrade_preserves_generic_ledger_and_enforces_immutable_memory_receipts ... ok
test v46_to_v47_canonicalizes_only_the_known_builtin_hash_and_every_reference ... ok
test v47_refuses_an_unknown_reference_hash_before_rewriting_the_builtin ... ok
test v47_refuses_the_builtin_identity_when_its_prior_hash_is_unknown ... ok
test v49_backfills_a_confirmed_receipt_without_tripping_the_immutability_trigger ... ok
test v68_materialization_reroute_lineage_is_immutable_and_has_distinct_receipt_authority ... ok
test v54_seeds_each_existing_project_without_claiming_pending_memory ... ok
test v99_records_a_hold_lift_condition_that_can_neither_be_edited_nor_withdrawn ... ok

test result: ok. 69 passed; 0 failed; 0 ignored; 0 measured; 0 filtered out; finished in 256.80s

     Running tests/succession_attempts.rs (/Users/igor/.local/state/asma/epics/ASMA-8278/prepared-diagnostic-20261004-0029/cargo-target/debug/deps/succession_attempts-f8c1f0fe44dfcab1)

running 8 tests
test identical_runtime_refusal_refreshes_the_current_cursor_once_and_replay_is_inert ... ok
test due_deferred_refresh_admits_at_the_elapsed_exhausted_reset_boundary ... ok
test due_deferred_refresh_can_record_another_exact_future_wait ... ok
test handoff_retirement_successor_readback_and_receipt_advance_once ... ok
test schema_rejects_route_only_mutation_that_bypasses_the_due_refresh_cas ... ok
test a_typed_refusal_frees_the_slot_without_a_handoff_unavailable_escape ... ok
test exact_quota_cursor_and_one_active_slot_are_durable_across_restart ... ok
test succession_attempts_round_trip_only_as_non_executable_lineage ... ok

test result: ok. 8 passed; 0 failed; 0 ignored; 0 measured; 0 filtered out; finished in 5.17s

     Running tests/team_definition_backup_contract.rs (/Users/igor/.local/state/asma/epics/ASMA-8278/prepared-diagnostic-20261004-0029/cargo-target/debug/deps/team_definition_backup_contract-600b646871542b2d)

running 2 tests
test typed_export_carries_every_team_definition_surface ... ok
test a_verified_snapshot_restore_preserves_the_team_definition_surfaces ... ok

test result: ok. 2 passed; 0 failed; 0 ignored; 0 measured; 0 filtered out; finished in 5.53s

     Running tests/team_definition_migration_completeness.rs (/Users/igor/.local/state/asma/epics/ASMA-8278/prepared-diagnostic-20261004-0029/cargo-target/debug/deps/team_definition_migration_completeness-e3f3cfb14caac052)

running 24 tests
test a_fork_with_an_unbound_current_leaf_also_refuses_the_migration_census ... ok
test a_genuine_delivery_fork_refuses_the_native_migration_census ... ok
test a_migration_that_omits_a_live_native_subject_is_refused_before_any_mutation ... ok
test a_live_delivery_session_with_no_seat_at_its_slot_fails_closed ... ok
test a_migration_recorded_before_a_seatless_session_appears_cannot_confirm ... ok
test a_migration_must_match_the_live_census_in_both_subject_and_identity_directions ... ok
test a_delivery_replacement_census_uses_only_its_current_native_leaf ... ok
test a_target_definition_that_does_not_declare_a_live_node_kind_is_refused ... ok
test a_crash_between_the_pin_commit_and_the_receipt_recovers_from_the_same_key ... ok
test a_migration_that_omits_a_live_delivery_seat_is_refused ... ok
test a_terminal_team_run_makes_legacy_seatless_bound_sessions_history ... ok
test an_epic_team_run_with_no_seat_bindings_at_all_cannot_advance_the_pin ... ok
test an_in_flight_migration_atomically_fences_node_and_seat_lifecycle ... ok
test an_empty_native_census_can_upgrade_and_replay_after_reopen ... ok
test an_empty_requested_census_cannot_hide_existing_native_subjects ... ok
test an_exact_rename_pending_seat_can_be_retired_before_migration_confirmation ... ok
test an_inactive_delivery_seat_is_history_and_does_not_block_apply ... ok
test an_ordinary_multi_seat_team_run_censuses_each_seat_exactly_once ... ok
test an_operator_abandoned_unbound_attempt_does_not_hide_the_current_native ... ok
test abandoned_bridges_preserve_current_delivery_migration_record_and_confirmation has been running for over 60 seconds
test confirmation_re_proves_parity_against_the_live_census ... ok
test consecutive_trailing_abandoned_attempts_keep_the_bound_predecessor_current ... ok
test an_unbound_delivery_leaf_never_substitutes_its_bound_predecessor ... ok
test the_census_lists_every_live_native_bearing_subject_of_the_epic ... ok
test abandoned_bridges_preserve_current_delivery_migration_record_and_confirmation ... ok

test result: ok. 24 passed; 0 failed; 0 ignored; 0 measured; 0 filtered out; finished in 118.61s

     Running tests/team_definition_persistence.rs (/Users/igor/.local/state/asma/epics/ASMA-8278/prepared-diagnostic-20261004-0029/cargo-target/debug/deps/team_definition_persistence-8b9fbcb9ef8828e5)

running 32 tests
test a_legacy_consultation_without_a_topic_stays_readable_and_renders_nothing ... ok
test a_definition_naming_an_unpublished_topology_revision_is_refused ... ok
test a_seat_target_and_its_container_do_not_share_a_key ... ok
test a_consultation_topic_round_trips_and_is_reachable_from_its_topology_node ... ok
test a_placement_must_describe_the_subject_it_is_recorded_against ... ok
test a_published_team_definition_revision_cannot_be_replaced_even_with_the_same_bytes ... ok
test a_migration_replays_under_its_key_instead_of_recording_a_rival ... ok
test a_migration_with_runtime_effects_stays_resumable_instead_of_going_terminal ... ok
test a_legacy_topic_correction_preserves_the_run_and_replays_one_authority ... ok
test a_fresh_invocation_key_cannot_freeze_the_same_semantic_consultation_twice ... ok
test a_second_pin_for_the_same_epic_is_refused ... ok
test a_stale_selection_preview_cannot_overwrite_a_newer_choice ... ok
test a_success_state_cannot_be_claimed_without_the_exact_desired_placement ... ok
test a_settled_migration_can_no_longer_supply_a_topic ... ok
test an_epic_keeps_its_frozen_definition_when_the_project_default_moves ... ok
test a_migration_cannot_enumerate_a_node_of_another_project_or_epic ... ok
test all_three_target_kinds_persist_and_confirm_under_their_own_identities ... ok
test an_epic_may_have_only_one_migration_in_flight ... ok
test a_recorded_migration_and_its_pin_survive_a_restart ... ok
test an_observation_whose_native_id_changed_is_refused ... ok
test definitions_round_trip_byte_exactly_and_list_deterministically ... ok
test one_key_cannot_stand_for_two_different_migrations ... ok
test an_operator_supplied_topic_is_written_once_with_its_migration_provenance ... ok
test publication_composes_against_the_exact_topology_bytes_and_rules ... ok
test a_topic_cannot_be_supplied_across_a_project_boundary ... ok
test several_seats_on_one_node_are_distinct_targets_that_survive_preview_and_confirmation ... ok
test the_fence_reports_the_in_flight_migration_and_clears_when_it_is_abandoned ... ok
test the_project_default_is_re_selectable_and_refuses_a_hash_that_was_never_published ... ok
test the_pin_moves_only_after_every_target_reads_back_its_desired_title ... ok
test concurrent_semantic_identity_losers_get_the_typed_duplicate_naming_the_survivor ... ok
test an_unreceipted_v79_migration_is_explicitly_unrecoverable_not_not_found ... ok
test the_settled_topic_correction_may_not_also_move_the_subject ... ok

test result: ok. 32 passed; 0 failed; 0 ignored; 0 measured; 0 filtered out; finished in 3.29s

     Running tests/team_run_admission_adoption.rs (/Users/igor/.local/state/asma/epics/ASMA-8278/prepared-diagnostic-20261004-0029/cargo-target/debug/deps/team_run_admission_adoption-abf0ea0a4a259dbe)

running 18 tests
test a_run_that_moved_since_the_caller_read_it_is_refused ... ok
test a_slot_the_frozen_snapshot_does_not_declare_is_refused ... ok
test a_run_that_is_not_an_unstarted_admission_is_refused ... ok
test a_refused_adoption_writes_nothing_at_all ... ok
test a_closed_task_cannot_adopt_a_run ... ok
test a_slot_that_already_owes_a_dispatch_needs_no_adoption ... ok
test a_terminal_team_cannot_adopt_a_run ... ok
test a_run_a_runtime_already_bound_is_not_adoptable ... ok
test a_run_the_scheduler_already_admitted_is_refused ... ok
test a_run_from_another_team_or_holding_another_role_is_refused ... ok
test an_unclaimed_run_is_adopted_into_its_declared_slot ... ok
test the_same_command_replays_onto_the_same_adoption ... ok
test a_waived_slot_is_refused ... ok
test an_adoption_can_be_neither_edited_nor_removed ... ok
test one_slot_and_one_run_are_adopted_exactly_once ... ok
test the_same_receipt_carrying_a_different_claim_is_refused ... ok
test local_adoption_replay_after_reopen_preserves_original_evidence_and_refuses_changed_intent ... ok
test local_adoption_refusal_rolls_back_receipt_result_and_confirmation_then_same_key_succeeds ... ok

test result: ok. 18 passed; 0 failed; 0 ignored; 0 measured; 0 filtered out; finished in 4.07s

     Running unittests src/lib.rs (/Users/igor/.local/state/asma/epics/ASMA-8278/prepared-diagnostic-20261004-0029/cargo-target/debug/deps/kontor_tests_contract-89dbb1237e44c2cf)

running 0 tests

test result: ok. 0 passed; 0 failed; 0 ignored; 0 measured; 0 filtered out; finished in 0.00s

     Running guardrails.rs (/Users/igor/.local/state/asma/epics/ASMA-8278/prepared-diagnostic-20261004-0029/cargo-target/debug/deps/guardrails-67d70f08188b3a6f)

running 5 tests
test a_destructive_action_without_its_approval_has_no_runtime_effect ... ok
test two_rejections_park_before_another_builder_can_launch ... ok
test a_wrong_or_ambiguous_worktree_parks_with_no_runtime_effect ... ok
test safe_deterministic_repair_happens_once_per_episode ... ok
test the_exact_recorded_worktree_is_admitted_and_reaches_the_runtime ... ok

test result: ok. 5 passed; 0 failed; 0 ignored; 0 measured; 0 filtered out; finished in 25.94s

     Running mcp_cardinality.rs (/Users/igor/.local/state/asma/epics/ASMA-8278/prepared-diagnostic-20261004-0029/cargo-target/debug/deps/mcp_cardinality-8f2074988bcac47d)

running 12 tests
test a_local_operation_is_never_listed_or_dispatched_over_mcp ... ok
test an_operator_may_not_waive_a_gate_but_may_record_an_ordinary_verdict ... ok
test an_operator_cannot_reach_an_admin_tool ... ok
test a_daemon_failure_is_not_retried ... ok
test an_observer_is_refused_before_a_request_exists ... ok
test a_refusal_and_a_malformed_call_both_dispatch_nothing ... ok
test a_streamed_read_stops_at_the_frame_bound_it_was_given ... ok
test a_streamed_read_returns_frames_from_one_response_and_never_reconnects ... ok
test the_daemons_status_and_body_are_returned_unchanged ... ok
test a_replayed_write_returns_the_original_receipt_untouched_and_is_not_cached ... ok
test an_admitted_call_makes_exactly_one_request_and_no_retry ... ok
test every_tool_makes_exactly_one_authenticated_request_with_its_declared_shape ... ok

test result: ok. 12 passed; 0 failed; 0 ignored; 0 measured; 0 filtered out; finished in 0.20s

     Running mcp_mutants.rs (/Users/igor/.local/state/asma/epics/ASMA-8278/prepared-diagnostic-20261004-0029/cargo-target/debug/deps/mcp_mutants-2a3db3be478f06e8)

running 12 tests
test a_non_loopback_endpoint_is_refused_before_a_client_exists ... ok
test a_hostile_path_argument_cannot_move_the_route ... ok
test no_tool_names_a_store_a_database_or_a_migration ... ok
test every_schema_bypass_is_refused_with_nothing_dispatched ... ok
test no_tool_names_a_tracker_field_a_status_or_an_assignee ... ok
test no_tool_names_a_runtime_endpoint_or_a_provider ... ok
test no_tool_can_name_a_credential_an_address_or_a_proxy ... ok
test the_comment_mirror_can_carry_no_prose_and_sends_nothing ... ok
test a_redirect_off_loopback_is_not_followed_and_carries_no_credential ... ok
test no_secret_can_appear_in_a_tool_schema ... ok
test kontor_mcp_has_no_dependency_path_to_a_forbidden_crate ... ok
test the_local_fleet_read_has_no_dependency_path_to_a_daemon ... ok

test result: ok. 12 passed; 0 failed; 0 ignored; 0 measured; 0 filtered out; finished in 1.17s

     Running mcp_parity.rs (/Users/igor/.local/state/asma/epics/ASMA-8278/prepared-diagnostic-20261004-0029/cargo-target/debug/deps/mcp_parity-cc208a8e39b06e22)

running 12 tests
test the_local_documents_and_default_port_match_the_daemons ... ok
test the_permission_decisions_match_the_runtimes_own_spelling ... ok
test the_tier_of_every_tool_is_the_one_the_daemon_requires ... ok
test every_tool_schema_is_closed_and_types_its_properties ... ok
test every_declared_nested_object_matches_the_contracts_own_dto ... ok
test the_lifecycle_actions_match_the_contracts_own_enum ... ok
test every_documented_operation_is_mapped_once_or_allowlisted_once ... ok
test the_allowlist_holds_only_real_routes_and_the_contract_document_itself ... ok
test every_tool_targets_an_operation_that_exists ... ok
test every_tool_declares_the_same_parameters_the_contract_does ... ok
test the_snapshot_canary_holds_at_this_base ... ok
test every_tool_declares_the_same_body_properties_the_contract_does ... ok

test result: ok. 12 passed; 0 failed; 0 ignored; 0 measured; 0 filtered out; finished in 0.08s

     Running profiles_teams.rs (/Users/igor/.local/state/asma/epics/ASMA-8278/prepared-diagnostic-20261004-0029/cargo-target/debug/deps/profiles_teams-e1290c7d9f44ed9e)

running 11 tests
test hydration_from_two_live_leaves_yields_no_launch_permit ... ok
test a_task_cannot_close_while_a_declared_role_slot_is_still_open ... ok
test a_team_certificate_converts_into_evidence_the_store_recomputes ... ok
test a_resolved_bundle_matches_what_the_store_reads_back ... ok
test a_second_session_for_one_seat_is_refused_before_the_runtime_is_called ... ok
test replacement_closes_the_old_session_and_links_the_successor ... ok
test omitting_one_declared_seat_refuses_team_closure ... ok
test the_store_re_proves_a_team_citation_against_its_own_rows ... ok
test hydration_rejects_lineage_the_slot_api_could_never_have_produced ... ok
test publishing_a_second_revision_leaves_every_v1_row_and_snapshot_alone ... ok
test two_declared_slots_of_one_role_run_concurrently_in_one_workspace ... ok

test result: ok. 11 passed; 0 failed; 0 ignored; 0 measured; 0 filtered out; finished in 47.98s

     Running runtime_adapter.rs (/Users/igor/.local/state/asma/epics/ASMA-8278/prepared-diagnostic-20261004-0029/cargo-target/debug/deps/runtime_adapter-f6a99cd395163422)

running 52 tests
test a_binding_the_runtime_never_issued_closes_nothing ... ok
test a_replayed_compaction_returns_the_original_receipt ... ok
test a_confirmed_compaction_requires_the_same_native_session ... ok
test a_fabricated_session_binding_cannot_drive_a_live_session ... ok
test a_fabricated_workspace_binding_is_refused_before_any_effect ... ok
test a_required_policy_a_runtime_cannot_enforce_fails_before_any_call ... ok
test a_best_effort_policy_launches_and_stays_visibly_not_enforced ... ok
test a_scripted_transport_failure_refuses_every_operation ... ok
test a_boundary_compaction_without_a_sealed_handoff_is_refused_before_any_call ... ok
test a_step_pinned_to_one_request_is_not_spent_on_another ... ok
test a_workspace_root_alias_cannot_dodge_the_guard_rails ... ok
test adopt_refuses_a_second_session_for_one_run ... ok
test account_pinned_launch_requires_account_env ... ok
test binding_keeps_capability_snapshot_across_rediscovery ... ok
test epoch_change_requires_timeline_refetch ... ok
test adopt_requires_explicit_correlation ... ok
test duplicate_content_is_dropped_and_a_contradiction_is_refused ... ok
test an_unenforced_compaction_emits_no_call_and_never_confirms ... ok
test cancel_ack_is_not_terminal_until_observed ... ok
test all_typed_operations_preserve_kontor_identity ... ok
test grade_c_cannot_autonomously_dispatch ... ok
test fake_restart_preserves_effects_and_changes_generation ... ok
test grade_b_terminal_requires_fresh_inspect ... ok
test history_then_strict_after_live_is_exactly_once ... ok
test grade_c_terminal_report_is_not_terminal_evidence ... ok
test launch_without_a_workspace_binding_is_refused_before_any_effect ... ok
test launch_with_a_mismatched_workspace_root_is_refused_before_any_effect ... ok
test launch_binds_native_generation_with_correlation ... ok
test lost_ack_retry_returns_original_message_once ... ok
test limits_fail_before_effect ... ok
test observation_separates_contact_from_run_state ... ok
test reconcile_classifies_missing_orphan_and_adoptable_sessions ... ok
test native_ids_never_substitute_for_kontor_ids ... ok
test out_of_order_event_does_not_advance_timeline ... ok
test same_message_id_with_different_body_is_rejected ... ok
test permission_wait_survives_history_and_live ... ok
test restart_generation_invalidates_stale_binding ... ok
test permission_response_is_idempotent_and_session_bound ... ok
test task_workspace_must_not_be_the_runtime_root ... ok
test scripted_fake_passes_adapter_contract ... ok
test scripted_fake_passes_reconciliation_contract ... ok
test sequence_gap_requires_timeline_refetch ... ok
test unsupported_launch_fails_before_adapter_call ... ok
test selective_live_subscription_still_validates_every_position ... ok
test scripted_fake_passes_session_content_contract ... ok
test workspace_binding_keeps_its_capability_snapshot ... ok
test stream_close_without_terminal_remains_unconfirmed ... ok
test team_run_roles_share_one_verified_workspace_binding ... ok
test workspace_prepare_is_idempotent_for_one_team_run ... ok
test workspace_prepare_retry_returns_the_frozen_capability_snapshot ... ok
test unsupported_session_operation_fails_before_adapter_call ... ok
test unknown_compaction_telemetry_is_absent_and_never_zero ... ok

test result: ok. 52 passed; 0 failed; 0 ignored; 0 measured; 0 filtered out; finished in 0.01s

     Running scheduling.rs (/Users/igor/.local/state/asma/epics/ASMA-8278/prepared-diagnostic-20261004-0029/cargo-target/debug/deps/scheduling-4464957ae3ec65ac)

running 2 tests
test the_scheduler_admits_a_bundled_profile_and_its_lease_stops_the_next_contender ... ok
test a_lost_launch_and_a_restart_still_leave_exactly_one_durable_admission ... ok

test result: ok. 2 passed; 0 failed; 0 ignored; 0 measured; 0 filtered out; finished in 5.95s

   Doc-tests kontor_api

running 0 tests

test result: ok. 0 passed; 0 failed; 0 ignored; 0 measured; 0 filtered out; finished in 0.00s

   Doc-tests kontor_core

running 1 test
test crates/kontor-core/src/planning_pair.rs - planning_pair::PlanningPairRun (line 612) ... ok

test result: ok. 1 passed; 0 failed; 0 ignored; 0 measured; 0 filtered out; finished in 0.00s


running 4 tests
test crates/kontor-core/src/planning_pair.rs - planning_pair::PlanningPairRun (line 629) - compile fail ... ok
test crates/kontor-core/src/planning_pair.rs - planning_pair::PlanningPairRun (line 645) - compile fail ... ok
test crates/kontor-core/src/planning_pair.rs - planning_pair::PlanningPairRun (line 621) - compile fail ... ok
test crates/kontor-core/src/planning_pair.rs - planning_pair::PlanningPairRun (line 637) - compile fail ... ok

test result: ok. 4 passed; 0 failed; 0 ignored; 0 measured; 0 filtered out; finished in 0.10s

all doctests ran in 1.12s; merged doctests compilation took 0.71s
   Doc-tests kontor_daemon

running 0 tests

test result: ok. 0 passed; 0 failed; 0 ignored; 0 measured; 0 filtered out; finished in 0.00s

   Doc-tests kontor_fleet

running 0 tests

test result: ok. 0 passed; 0 failed; 0 ignored; 0 measured; 0 filtered out; finished in 0.00s

   Doc-tests kontor_fleet_activation

running 0 tests

test result: ok. 0 passed; 0 failed; 0 ignored; 0 measured; 0 filtered out; finished in 0.00s

   Doc-tests kontor_mcp

running 0 tests

test result: ok. 0 passed; 0 failed; 0 ignored; 0 measured; 0 filtered out; finished in 0.00s

   Doc-tests kontor_memory_cognee

running 0 tests

test result: ok. 0 passed; 0 failed; 0 ignored; 0 measured; 0 filtered out; finished in 0.00s

   Doc-tests kontor_runtime

running 2 tests
test crates/kontor-runtime/src/planning_pair/attestation.rs - planning_pair::attestation::VerifiedAttestation (line 188) - compile fail ... ok
test crates/kontor-runtime/src/planning_pair/attestation.rs - planning_pair::attestation::VerifiedAttestation (line 195) - compile fail ... ok

test result: ok. 2 passed; 0 failed; 0 ignored; 0 measured; 0 filtered out; finished in 0.08s

   Doc-tests kontor_runtime_ao

running 0 tests

test result: ok. 0 passed; 0 failed; 0 ignored; 0 measured; 0 filtered out; finished in 0.00s

   Doc-tests kontor_runtime_codex

running 0 tests

test result: ok. 0 passed; 0 failed; 0 ignored; 0 measured; 0 filtered out; finished in 0.00s

   Doc-tests kontor_runtime_paseo

running 0 tests

test result: ok. 0 passed; 0 failed; 0 ignored; 0 measured; 0 filtered out; finished in 0.00s

   Doc-tests kontor_store

running 0 tests

test result: ok. 0 passed; 0 failed; 0 ignored; 0 measured; 0 filtered out; finished in 0.00s

   Doc-tests kontor_tests_contract

running 0 tests

test result: ok. 0 passed; 0 failed; 0 ignored; 0 measured; 0 filtered out; finished in 0.00s

