warning[duplicate]: found 2 duplicate entries for crate 'aes'
  ┌─ /Users/igor/.paseo/worktrees/0n8yzbno/feat-asma-8156-typed-experience-contract-and/Cargo.lock:4:1
  │
4 │ ╭ aes 0.8.4 registry+https://github.com/rust-lang/crates.io-index
5 │ │ aes 0.9.3 registry+https://github.com/rust-lang/crates.io-index
  │ ╰───────────────────────────────────────────────────────────────┘ lock entries
  │
  ├ aes v0.8.4
    ├── aes-gcm v0.10.3
    │   └── iota-crypto v0.23.2
    │       ├── iota_stronghold v2.1.0
    │       │   └── tauri-plugin-stronghold v2.3.1
    │       │       └── kontor-desktop v0.2.1
    │       ├── stronghold-runtime v2.0.1
    │       │   └── stronghold_engine v2.0.1
    │       │       └── iota_stronghold v2.1.0 (*)
    │       ├── stronghold_engine v2.0.1 (*)
    │       └── tauri-plugin-stronghold v2.3.1 (*)
    └── iota-crypto v0.23.2 (*)
  ├ aes v0.9.3
    └── secret-service v5.2.0
        └── zbus-secret-service-keyring-store v1.0.1
            └── keyring v4.1.6
                └── kontor-accounts v0.2.1
                    ├── kontor-daemon v0.2.1
                    │   ├── (dev) kontor-cli v0.2.1
                    │   ├── (dev) kontor-tests-contract v0.2.1
                    │   │   ├── (dev) kontor-runtime-ao v0.2.1
                    │   │   ├── (dev) kontor-runtime-codex v0.2.1
                    │   │   ├── (dev) kontor-runtime-paseo v0.2.1
                    │   │   │   └── kontor-daemon v0.2.1 (*)
                    │   │   └── (dev) kontor-tests-e2e v0.2.1
                    │   └── (dev) kontor-tests-e2e v0.2.1 (*)
                    ├── kontor-jira v0.2.1
                    │   ├── kontor-daemon v0.2.1 (*)
                    │   └── (dev) kontor-tests-e2e v0.2.1 (*)
                    ├── kontor-runtime-codex v0.2.1 (*)
                    └── (dev) kontor-tests-e2e v0.2.1 (*)

warning[duplicate]: found 4 duplicate entries for crate 'base64'
   ┌─ /Users/igor/.paseo/worktrees/0n8yzbno/feat-asma-8156-typed-experience-contract-and/Cargo.lock:40:1
   │
40 │ ╭ base64 0.13.1 registry+https://github.com/rust-lang/crates.io-index
41 │ │ base64 0.21.7 registry+https://github.com/rust-lang/crates.io-index
42 │ │ base64 0.22.1 registry+https://github.com/rust-lang/crates.io-index
43 │ │ base64 0.23.1 registry+https://github.com/rust-lang/crates.io-index
   │ ╰───────────────────────────────────────────────────────────────────┘ lock entries
   │
   ├ base64 v0.13.1
     └── rust-argon2 v1.0.0
         └── iota_stronghold v2.1.0
             └── tauri-plugin-stronghold v2.3.1
                 └── kontor-desktop v0.2.1
   ├ base64 v0.21.7
     ├── iota-crypto v0.23.2
     │   ├── iota_stronghold v2.1.0
     │   │   └── tauri-plugin-stronghold v2.3.1
     │   │       └── kontor-desktop v0.2.1
     │   ├── stronghold-runtime v2.0.1
     │   │   └── stronghold_engine v2.0.1
     │   │       └── iota_stronghold v2.1.0 (*)
     │   ├── stronghold_engine v2.0.1 (*)
     │   └── tauri-plugin-stronghold v2.3.1 (*)
     ├── rust-argon2 v2.1.0
     │   └── tauri-plugin-stronghold v2.3.1 (*)
     └── swift-rs v1.0.8
         └── tauri-utils v2.9.3
             ├── tauri v2.11.5
             │   ├── kontor-desktop v0.2.1 (*)
             │   └── tauri-plugin-stronghold v2.3.1 (*)
             ├── tauri-build v2.6.3
             │   ├── (build) kontor-desktop v0.2.1 (*)
             │   └── (build) tauri v2.11.5 (*)
             ├── tauri-codegen v2.6.3
             │   └── tauri-macros v2.6.3
             │       └── tauri v2.11.5 (*)
             ├── tauri-macros v2.6.3 (*)
             ├── tauri-plugin v2.6.3
             │   └── (build) tauri-plugin-stronghold v2.3.1 (*)
             ├── tauri-runtime v2.11.3
             │   ├── tauri v2.11.5 (*)
             │   └── tauri-runtime-wry v2.11.4
             │       └── tauri v2.11.5 (*)
             └── tauri-runtime-wry v2.11.4 (*)
   ├ base64 v0.22.1
     ├── hyper-util v0.1.20
     │   ├── axum v0.8.9
     │   │   ├── kontor-api v0.2.1
     │   │   │   ├── (dev) kontor-cli v0.2.1
     │   │   │   ├── kontor-daemon v0.2.1
     │   │   │   │   ├── (dev) kontor-cli v0.2.1 (*)
     │   │   │   │   ├── (dev) kontor-tests-contract v0.2.1
     │   │   │   │   │   ├── (dev) kontor-runtime-ao v0.2.1
     │   │   │   │   │   ├── (dev) kontor-runtime-codex v0.2.1
     │   │   │   │   │   ├── (dev) kontor-runtime-paseo v0.2.1
     │   │   │   │   │   │   └── kontor-daemon v0.2.1 (*)
     │   │   │   │   │   └── (dev) kontor-tests-e2e v0.2.1
     │   │   │   │   └── (dev) kontor-tests-e2e v0.2.1 (*)
     │   │   │   ├── (dev) kontor-tests-contract v0.2.1 (*)
     │   │   │   └── (dev) kontor-tests-e2e v0.2.1 (*)
     │   │   ├── (dev) kontor-cli v0.2.1 (*)
     │   │   ├── kontor-daemon v0.2.1 (*)
     │   │   └── (dev) kontor-tests-e2e v0.2.1 (*)
     │   ├── hyper-rustls v0.27.9
     │   │   └── reqwest v0.13.4
     │   │       ├── kontor-calendar v0.2.1
     │   │       │   └── kontor-store v0.2.1
     │   │       │       ├── (dev) kontor-accounts v0.2.1
     │   │       │       │   ├── kontor-daemon v0.2.1 (*)
     │   │       │       │   ├── kontor-jira v0.2.1
     │   │       │       │   │   ├── kontor-daemon v0.2.1 (*)
     │   │       │       │   │   └── (dev) kontor-tests-e2e v0.2.1 (*)
     │   │       │       │   ├── kontor-runtime-codex v0.2.1 (*)
     │   │       │       │   └── (dev) kontor-tests-e2e v0.2.1 (*)
     │   │       │       ├── kontor-api v0.2.1 (*)
     │   │       │       ├── (dev) kontor-cli v0.2.1 (*)
     │   │       │       ├── (dev) kontor-daemon v0.2.1 (*)
     │   │       │       ├── (dev) kontor-tests-contract v0.2.1 (*)
     │   │       │       └── (dev) kontor-tests-e2e v0.2.1 (*)
     │   │       ├── (dev) kontor-cli v0.2.1 (*)
     │   │       ├── kontor-daemon v0.2.1 (*)
     │   │       ├── kontor-jira v0.2.1 (*)
     │   │       ├── kontor-mcp v0.2.1
     │   │       │   ├── kontor-cli v0.2.1 (*)
     │   │       │   ├── (dev) kontor-daemon v0.2.1 (*)
     │   │       │   ├── (dev) kontor-tests-contract v0.2.1 (*)
     │   │       │   └── (dev) kontor-tests-e2e v0.2.1 (*)
     │   │       ├── kontor-runtime-ao v0.2.1 (*)
     │   │       ├── kontor-runtime-codex v0.2.1 (*)
     │   │       └── kontor-runtime-paseo v0.2.1 (*)
     │   ├── reqwest v0.13.4 (*)
     │   └── wiremock v0.6.5
     │       ├── (dev) kontor-daemon v0.2.1 (*)
     │       ├── (dev) kontor-jira v0.2.1 (*)
     │       ├── (dev) kontor-runtime-codex v0.2.1 (*)
     │       └── (dev) kontor-tests-contract v0.2.1 (*)
     ├── reqwest v0.13.4 (*)
     ├── tauri-codegen v2.6.3
     │   └── tauri-macros v2.6.3
     │       └── tauri v2.11.5
     │           ├── kontor-desktop v0.2.1
     │           └── tauri-plugin-stronghold v2.3.1
     │               └── kontor-desktop v0.2.1 (*)
     ├── utoipa-swagger-ui v9.0.2
     │   └── kontor-api v0.2.1 (*)
     └── wiremock v0.6.5 (*)
   ├ base64 v0.23.1
     ├── plist v1.10.1
     │   ├── tauri v2.11.5
     │   │   ├── kontor-desktop v0.2.1
     │   │   └── tauri-plugin-stronghold v2.3.1
     │   │       └── kontor-desktop v0.2.1 (*)
     │   ├── tauri-codegen v2.6.3
     │   │   └── tauri-macros v2.6.3
     │   │       └── tauri v2.11.5 (*)
     │   ├── tauri-plugin v2.6.3
     │   │   └── (build) tauri-plugin-stronghold v2.3.1 (*)
     │   └── tauri-utils v2.9.3
     │       ├── tauri v2.11.5 (*)
     │       ├── tauri-build v2.6.3
     │       │   ├── (build) kontor-desktop v0.2.1 (*)
     │       │   └── (build) tauri v2.11.5 (*)
     │       ├── tauri-codegen v2.6.3 (*)
     │       ├── tauri-macros v2.6.3 (*)
     │       ├── tauri-plugin v2.6.3 (*)
     │       ├── tauri-runtime v2.11.3
     │       │   ├── tauri v2.11.5 (*)
     │       │   └── tauri-runtime-wry v2.11.4
     │       │       └── tauri v2.11.5 (*)
     │       └── tauri-runtime-wry v2.11.4 (*)
     ├── rmcp v3.1.2
     │   └── kontor-mcp v0.2.1
     │       ├── kontor-cli v0.2.1
     │       ├── (dev) kontor-daemon v0.2.1
     │       │   ├── (dev) kontor-cli v0.2.1 (*)
     │       │   ├── (dev) kontor-tests-contract v0.2.1
     │       │   │   ├── (dev) kontor-runtime-ao v0.2.1
     │       │   │   ├── (dev) kontor-runtime-codex v0.2.1
     │       │   │   ├── (dev) kontor-runtime-paseo v0.2.1
     │       │   │   │   └── kontor-daemon v0.2.1 (*)
     │       │   │   └── (dev) kontor-tests-e2e v0.2.1
     │       │   └── (dev) kontor-tests-e2e v0.2.1 (*)
     │       ├── (dev) kontor-tests-contract v0.2.1 (*)
     │       └── (dev) kontor-tests-e2e v0.2.1 (*)
     ├── ureq v3.4.2
     │   └── (build) libsodium-sys-stable v1.24.0
     │       └── stronghold-runtime v2.0.1
     │           └── stronghold_engine v2.0.1
     │               └── iota_stronghold v2.1.0
     │                   └── tauri-plugin-stronghold v2.3.1 (*)
     └── ureq-proto v0.6.4
         └── ureq v3.4.2 (*)

warning[duplicate]: found 2 duplicate entries for crate 'bitflags'
   ┌─ /Users/igor/.paseo/worktrees/0n8yzbno/feat-asma-8156-typed-experience-contract-and/Cargo.lock:47:1
   │
47 │ ╭ bitflags 1.3.2 registry+https://github.com/rust-lang/crates.io-index
48 │ │ bitflags 2.13.2 registry+https://github.com/rust-lang/crates.io-index
   │ ╰─────────────────────────────────────────────────────────────────────┘ lock entries
   │
   ├ bitflags v1.3.2
     ├── javascriptcore-rs v1.1.2
     │   ├── webkit2gtk v2.0.2
     │   │   ├── tauri v2.11.5
     │   │   │   ├── kontor-desktop v0.2.1
     │   │   │   └── tauri-plugin-stronghold v2.3.1
     │   │   │       └── kontor-desktop v0.2.1 (*)
     │   │   ├── tauri-runtime v2.11.3
     │   │   │   ├── tauri v2.11.5 (*)
     │   │   │   └── tauri-runtime-wry v2.11.4
     │   │   │       └── tauri v2.11.5 (*)
     │   │   ├── tauri-runtime-wry v2.11.4 (*)
     │   │   └── wry v0.55.1
     │   │       └── tauri-runtime-wry v2.11.4 (*)
     │   └── wry v0.55.1 (*)
     ├── nix v0.24.3
     │   └── stronghold-runtime v2.0.1
     │       └── stronghold_engine v2.0.1
     │           └── iota_stronghold v2.1.0
     │               └── tauri-plugin-stronghold v2.3.1 (*)
     ├── png v0.17.16
     │   ├── ico v0.5.0
     │   │   └── tauri-codegen v2.6.3
     │   │       └── tauri-macros v2.6.3
     │   │           └── tauri v2.11.5 (*)
     │   └── tauri-codegen v2.6.3 (*)
     ├── webkit2gtk v2.0.2 (*)
     └── webkit2gtk-sys v2.0.2
         ├── webkit2gtk v2.0.2 (*)
         └── wry v0.55.1 (*)
   ├ bitflags v2.13.2
     ├── cairo-rs v0.18.5
     │   ├── gdk v0.18.2
     │   │   ├── gdkx11 v0.18.2
     │   │   │   └── wry v0.55.1
     │   │   │       └── tauri-runtime-wry v2.11.4
     │   │   │           └── tauri v2.11.5
     │   │   │               ├── kontor-desktop v0.2.1
     │   │   │               └── tauri-plugin-stronghold v2.3.1
     │   │   │                   └── kontor-desktop v0.2.1 (*)
     │   │   ├── gtk v0.18.2
     │   │   │   ├── muda v0.19.3
     │   │   │   │   └── tauri v2.11.5 (*)
     │   │   │   ├── tao v0.35.3
     │   │   │   │   └── tauri-runtime-wry v2.11.4 (*)
     │   │   │   ├── tauri v2.11.5 (*)
     │   │   │   ├── tauri-runtime v2.11.3
     │   │   │   │   ├── tauri v2.11.5 (*)
     │   │   │   │   └── tauri-runtime-wry v2.11.4 (*)
     │   │   │   ├── tauri-runtime-wry v2.11.4 (*)
     │   │   │   ├── webkit2gtk v2.0.2
     │   │   │   │   ├── tauri v2.11.5 (*)
     │   │   │   │   ├── tauri-runtime v2.11.3 (*)
     │   │   │   │   ├── tauri-runtime-wry v2.11.4 (*)
     │   │   │   │   └── wry v0.55.1 (*)
     │   │   │   └── wry v0.55.1 (*)
     │   │   └── webkit2gtk v2.0.2 (*)
     │   ├── gtk v0.18.2 (*)
     │   └── webkit2gtk v2.0.2 (*)
     ├── core-graphics v0.25.0
     │   └── tao v0.35.3 (*)
     ├── core-graphics-types v0.2.0
     │   └── core-graphics v0.25.0 (*)
     ├── dispatch2 v0.3.1
     │   └── tao v0.35.3 (*)
     ├── glib v0.18.5
     │   ├── atk v0.18.2
     │   │   └── gtk v0.18.2 (*)
     │   ├── cairo-rs v0.18.5 (*)
     │   ├── gdk v0.18.2 (*)
     │   ├── gdk-pixbuf v0.18.5
     │   │   ├── gdk v0.18.2 (*)
     │   │   └── gtk v0.18.2 (*)
     │   ├── gdkx11 v0.18.2 (*)
     │   ├── gio v0.18.4
     │   │   ├── gdk v0.18.2 (*)
     │   │   ├── gdk-pixbuf v0.18.5 (*)
     │   │   ├── gdkx11 v0.18.2 (*)
     │   │   ├── gtk v0.18.2 (*)
     │   │   ├── pango v0.18.3
     │   │   │   ├── gdk v0.18.2 (*)
     │   │   │   └── gtk v0.18.2 (*)
     │   │   ├── soup3 v0.5.0
     │   │   │   ├── webkit2gtk v2.0.2 (*)
     │   │   │   └── wry v0.55.1 (*)
     │   │   └── webkit2gtk v2.0.2 (*)
     │   ├── gtk v0.18.2 (*)
     │   ├── javascriptcore-rs v1.1.2
     │   │   ├── webkit2gtk v2.0.2 (*)
     │   │   └── wry v0.55.1 (*)
     │   ├── pango v0.18.3 (*)
     │   ├── soup3 v0.5.0 (*)
     │   └── webkit2gtk v2.0.2 (*)
     ├── keyboard-types v0.7.0
     │   └── muda v0.19.3 (*)
     ├── objc2-app-kit v0.3.2
     │   ├── muda v0.19.3 (*)
     │   ├── objc2-web-kit v0.3.2
     │   │   ├── tauri v2.11.5 (*)
     │   │   ├── tauri-runtime v2.11.3 (*)
     │   │   └── wry v0.55.1 (*)
     │   ├── tao v0.35.3 (*)
     │   ├── tauri v2.11.5 (*)
     │   ├── tauri-runtime-wry v2.11.4 (*)
     │   ├── window-vibrancy v0.6.0
     │   │   └── tauri v2.11.5 (*)
     │   └── wry v0.55.1 (*)
     ├── objc2-core-foundation v0.3.2
     │   ├── muda v0.19.3 (*)
     │   ├── objc2-app-kit v0.3.2 (*)
     │   ├── objc2-core-graphics v0.3.2
     │   │   └── softbuffer v0.4.8
     │   │       └── tauri-runtime-wry v2.11.4 (*)
     │   ├── objc2-foundation v0.3.2
     │   │   ├── muda v0.19.3 (*)
     │   │   ├── objc2-app-kit v0.3.2 (*)
     │   │   ├── objc2-quartz-core v0.3.2
     │   │   │   └── softbuffer v0.4.8 (*)
     │   │   ├── objc2-web-kit v0.3.2 (*)
     │   │   ├── softbuffer v0.4.8 (*)
     │   │   ├── tao v0.35.3 (*)
     │   │   ├── tauri v2.11.5 (*)
     │   │   ├── window-vibrancy v0.6.0 (*)
     │   │   └── wry v0.55.1 (*)
     │   ├── objc2-quartz-core v0.3.2 (*)
     │   ├── objc2-web-kit v0.3.2 (*)
     │   ├── softbuffer v0.4.8 (*)
     │   ├── window-vibrancy v0.6.0 (*)
     │   └── wry v0.55.1 (*)
     ├── objc2-core-graphics v0.3.2 (*)
     ├── objc2-foundation v0.3.2 (*)
     ├── objc2-quartz-core v0.3.2 (*)
     ├── objc2-web-kit v0.3.2 (*)
     ├── png v0.18.1
     │   └── muda v0.19.3 (*)
     ├── proptest v1.11.0
     │   ├── (dev) kontor-core v0.2.1
     │   │   ├── kontor-accounts v0.2.1
     │   │   │   ├── kontor-daemon v0.2.1
     │   │   │   │   ├── (dev) kontor-cli v0.2.1
     │   │   │   │   ├── (dev) kontor-tests-contract v0.2.1
     │   │   │   │   │   ├── (dev) kontor-runtime-ao v0.2.1
     │   │   │   │   │   ├── (dev) kontor-runtime-codex v0.2.1
     │   │   │   │   │   ├── (dev) kontor-runtime-paseo v0.2.1
     │   │   │   │   │   │   └── kontor-daemon v0.2.1 (*)
     │   │   │   │   │   └── (dev) kontor-tests-e2e v0.2.1
     │   │   │   │   └── (dev) kontor-tests-e2e v0.2.1 (*)
     │   │   │   ├── kontor-jira v0.2.1
     │   │   │   │   ├── kontor-daemon v0.2.1 (*)
     │   │   │   │   └── (dev) kontor-tests-e2e v0.2.1 (*)
     │   │   │   ├── kontor-runtime-codex v0.2.1 (*)
     │   │   │   └── (dev) kontor-tests-e2e v0.2.1 (*)
     │   │   ├── kontor-api v0.2.1
     │   │   │   ├── (dev) kontor-cli v0.2.1 (*)
     │   │   │   ├── kontor-daemon v0.2.1 (*)
     │   │   │   ├── (dev) kontor-tests-contract v0.2.1 (*)
     │   │   │   └── (dev) kontor-tests-e2e v0.2.1 (*)
     │   │   ├── kontor-calendar v0.2.1
     │   │   │   └── kontor-store v0.2.1
     │   │   │       ├── (dev) kontor-accounts v0.2.1 (*)
     │   │   │       ├── kontor-api v0.2.1 (*)
     │   │   │       ├── (dev) kontor-cli v0.2.1 (*)
     │   │   │       ├── (dev) kontor-daemon v0.2.1 (*)
     │   │   │       ├── (dev) kontor-tests-contract v0.2.1 (*)
     │   │   │       └── (dev) kontor-tests-e2e v0.2.1 (*)
     │   │   ├── (dev) kontor-cli v0.2.1 (*)
     │   │   ├── (dev) kontor-context v0.2.1
     │   │   │   ├── kontor-daemon v0.2.1 (*)
     │   │   │   ├── kontor-teams v0.2.1
     │   │   │   │   ├── kontor-daemon v0.2.1 (*)
     │   │   │   │   ├── kontor-profiles v0.2.1
     │   │   │   │   │   ├── kontor-daemon v0.2.1 (*)
     │   │   │   │   │   ├── (dev) kontor-store v0.2.1 (*)
     │   │   │   │   │   ├── (dev) kontor-tests-contract v0.2.1 (*)
     │   │   │   │   │   └── (dev) kontor-tests-e2e v0.2.1 (*)
     │   │   │   │   ├── kontor-store v0.2.1 (*)
     │   │   │   │   ├── (dev) kontor-tests-contract v0.2.1 (*)
     │   │   │   │   └── (dev) kontor-tests-e2e v0.2.1 (*)
     │   │   │   └── (dev) kontor-tests-e2e v0.2.1 (*)
     │   │   ├── kontor-daemon v0.2.1 (*)
     │   │   ├── kontor-intake v0.2.1
     │   │   │   └── (dev) kontor-tests-e2e v0.2.1 (*)
     │   │   ├── kontor-jira v0.2.1 (*)
     │   │   ├── kontor-mcp v0.2.1
     │   │   │   ├── kontor-cli v0.2.1 (*)
     │   │   │   ├── (dev) kontor-daemon v0.2.1 (*)
     │   │   │   ├── (dev) kontor-tests-contract v0.2.1 (*)
     │   │   │   └── (dev) kontor-tests-e2e v0.2.1 (*)
     │   │   ├── kontor-policy v0.2.1
     │   │   │   ├── kontor-daemon v0.2.1 (*)
     │   │   │   ├── kontor-scheduler v0.2.1
     │   │   │   │   ├── kontor-accounts v0.2.1 (*)
     │   │   │   │   ├── kontor-api v0.2.1 (*)
     │   │   │   │   ├── kontor-calendar v0.2.1 (*)
     │   │   │   │   ├── kontor-daemon v0.2.1 (*)
     │   │   │   │   ├── kontor-store v0.2.1 (*)
     │   │   │   │   ├── (dev) kontor-tests-contract v0.2.1 (*)
     │   │   │   │   └── (dev) kontor-tests-e2e v0.2.1 (*)
     │   │   │   ├── (dev) kontor-store v0.2.1 (*)
     │   │   │   ├── (dev) kontor-tests-contract v0.2.1 (*)
     │   │   │   └── (dev) kontor-tests-e2e v0.2.1 (*)
     │   │   ├── kontor-profiles v0.2.1 (*)
     │   │   ├── kontor-runtime v0.2.1
     │   │   │   ├── kontor-accounts v0.2.1 (*)
     │   │   │   ├── kontor-api v0.2.1 (*)
     │   │   │   ├── (dev) kontor-daemon v0.2.1 (*)
     │   │   │   ├── kontor-runtime-ao v0.2.1 (*)
     │   │   │   ├── kontor-runtime-codex v0.2.1 (*)
     │   │   │   ├── kontor-runtime-paseo v0.2.1 (*)
     │   │   │   ├── kontor-scheduler v0.2.1 (*)
     │   │   │   ├── (dev) kontor-store v0.2.1 (*)
     │   │   │   ├── kontor-teams v0.2.1 (*)
     │   │   │   ├── kontor-tests-contract v0.2.1 (*)
     │   │   │   └── (dev) kontor-tests-e2e v0.2.1 (*)
     │   │   ├── kontor-runtime-ao v0.2.1 (*)
     │   │   ├── kontor-runtime-codex v0.2.1 (*)
     │   │   ├── kontor-runtime-paseo v0.2.1 (*)
     │   │   ├── kontor-scheduler v0.2.1 (*)
     │   │   ├── kontor-store v0.2.1 (*)
     │   │   ├── kontor-teams v0.2.1 (*)
     │   │   ├── kontor-tests-contract v0.2.1 (*)
     │   │   └── kontor-tests-e2e v0.2.1 (*)
     │   ├── (dev) kontor-intake v0.2.1 (*)
     │   └── (dev) kontor-tests-contract v0.2.1 (*)
     ├── rusqlite v0.40.2
     │   ├── (dev) kontor-accounts v0.2.1 (*)
     │   ├── (dev) kontor-daemon v0.2.1 (*)
     │   ├── (dev) kontor-store v0.2.1 (*)
     │   ├── (dev) kontor-tests-contract v0.2.1 (*)
     │   └── (dev) kontor-tests-e2e v0.2.1 (*)
     ├── rustix v1.1.5
     │   ├── async-io v2.6.0
     │   │   ├── async-process v2.5.0
     │   │   │   └── zbus v5.19.0
     │   │   │       ├── secret-service v5.2.0
     │   │   │       │   └── zbus-secret-service-keyring-store v1.0.1
     │   │   │       │       └── keyring v4.1.6
     │   │   │       │           └── kontor-accounts v0.2.1 (*)
     │   │   │       └── zbus-secret-service-keyring-store v1.0.1 (*)
     │   │   ├── async-signal v0.2.14
     │   │   │   └── async-process v2.5.0 (*)
     │   │   └── zbus v5.19.0 (*)
     │   ├── async-process v2.5.0 (*)
     │   ├── async-signal v0.2.14 (*)
     │   ├── fs4 v1.1.0
     │   │   └── kontor-daemon v0.2.1 (*)
     │   ├── kontor-accounts v0.2.1 (*)
     │   ├── polling v3.11.0
     │   │   └── async-io v2.6.0 (*)
     │   ├── tempfile v3.27.0
     │   │   ├── insta v1.48.0
     │   │   │   └── (dev) kontor-tests-contract v0.2.1 (*)
     │   │   ├── (dev) kontor-accounts v0.2.1 (*)
     │   │   ├── (dev) kontor-cli v0.2.1 (*)
     │   │   ├── (dev) kontor-daemon v0.2.1 (*)
     │   │   ├── (dev) kontor-jira v0.2.1 (*)
     │   │   ├── (dev) kontor-mcp v0.2.1 (*)
     │   │   ├── (dev) kontor-runtime-codex v0.2.1 (*)
     │   │   ├── (dev) kontor-runtime-paseo v0.2.1 (*)
     │   │   ├── (dev) kontor-store v0.2.1 (*)
     │   │   ├── (dev) kontor-tests-contract v0.2.1 (*)
     │   │   ├── (dev) kontor-tests-e2e v0.2.1 (*)
     │   │   ├── proptest v1.11.0 (*)
     │   │   ├── rusty-fork v0.3.1
     │   │   │   └── proptest v1.11.0 (*)
     │   │   └── uds_windows v1.2.1
     │   │       └── zbus v5.19.0 (*)
     │   ├── xattr v1.6.1
     │   │   └── tar v0.4.46
     │   │       └── (build) libsodium-sys-stable v1.24.0
     │   │           └── stronghold-runtime v2.0.1
     │   │               └── stronghold_engine v2.0.1
     │   │                   └── iota_stronghold v2.1.0
     │   │                       └── tauri-plugin-stronghold v2.3.1 (*)
     │   └── zbus v5.19.0 (*)
     ├── security-framework v3.7.0
     │   ├── apple-native-keyring-store v1.0.2
     │   │   └── keyring v4.1.6 (*)
     │   ├── rustls-native-certs v0.8.4
     │   │   └── rustls-platform-verifier v0.7.0
     │   │       └── reqwest v0.13.4
     │   │           ├── kontor-calendar v0.2.1 (*)
     │   │           ├── (dev) kontor-cli v0.2.1 (*)
     │   │           ├── kontor-daemon v0.2.1 (*)
     │   │           ├── kontor-jira v0.2.1 (*)
     │   │           ├── kontor-mcp v0.2.1 (*)
     │   │           ├── kontor-runtime-ao v0.2.1 (*)
     │   │           ├── kontor-runtime-codex v0.2.1 (*)
     │   │           └── kontor-runtime-paseo v0.2.1 (*)
     │   └── rustls-platform-verifier v0.7.0 (*)
     ├── selectors v0.36.1
     │   └── dom_query v0.27.0
     │       └── tauri-utils v2.9.3
     │           ├── tauri v2.11.5 (*)
     │           ├── tauri-build v2.6.3
     │           │   ├── (build) kontor-desktop v0.2.1 (*)
     │           │   └── (build) tauri v2.11.5 (*)
     │           ├── tauri-codegen v2.6.3
     │           │   └── tauri-macros v2.6.3
     │           │       └── tauri v2.11.5 (*)
     │           ├── tauri-macros v2.6.3 (*)
     │           ├── tauri-plugin v2.6.3
     │           │   └── (build) tauri-plugin-stronghold v2.3.1 (*)
     │           ├── tauri-runtime v2.11.3 (*)
     │           └── tauri-runtime-wry v2.11.4 (*)
     ├── tao v0.35.3 (*)
     ├── tower-http v0.6.11
     │   └── reqwest v0.13.4 (*)
     └── tower-http v0.7.0
         └── kontor-api v0.2.1 (*)

warning[duplicate]: found 2 duplicate entries for crate 'block-buffer'
   ┌─ /Users/igor/.paseo/worktrees/0n8yzbno/feat-asma-8156-typed-experience-contract-and/Cargo.lock:51:1
   │
51 │ ╭ block-buffer 0.10.4 registry+https://github.com/rust-lang/crates.io-index
52 │ │ block-buffer 0.12.1 registry+https://github.com/rust-lang/crates.io-index
   │ ╰─────────────────────────────────────────────────────────────────────────┘ lock entries
   │
   ├ block-buffer v0.10.4
     └── digest v0.10.7
         ├── blake2 v0.10.6
         │   └── iota-crypto v0.23.2
         │       ├── iota_stronghold v2.1.0
         │       │   └── tauri-plugin-stronghold v2.3.1
         │       │       └── kontor-desktop v0.2.1
         │       ├── stronghold-runtime v2.0.1
         │       │   └── stronghold_engine v2.0.1
         │       │       └── iota_stronghold v2.1.0 (*)
         │       ├── stronghold_engine v2.0.1 (*)
         │       └── tauri-plugin-stronghold v2.3.1 (*)
         ├── curve25519-dalek v4.1.3
         │   ├── ed25519-zebra v4.2.0
         │   │   └── iota-crypto v0.23.2 (*)
         │   ├── iota-crypto v0.23.2 (*)
         │   └── x25519-dalek v2.0.1
         │       └── iota-crypto v0.23.2 (*)
         ├── ecdsa v0.16.9
         │   └── k256 v0.13.4
         │       └── iota-crypto v0.23.2 (*)
         ├── elliptic-curve v0.13.8
         │   ├── ecdsa v0.16.9 (*)
         │   └── k256 v0.13.4 (*)
         ├── hmac v0.12.1
         │   ├── hkdf v0.12.4
         │   │   ├── iota-crypto v0.23.2 (*)
         │   │   └── iota_stronghold v2.1.0 (*)
         │   ├── iota-crypto v0.23.2 (*)
         │   ├── pbkdf2 v0.12.2
         │   │   ├── iota-crypto v0.23.2 (*)
         │   │   └── scrypt v0.11.0
         │   │       └── iota-crypto v0.23.2 (*)
         │   └── rfc6979 v0.4.0
         │       └── ecdsa v0.16.9 (*)
         ├── iota-crypto v0.23.2 (*)
         ├── pbkdf2 v0.12.2 (*)
         ├── sha2 v0.10.9
         │   ├── ed25519-zebra v4.2.0 (*)
         │   ├── iota-crypto v0.23.2 (*)
         │   ├── k256 v0.13.4 (*)
         │   ├── scrypt v0.11.0 (*)
         │   └── tauri-codegen v2.6.3
         │       └── tauri-macros v2.6.3
         │           └── tauri v2.11.5
         │               ├── kontor-desktop v0.2.1 (*)
         │               └── tauri-plugin-stronghold v2.3.1 (*)
         └── signature v2.2.0
             ├── ecdsa v0.16.9 (*)
             └── ed25519 v2.2.3
                 └── ed25519-zebra v4.2.0 (*)
   ├ block-buffer v0.12.1
     └── digest v0.11.3
         ├── hmac v0.13.0
         │   └── hkdf v0.13.0
         │       └── secret-service v5.2.0
         │           └── zbus-secret-service-keyring-store v1.0.1
         │               └── keyring v4.1.6
         │                   └── kontor-accounts v0.2.1
         │                       ├── kontor-daemon v0.2.1
         │                       │   ├── (dev) kontor-cli v0.2.1
         │                       │   ├── (dev) kontor-tests-contract v0.2.1
         │                       │   │   ├── (dev) kontor-runtime-ao v0.2.1
         │                       │   │   ├── (dev) kontor-runtime-codex v0.2.1
         │                       │   │   ├── (dev) kontor-runtime-paseo v0.2.1
         │                       │   │   │   └── kontor-daemon v0.2.1 (*)
         │                       │   │   └── (dev) kontor-tests-e2e v0.2.1
         │                       │   └── (dev) kontor-tests-e2e v0.2.1 (*)
         │                       ├── kontor-jira v0.2.1
         │                       │   ├── kontor-daemon v0.2.1 (*)
         │                       │   └── (dev) kontor-tests-e2e v0.2.1 (*)
         │                       ├── kontor-runtime-codex v0.2.1 (*)
         │                       └── (dev) kontor-tests-e2e v0.2.1 (*)
         ├── sha1 v0.11.0
         │   └── tungstenite v0.30.0
         │       └── tokio-tungstenite v0.30.0
         │           └── kontor-runtime-paseo v0.2.1 (*)
         └── sha2 v0.11.0
             ├── kontor-core v0.2.1
             │   ├── kontor-accounts v0.2.1 (*)
             │   ├── kontor-api v0.2.1
             │   │   ├── (dev) kontor-cli v0.2.1 (*)
             │   │   ├── kontor-daemon v0.2.1 (*)
             │   │   ├── (dev) kontor-tests-contract v0.2.1 (*)
             │   │   └── (dev) kontor-tests-e2e v0.2.1 (*)
             │   ├── kontor-calendar v0.2.1
             │   │   └── kontor-store v0.2.1
             │   │       ├── (dev) kontor-accounts v0.2.1 (*)
             │   │       ├── kontor-api v0.2.1 (*)
             │   │       ├── (dev) kontor-cli v0.2.1 (*)
             │   │       ├── (dev) kontor-daemon v0.2.1 (*)
             │   │       ├── (dev) kontor-tests-contract v0.2.1 (*)
             │   │       └── (dev) kontor-tests-e2e v0.2.1 (*)
             │   ├── (dev) kontor-cli v0.2.1 (*)
             │   ├── (dev) kontor-context v0.2.1
             │   │   ├── kontor-daemon v0.2.1 (*)
             │   │   ├── kontor-teams v0.2.1
             │   │   │   ├── kontor-daemon v0.2.1 (*)
             │   │   │   ├── kontor-profiles v0.2.1
             │   │   │   │   ├── kontor-daemon v0.2.1 (*)
             │   │   │   │   ├── (dev) kontor-store v0.2.1 (*)
             │   │   │   │   ├── (dev) kontor-tests-contract v0.2.1 (*)
             │   │   │   │   └── (dev) kontor-tests-e2e v0.2.1 (*)
             │   │   │   ├── kontor-store v0.2.1 (*)
             │   │   │   ├── (dev) kontor-tests-contract v0.2.1 (*)
             │   │   │   └── (dev) kontor-tests-e2e v0.2.1 (*)
             │   │   └── (dev) kontor-tests-e2e v0.2.1 (*)
             │   ├── kontor-daemon v0.2.1 (*)
             │   ├── kontor-intake v0.2.1
             │   │   └── (dev) kontor-tests-e2e v0.2.1 (*)
             │   ├── kontor-jira v0.2.1 (*)
             │   ├── kontor-mcp v0.2.1
             │   │   ├── kontor-cli v0.2.1 (*)
             │   │   ├── (dev) kontor-daemon v0.2.1 (*)
             │   │   ├── (dev) kontor-tests-contract v0.2.1 (*)
             │   │   └── (dev) kontor-tests-e2e v0.2.1 (*)
             │   ├── kontor-policy v0.2.1
             │   │   ├── kontor-daemon v0.2.1 (*)
             │   │   ├── kontor-scheduler v0.2.1
             │   │   │   ├── kontor-accounts v0.2.1 (*)
             │   │   │   ├── kontor-api v0.2.1 (*)
             │   │   │   ├── kontor-calendar v0.2.1 (*)
             │   │   │   ├── kontor-daemon v0.2.1 (*)
             │   │   │   ├── kontor-store v0.2.1 (*)
             │   │   │   ├── (dev) kontor-tests-contract v0.2.1 (*)
             │   │   │   └── (dev) kontor-tests-e2e v0.2.1 (*)
             │   │   ├── (dev) kontor-store v0.2.1 (*)
             │   │   ├── (dev) kontor-tests-contract v0.2.1 (*)
             │   │   └── (dev) kontor-tests-e2e v0.2.1 (*)
             │   ├── kontor-profiles v0.2.1 (*)
             │   ├── kontor-runtime v0.2.1
             │   │   ├── kontor-accounts v0.2.1 (*)
             │   │   ├── kontor-api v0.2.1 (*)
             │   │   ├── (dev) kontor-daemon v0.2.1 (*)
             │   │   ├── kontor-runtime-ao v0.2.1 (*)
             │   │   ├── kontor-runtime-codex v0.2.1 (*)
             │   │   ├── kontor-runtime-paseo v0.2.1 (*)
             │   │   ├── kontor-scheduler v0.2.1 (*)
             │   │   ├── (dev) kontor-store v0.2.1 (*)
             │   │   ├── kontor-teams v0.2.1 (*)
             │   │   ├── kontor-tests-contract v0.2.1 (*)
             │   │   └── (dev) kontor-tests-e2e v0.2.1 (*)
             │   ├── kontor-runtime-ao v0.2.1 (*)
             │   ├── kontor-runtime-codex v0.2.1 (*)
             │   ├── kontor-runtime-paseo v0.2.1 (*)
             │   ├── kontor-scheduler v0.2.1 (*)
             │   ├── kontor-store v0.2.1 (*)
             │   ├── kontor-teams v0.2.1 (*)
             │   ├── kontor-tests-contract v0.2.1 (*)
             │   └── kontor-tests-e2e v0.2.1 (*)
             ├── kontor-daemon v0.2.1 (*)
             ├── kontor-intake v0.2.1 (*)
             ├── kontor-tests-e2e v0.2.1 (*)
             ├── rust-embed-utils v8.12.0
             │   ├── rust-embed v8.12.0
             │   │   └── utoipa-swagger-ui v9.0.2
             │   │       └── kontor-api v0.2.1 (*)
             │   └── rust-embed-impl v8.12.0
             │       └── rust-embed v8.12.0 (*)
             └── secret-service v5.2.0 (*)

warning[duplicate]: found 2 duplicate entries for crate 'block-padding'
   ┌─ /Users/igor/.paseo/worktrees/0n8yzbno/feat-asma-8156-typed-experience-contract-and/Cargo.lock:53:1
   │
53 │ ╭ block-padding 0.3.3 registry+https://github.com/rust-lang/crates.io-index
54 │ │ block-padding 0.4.2 registry+https://github.com/rust-lang/crates.io-index
   │ ╰─────────────────────────────────────────────────────────────────────────┘ lock entries
   │
   ├ block-padding v0.3.3
     └── inout v0.1.4
         └── cipher v0.4.4
             ├── aes v0.8.4
             │   ├── aes-gcm v0.10.3
             │   │   └── iota-crypto v0.23.2
             │   │       ├── iota_stronghold v2.1.0
             │   │       │   └── tauri-plugin-stronghold v2.3.1
             │   │       │       └── kontor-desktop v0.2.1
             │   │       ├── stronghold-runtime v2.0.1
             │   │       │   └── stronghold_engine v2.0.1
             │   │       │       └── iota_stronghold v2.1.0 (*)
             │   │       ├── stronghold_engine v2.0.1 (*)
             │   │       └── tauri-plugin-stronghold v2.3.1 (*)
             │   └── iota-crypto v0.23.2 (*)
             ├── aes-gcm v0.10.3 (*)
             ├── chacha20 v0.9.1
             │   └── chacha20poly1305 v0.10.1
             │       └── iota-crypto v0.23.2 (*)
             ├── chacha20poly1305 v0.10.1 (*)
             ├── ctr v0.9.2
             │   └── aes-gcm v0.10.3 (*)
             ├── iota-crypto v0.23.2 (*)
             └── salsa20 v0.10.2
                 └── scrypt v0.11.0
                     └── iota-crypto v0.23.2 (*)
   ├ block-padding v0.4.2
     └── inout v0.2.2
         └── cipher v0.5.2
             ├── aes v0.9.3
             │   └── secret-service v5.2.0
             │       └── zbus-secret-service-keyring-store v1.0.1
             │           └── keyring v4.1.6
             │               └── kontor-accounts v0.2.1
             │                   ├── kontor-daemon v0.2.1
             │                   │   ├── (dev) kontor-cli v0.2.1
             │                   │   ├── (dev) kontor-tests-contract v0.2.1
             │                   │   │   ├── (dev) kontor-runtime-ao v0.2.1
             │                   │   │   ├── (dev) kontor-runtime-codex v0.2.1
             │                   │   │   ├── (dev) kontor-runtime-paseo v0.2.1
             │                   │   │   │   └── kontor-daemon v0.2.1 (*)
             │                   │   │   └── (dev) kontor-tests-e2e v0.2.1
             │                   │   └── (dev) kontor-tests-e2e v0.2.1 (*)
             │                   ├── kontor-jira v0.2.1
             │                   │   ├── kontor-daemon v0.2.1 (*)
             │                   │   └── (dev) kontor-tests-e2e v0.2.1 (*)
             │                   ├── kontor-runtime-codex v0.2.1 (*)
             │                   └── (dev) kontor-tests-e2e v0.2.1 (*)
             └── cbc v0.2.1
                 └── secret-service v5.2.0 (*)

warning[duplicate]: found 2 duplicate entries for crate 'chacha20'
   ┌─ /Users/igor/.paseo/worktrees/0n8yzbno/feat-asma-8156-typed-experience-contract-and/Cargo.lock:74:1
   │
74 │ ╭ chacha20 0.9.1 registry+https://github.com/rust-lang/crates.io-index
75 │ │ chacha20 0.10.2 registry+https://github.com/rust-lang/crates.io-index
   │ ╰─────────────────────────────────────────────────────────────────────┘ lock entries
   │
   ├ chacha20 v0.9.1
     └── chacha20poly1305 v0.10.1
         └── iota-crypto v0.23.2
             ├── iota_stronghold v2.1.0
             │   └── tauri-plugin-stronghold v2.3.1
             │       └── kontor-desktop v0.2.1
             ├── stronghold-runtime v2.0.1
             │   └── stronghold_engine v2.0.1
             │       └── iota_stronghold v2.1.0 (*)
             ├── stronghold_engine v2.0.1 (*)
             └── tauri-plugin-stronghold v2.3.1 (*)
   ├ chacha20 v0.10.2
     └── rand v0.10.2
         └── tungstenite v0.30.0
             └── tokio-tungstenite v0.30.0
                 └── kontor-runtime-paseo v0.2.1
                     └── kontor-daemon v0.2.1
                         ├── (dev) kontor-cli v0.2.1
                         ├── (dev) kontor-tests-contract v0.2.1
                         │   ├── (dev) kontor-runtime-ao v0.2.1
                         │   ├── (dev) kontor-runtime-codex v0.2.1
                         │   ├── (dev) kontor-runtime-paseo v0.2.1 (*)
                         │   └── (dev) kontor-tests-e2e v0.2.1
                         └── (dev) kontor-tests-e2e v0.2.1 (*)

warning[duplicate]: found 2 duplicate entries for crate 'cipher'
   ┌─ /Users/igor/.paseo/worktrees/0n8yzbno/feat-asma-8156-typed-experience-contract-and/Cargo.lock:78:1
   │
78 │ ╭ cipher 0.4.4 registry+https://github.com/rust-lang/crates.io-index
79 │ │ cipher 0.5.2 registry+https://github.com/rust-lang/crates.io-index
   │ ╰──────────────────────────────────────────────────────────────────┘ lock entries
   │
   ├ cipher v0.4.4
     ├── aes v0.8.4
     │   ├── aes-gcm v0.10.3
     │   │   └── iota-crypto v0.23.2
     │   │       ├── iota_stronghold v2.1.0
     │   │       │   └── tauri-plugin-stronghold v2.3.1
     │   │       │       └── kontor-desktop v0.2.1
     │   │       ├── stronghold-runtime v2.0.1
     │   │       │   └── stronghold_engine v2.0.1
     │   │       │       └── iota_stronghold v2.1.0 (*)
     │   │       ├── stronghold_engine v2.0.1 (*)
     │   │       └── tauri-plugin-stronghold v2.3.1 (*)
     │   └── iota-crypto v0.23.2 (*)
     ├── aes-gcm v0.10.3 (*)
     ├── chacha20 v0.9.1
     │   └── chacha20poly1305 v0.10.1
     │       └── iota-crypto v0.23.2 (*)
     ├── chacha20poly1305 v0.10.1 (*)
     ├── ctr v0.9.2
     │   └── aes-gcm v0.10.3 (*)
     ├── iota-crypto v0.23.2 (*)
     └── salsa20 v0.10.2
         └── scrypt v0.11.0
             └── iota-crypto v0.23.2 (*)
   ├ cipher v0.5.2
     ├── aes v0.9.3
     │   └── secret-service v5.2.0
     │       └── zbus-secret-service-keyring-store v1.0.1
     │           └── keyring v4.1.6
     │               └── kontor-accounts v0.2.1
     │                   ├── kontor-daemon v0.2.1
     │                   │   ├── (dev) kontor-cli v0.2.1
     │                   │   ├── (dev) kontor-tests-contract v0.2.1
     │                   │   │   ├── (dev) kontor-runtime-ao v0.2.1
     │                   │   │   ├── (dev) kontor-runtime-codex v0.2.1
     │                   │   │   ├── (dev) kontor-runtime-paseo v0.2.1
     │                   │   │   │   └── kontor-daemon v0.2.1 (*)
     │                   │   │   └── (dev) kontor-tests-e2e v0.2.1
     │                   │   └── (dev) kontor-tests-e2e v0.2.1 (*)
     │                   ├── kontor-jira v0.2.1
     │                   │   ├── kontor-daemon v0.2.1 (*)
     │                   │   └── (dev) kontor-tests-e2e v0.2.1 (*)
     │                   ├── kontor-runtime-codex v0.2.1 (*)
     │                   └── (dev) kontor-tests-e2e v0.2.1 (*)
     └── cbc v0.2.1
         └── secret-service v5.2.0 (*)

warning[duplicate]: found 2 duplicate entries for crate 'const-oid'
   ┌─ /Users/igor/.paseo/worktrees/0n8yzbno/feat-asma-8156-typed-experience-contract-and/Cargo.lock:89:1
   │
89 │ ╭ const-oid 0.9.6 registry+https://github.com/rust-lang/crates.io-index
90 │ │ const-oid 0.10.2 registry+https://github.com/rust-lang/crates.io-index
   │ ╰──────────────────────────────────────────────────────────────────────┘ lock entries
   │
   ├ const-oid v0.9.6
     ├── der v0.7.10
     │   ├── ecdsa v0.16.9
     │   │   └── k256 v0.13.4
     │   │       └── iota-crypto v0.23.2
     │   │           ├── iota_stronghold v2.1.0
     │   │           │   └── tauri-plugin-stronghold v2.3.1
     │   │           │       └── kontor-desktop v0.2.1
     │   │           ├── stronghold-runtime v2.0.1
     │   │           │   └── stronghold_engine v2.0.1
     │   │           │       └── iota_stronghold v2.1.0 (*)
     │   │           ├── stronghold_engine v2.0.1 (*)
     │   │           └── tauri-plugin-stronghold v2.3.1 (*)
     │   ├── sec1 v0.7.3
     │   │   └── elliptic-curve v0.13.8
     │   │       ├── ecdsa v0.16.9 (*)
     │   │       └── k256 v0.13.4 (*)
     │   └── spki v0.7.3
     │       └── ecdsa v0.16.9 (*)
     └── digest v0.10.7
         ├── blake2 v0.10.6
         │   └── iota-crypto v0.23.2 (*)
         ├── curve25519-dalek v4.1.3
         │   ├── ed25519-zebra v4.2.0
         │   │   └── iota-crypto v0.23.2 (*)
         │   ├── iota-crypto v0.23.2 (*)
         │   └── x25519-dalek v2.0.1
         │       └── iota-crypto v0.23.2 (*)
         ├── ecdsa v0.16.9 (*)
         ├── elliptic-curve v0.13.8 (*)
         ├── hmac v0.12.1
         │   ├── hkdf v0.12.4
         │   │   ├── iota-crypto v0.23.2 (*)
         │   │   └── iota_stronghold v2.1.0 (*)
         │   ├── iota-crypto v0.23.2 (*)
         │   ├── pbkdf2 v0.12.2
         │   │   ├── iota-crypto v0.23.2 (*)
         │   │   └── scrypt v0.11.0
         │   │       └── iota-crypto v0.23.2 (*)
         │   └── rfc6979 v0.4.0
         │       └── ecdsa v0.16.9 (*)
         ├── iota-crypto v0.23.2 (*)
         ├── pbkdf2 v0.12.2 (*)
         ├── sha2 v0.10.9
         │   ├── ed25519-zebra v4.2.0 (*)
         │   ├── iota-crypto v0.23.2 (*)
         │   ├── k256 v0.13.4 (*)
         │   ├── scrypt v0.11.0 (*)
         │   └── tauri-codegen v2.6.3
         │       └── tauri-macros v2.6.3
         │           └── tauri v2.11.5
         │               ├── kontor-desktop v0.2.1 (*)
         │               └── tauri-plugin-stronghold v2.3.1 (*)
         └── signature v2.2.0
             ├── ecdsa v0.16.9 (*)
             └── ed25519 v2.2.3
                 └── ed25519-zebra v4.2.0 (*)
   ├ const-oid v0.10.2
     └── digest v0.11.3
         ├── hmac v0.13.0
         │   └── hkdf v0.13.0
         │       └── secret-service v5.2.0
         │           └── zbus-secret-service-keyring-store v1.0.1
         │               └── keyring v4.1.6
         │                   └── kontor-accounts v0.2.1
         │                       ├── kontor-daemon v0.2.1
         │                       │   ├── (dev) kontor-cli v0.2.1
         │                       │   ├── (dev) kontor-tests-contract v0.2.1
         │                       │   │   ├── (dev) kontor-runtime-ao v0.2.1
         │                       │   │   ├── (dev) kontor-runtime-codex v0.2.1
         │                       │   │   ├── (dev) kontor-runtime-paseo v0.2.1
         │                       │   │   │   └── kontor-daemon v0.2.1 (*)
         │                       │   │   └── (dev) kontor-tests-e2e v0.2.1
         │                       │   └── (dev) kontor-tests-e2e v0.2.1 (*)
         │                       ├── kontor-jira v0.2.1
         │                       │   ├── kontor-daemon v0.2.1 (*)
         │                       │   └── (dev) kontor-tests-e2e v0.2.1 (*)
         │                       ├── kontor-runtime-codex v0.2.1 (*)
         │                       └── (dev) kontor-tests-e2e v0.2.1 (*)
         ├── sha1 v0.11.0
         │   └── tungstenite v0.30.0
         │       └── tokio-tungstenite v0.30.0
         │           └── kontor-runtime-paseo v0.2.1 (*)
         └── sha2 v0.11.0
             ├── kontor-core v0.2.1
             │   ├── kontor-accounts v0.2.1 (*)
             │   ├── kontor-api v0.2.1
             │   │   ├── (dev) kontor-cli v0.2.1 (*)
             │   │   ├── kontor-daemon v0.2.1 (*)
             │   │   ├── (dev) kontor-tests-contract v0.2.1 (*)
             │   │   └── (dev) kontor-tests-e2e v0.2.1 (*)
             │   ├── kontor-calendar v0.2.1
             │   │   └── kontor-store v0.2.1
             │   │       ├── (dev) kontor-accounts v0.2.1 (*)
             │   │       ├── kontor-api v0.2.1 (*)
             │   │       ├── (dev) kontor-cli v0.2.1 (*)
             │   │       ├── (dev) kontor-daemon v0.2.1 (*)
             │   │       ├── (dev) kontor-tests-contract v0.2.1 (*)
             │   │       └── (dev) kontor-tests-e2e v0.2.1 (*)
             │   ├── (dev) kontor-cli v0.2.1 (*)
             │   ├── (dev) kontor-context v0.2.1
             │   │   ├── kontor-daemon v0.2.1 (*)
             │   │   ├── kontor-teams v0.2.1
             │   │   │   ├── kontor-daemon v0.2.1 (*)
             │   │   │   ├── kontor-profiles v0.2.1
             │   │   │   │   ├── kontor-daemon v0.2.1 (*)
             │   │   │   │   ├── (dev) kontor-store v0.2.1 (*)
             │   │   │   │   ├── (dev) kontor-tests-contract v0.2.1 (*)
             │   │   │   │   └── (dev) kontor-tests-e2e v0.2.1 (*)
             │   │   │   ├── kontor-store v0.2.1 (*)
             │   │   │   ├── (dev) kontor-tests-contract v0.2.1 (*)
             │   │   │   └── (dev) kontor-tests-e2e v0.2.1 (*)
             │   │   └── (dev) kontor-tests-e2e v0.2.1 (*)
             │   ├── kontor-daemon v0.2.1 (*)
             │   ├── kontor-intake v0.2.1
             │   │   └── (dev) kontor-tests-e2e v0.2.1 (*)
             │   ├── kontor-jira v0.2.1 (*)
             │   ├── kontor-mcp v0.2.1
             │   │   ├── kontor-cli v0.2.1 (*)
             │   │   ├── (dev) kontor-daemon v0.2.1 (*)
             │   │   ├── (dev) kontor-tests-contract v0.2.1 (*)
             │   │   └── (dev) kontor-tests-e2e v0.2.1 (*)
             │   ├── kontor-policy v0.2.1
             │   │   ├── kontor-daemon v0.2.1 (*)
             │   │   ├── kontor-scheduler v0.2.1
             │   │   │   ├── kontor-accounts v0.2.1 (*)
             │   │   │   ├── kontor-api v0.2.1 (*)
             │   │   │   ├── kontor-calendar v0.2.1 (*)
             │   │   │   ├── kontor-daemon v0.2.1 (*)
             │   │   │   ├── kontor-store v0.2.1 (*)
             │   │   │   ├── (dev) kontor-tests-contract v0.2.1 (*)
             │   │   │   └── (dev) kontor-tests-e2e v0.2.1 (*)
             │   │   ├── (dev) kontor-store v0.2.1 (*)
             │   │   ├── (dev) kontor-tests-contract v0.2.1 (*)
             │   │   └── (dev) kontor-tests-e2e v0.2.1 (*)
             │   ├── kontor-profiles v0.2.1 (*)
             │   ├── kontor-runtime v0.2.1
             │   │   ├── kontor-accounts v0.2.1 (*)
             │   │   ├── kontor-api v0.2.1 (*)
             │   │   ├── (dev) kontor-daemon v0.2.1 (*)
             │   │   ├── kontor-runtime-ao v0.2.1 (*)
             │   │   ├── kontor-runtime-codex v0.2.1 (*)
             │   │   ├── kontor-runtime-paseo v0.2.1 (*)
             │   │   ├── kontor-scheduler v0.2.1 (*)
             │   │   ├── (dev) kontor-store v0.2.1 (*)
             │   │   ├── kontor-teams v0.2.1 (*)
             │   │   ├── kontor-tests-contract v0.2.1 (*)
             │   │   └── (dev) kontor-tests-e2e v0.2.1 (*)
             │   ├── kontor-runtime-ao v0.2.1 (*)
             │   ├── kontor-runtime-codex v0.2.1 (*)
             │   ├── kontor-runtime-paseo v0.2.1 (*)
             │   ├── kontor-scheduler v0.2.1 (*)
             │   ├── kontor-store v0.2.1 (*)
             │   ├── kontor-teams v0.2.1 (*)
             │   ├── kontor-tests-contract v0.2.1 (*)
             │   └── kontor-tests-e2e v0.2.1 (*)
             ├── kontor-daemon v0.2.1 (*)
             ├── kontor-intake v0.2.1 (*)
             ├── kontor-tests-e2e v0.2.1 (*)
             ├── rust-embed-utils v8.12.0
             │   ├── rust-embed v8.12.0
             │   │   └── utoipa-swagger-ui v9.0.2
             │   │       └── kontor-api v0.2.1 (*)
             │   └── rust-embed-impl v8.12.0
             │       └── rust-embed v8.12.0 (*)
             └── secret-service v5.2.0 (*)

warning[duplicate]: found 3 duplicate entries for crate 'constant_time_eq'
   ┌─ /Users/igor/.paseo/worktrees/0n8yzbno/feat-asma-8156-typed-experience-contract-and/Cargo.lock:91:1
   │
91 │ ╭ constant_time_eq 0.1.5 registry+https://github.com/rust-lang/crates.io-index
92 │ │ constant_time_eq 0.3.1 registry+https://github.com/rust-lang/crates.io-index
93 │ │ constant_time_eq 0.4.2 registry+https://github.com/rust-lang/crates.io-index
   │ ╰────────────────────────────────────────────────────────────────────────────┘ lock entries
   │
   ├ constant_time_eq v0.1.5
     └── rust-argon2 v1.0.0
         └── iota_stronghold v2.1.0
             └── tauri-plugin-stronghold v2.3.1
                 └── kontor-desktop v0.2.1
   ├ constant_time_eq v0.3.1
     └── rust-argon2 v2.1.0
         └── tauri-plugin-stronghold v2.3.1
             └── kontor-desktop v0.2.1
   ├ constant_time_eq v0.4.2
     └── blake2b_simd v1.0.5
         ├── rust-argon2 v1.0.0
         │   └── iota_stronghold v2.1.0
         │       └── tauri-plugin-stronghold v2.3.1
         │           └── kontor-desktop v0.2.1
         └── rust-argon2 v2.1.0
             └── tauri-plugin-stronghold v2.3.1 (*)

warning[duplicate]: found 2 duplicate entries for crate 'cpufeatures'
    ┌─ /Users/igor/.paseo/worktrees/0n8yzbno/feat-asma-8156-typed-experience-contract-and/Cargo.lock:100:1
    │
100 │ ╭ cpufeatures 0.2.17 registry+https://github.com/rust-lang/crates.io-index
101 │ │ cpufeatures 0.3.1 registry+https://github.com/rust-lang/crates.io-index
    │ ╰───────────────────────────────────────────────────────────────────────┘ lock entries
    │
    ├ cpufeatures v0.2.17
      ├── aes v0.8.4
      │   ├── aes-gcm v0.10.3
      │   │   └── iota-crypto v0.23.2
      │   │       ├── iota_stronghold v2.1.0
      │   │       │   └── tauri-plugin-stronghold v2.3.1
      │   │       │       └── kontor-desktop v0.2.1
      │   │       ├── stronghold-runtime v2.0.1
      │   │       │   └── stronghold_engine v2.0.1
      │   │       │       └── iota_stronghold v2.1.0 (*)
      │   │       ├── stronghold_engine v2.0.1 (*)
      │   │       └── tauri-plugin-stronghold v2.3.1 (*)
      │   └── iota-crypto v0.23.2 (*)
      ├── chacha20 v0.9.1
      │   └── chacha20poly1305 v0.10.1
      │       └── iota-crypto v0.23.2 (*)
      ├── curve25519-dalek v4.1.3
      │   ├── ed25519-zebra v4.2.0
      │   │   └── iota-crypto v0.23.2 (*)
      │   ├── iota-crypto v0.23.2 (*)
      │   └── x25519-dalek v2.0.1
      │       └── iota-crypto v0.23.2 (*)
      ├── poly1305 v0.8.0
      │   └── chacha20poly1305 v0.10.1 (*)
      ├── polyval v0.6.2
      │   └── ghash v0.5.1
      │       └── aes-gcm v0.10.3 (*)
      └── sha2 v0.10.9
          ├── ed25519-zebra v4.2.0 (*)
          ├── iota-crypto v0.23.2 (*)
          ├── k256 v0.13.4
          │   └── iota-crypto v0.23.2 (*)
          ├── scrypt v0.11.0
          │   └── iota-crypto v0.23.2 (*)
          └── tauri-codegen v2.6.3
              └── tauri-macros v2.6.3
                  └── tauri v2.11.5
                      ├── kontor-desktop v0.2.1 (*)
                      └── tauri-plugin-stronghold v2.3.1 (*)
    ├ cpufeatures v0.3.1
      ├── aes v0.9.3
      │   └── secret-service v5.2.0
      │       └── zbus-secret-service-keyring-store v1.0.1
      │           └── keyring v4.1.6
      │               └── kontor-accounts v0.2.1
      │                   ├── kontor-daemon v0.2.1
      │                   │   ├── (dev) kontor-cli v0.2.1
      │                   │   ├── (dev) kontor-tests-contract v0.2.1
      │                   │   │   ├── (dev) kontor-runtime-ao v0.2.1
      │                   │   │   ├── (dev) kontor-runtime-codex v0.2.1
      │                   │   │   ├── (dev) kontor-runtime-paseo v0.2.1
      │                   │   │   │   └── kontor-daemon v0.2.1 (*)
      │                   │   │   └── (dev) kontor-tests-e2e v0.2.1
      │                   │   └── (dev) kontor-tests-e2e v0.2.1 (*)
      │                   ├── kontor-jira v0.2.1
      │                   │   ├── kontor-daemon v0.2.1 (*)
      │                   │   └── (dev) kontor-tests-e2e v0.2.1 (*)
      │                   ├── kontor-runtime-codex v0.2.1 (*)
      │                   └── (dev) kontor-tests-e2e v0.2.1 (*)
      ├── chacha20 v0.10.2
      │   └── rand v0.10.2
      │       └── tungstenite v0.30.0
      │           └── tokio-tungstenite v0.30.0
      │               └── kontor-runtime-paseo v0.2.1 (*)
      ├── sha1 v0.11.0
      │   └── tungstenite v0.30.0 (*)
      └── sha2 v0.11.0
          ├── kontor-core v0.2.1
          │   ├── kontor-accounts v0.2.1 (*)
          │   ├── kontor-api v0.2.1
          │   │   ├── (dev) kontor-cli v0.2.1 (*)
          │   │   ├── kontor-daemon v0.2.1 (*)
          │   │   ├── (dev) kontor-tests-contract v0.2.1 (*)
          │   │   └── (dev) kontor-tests-e2e v0.2.1 (*)
          │   ├── kontor-calendar v0.2.1
          │   │   └── kontor-store v0.2.1
          │   │       ├── (dev) kontor-accounts v0.2.1 (*)
          │   │       ├── kontor-api v0.2.1 (*)
          │   │       ├── (dev) kontor-cli v0.2.1 (*)
          │   │       ├── (dev) kontor-daemon v0.2.1 (*)
          │   │       ├── (dev) kontor-tests-contract v0.2.1 (*)
          │   │       └── (dev) kontor-tests-e2e v0.2.1 (*)
          │   ├── (dev) kontor-cli v0.2.1 (*)
          │   ├── (dev) kontor-context v0.2.1
          │   │   ├── kontor-daemon v0.2.1 (*)
          │   │   ├── kontor-teams v0.2.1
          │   │   │   ├── kontor-daemon v0.2.1 (*)
          │   │   │   ├── kontor-profiles v0.2.1
          │   │   │   │   ├── kontor-daemon v0.2.1 (*)
          │   │   │   │   ├── (dev) kontor-store v0.2.1 (*)
          │   │   │   │   ├── (dev) kontor-tests-contract v0.2.1 (*)
          │   │   │   │   └── (dev) kontor-tests-e2e v0.2.1 (*)
          │   │   │   ├── kontor-store v0.2.1 (*)
          │   │   │   ├── (dev) kontor-tests-contract v0.2.1 (*)
          │   │   │   └── (dev) kontor-tests-e2e v0.2.1 (*)
          │   │   └── (dev) kontor-tests-e2e v0.2.1 (*)
          │   ├── kontor-daemon v0.2.1 (*)
          │   ├── kontor-intake v0.2.1
          │   │   └── (dev) kontor-tests-e2e v0.2.1 (*)
          │   ├── kontor-jira v0.2.1 (*)
          │   ├── kontor-mcp v0.2.1
          │   │   ├── kontor-cli v0.2.1 (*)
          │   │   ├── (dev) kontor-daemon v0.2.1 (*)
          │   │   ├── (dev) kontor-tests-contract v0.2.1 (*)
          │   │   └── (dev) kontor-tests-e2e v0.2.1 (*)
          │   ├── kontor-policy v0.2.1
          │   │   ├── kontor-daemon v0.2.1 (*)
          │   │   ├── kontor-scheduler v0.2.1
          │   │   │   ├── kontor-accounts v0.2.1 (*)
          │   │   │   ├── kontor-api v0.2.1 (*)
          │   │   │   ├── kontor-calendar v0.2.1 (*)
          │   │   │   ├── kontor-daemon v0.2.1 (*)
          │   │   │   ├── kontor-store v0.2.1 (*)
          │   │   │   ├── (dev) kontor-tests-contract v0.2.1 (*)
          │   │   │   └── (dev) kontor-tests-e2e v0.2.1 (*)
          │   │   ├── (dev) kontor-store v0.2.1 (*)
          │   │   ├── (dev) kontor-tests-contract v0.2.1 (*)
          │   │   └── (dev) kontor-tests-e2e v0.2.1 (*)
          │   ├── kontor-profiles v0.2.1 (*)
          │   ├── kontor-runtime v0.2.1
          │   │   ├── kontor-accounts v0.2.1 (*)
          │   │   ├── kontor-api v0.2.1 (*)
          │   │   ├── (dev) kontor-daemon v0.2.1 (*)
          │   │   ├── kontor-runtime-ao v0.2.1 (*)
          │   │   ├── kontor-runtime-codex v0.2.1 (*)
          │   │   ├── kontor-runtime-paseo v0.2.1 (*)
          │   │   ├── kontor-scheduler v0.2.1 (*)
          │   │   ├── (dev) kontor-store v0.2.1 (*)
          │   │   ├── kontor-teams v0.2.1 (*)
          │   │   ├── kontor-tests-contract v0.2.1 (*)
          │   │   └── (dev) kontor-tests-e2e v0.2.1 (*)
          │   ├── kontor-runtime-ao v0.2.1 (*)
          │   ├── kontor-runtime-codex v0.2.1 (*)
          │   ├── kontor-runtime-paseo v0.2.1 (*)
          │   ├── kontor-scheduler v0.2.1 (*)
          │   ├── kontor-store v0.2.1 (*)
          │   ├── kontor-teams v0.2.1 (*)
          │   ├── kontor-tests-contract v0.2.1 (*)
          │   └── kontor-tests-e2e v0.2.1 (*)
          ├── kontor-daemon v0.2.1 (*)
          ├── kontor-intake v0.2.1 (*)
          ├── kontor-tests-e2e v0.2.1 (*)
          ├── rust-embed-utils v8.12.0
          │   ├── rust-embed v8.12.0
          │   │   └── utoipa-swagger-ui v9.0.2
          │   │       └── kontor-api v0.2.1 (*)
          │   └── rust-embed-impl v8.12.0
          │       └── rust-embed v8.12.0 (*)
          └── secret-service v5.2.0 (*)

warning[duplicate]: found 2 duplicate entries for crate 'crypto-common'
    ┌─ /Users/igor/.paseo/worktrees/0n8yzbno/feat-asma-8156-typed-experience-contract-and/Cargo.lock:107:1
    │
107 │ ╭ crypto-common 0.1.7 registry+https://github.com/rust-lang/crates.io-index
108 │ │ crypto-common 0.2.2 registry+https://github.com/rust-lang/crates.io-index
    │ ╰─────────────────────────────────────────────────────────────────────────┘ lock entries
    │
    ├ crypto-common v0.1.7
      ├── aead v0.5.2
      │   ├── aes-gcm v0.10.3
      │   │   └── iota-crypto v0.23.2
      │   │       ├── iota_stronghold v2.1.0
      │   │       │   └── tauri-plugin-stronghold v2.3.1
      │   │       │       └── kontor-desktop v0.2.1
      │   │       ├── stronghold-runtime v2.0.1
      │   │       │   └── stronghold_engine v2.0.1
      │   │       │       └── iota_stronghold v2.1.0 (*)
      │   │       ├── stronghold_engine v2.0.1 (*)
      │   │       └── tauri-plugin-stronghold v2.3.1 (*)
      │   ├── chacha20poly1305 v0.10.1
      │   │   └── iota-crypto v0.23.2 (*)
      │   └── iota-crypto v0.23.2 (*)
      ├── cipher v0.4.4
      │   ├── aes v0.8.4
      │   │   ├── aes-gcm v0.10.3 (*)
      │   │   └── iota-crypto v0.23.2 (*)
      │   ├── aes-gcm v0.10.3 (*)
      │   ├── chacha20 v0.9.1
      │   │   └── chacha20poly1305 v0.10.1 (*)
      │   ├── chacha20poly1305 v0.10.1 (*)
      │   ├── ctr v0.9.2
      │   │   └── aes-gcm v0.10.3 (*)
      │   ├── iota-crypto v0.23.2 (*)
      │   └── salsa20 v0.10.2
      │       └── scrypt v0.11.0
      │           └── iota-crypto v0.23.2 (*)
      ├── digest v0.10.7
      │   ├── blake2 v0.10.6
      │   │   └── iota-crypto v0.23.2 (*)
      │   ├── curve25519-dalek v4.1.3
      │   │   ├── ed25519-zebra v4.2.0
      │   │   │   └── iota-crypto v0.23.2 (*)
      │   │   ├── iota-crypto v0.23.2 (*)
      │   │   └── x25519-dalek v2.0.1
      │   │       └── iota-crypto v0.23.2 (*)
      │   ├── ecdsa v0.16.9
      │   │   └── k256 v0.13.4
      │   │       └── iota-crypto v0.23.2 (*)
      │   ├── elliptic-curve v0.13.8
      │   │   ├── ecdsa v0.16.9 (*)
      │   │   └── k256 v0.13.4 (*)
      │   ├── hmac v0.12.1
      │   │   ├── hkdf v0.12.4
      │   │   │   ├── iota-crypto v0.23.2 (*)
      │   │   │   └── iota_stronghold v2.1.0 (*)
      │   │   ├── iota-crypto v0.23.2 (*)
      │   │   ├── pbkdf2 v0.12.2
      │   │   │   ├── iota-crypto v0.23.2 (*)
      │   │   │   └── scrypt v0.11.0 (*)
      │   │   └── rfc6979 v0.4.0
      │   │       └── ecdsa v0.16.9 (*)
      │   ├── iota-crypto v0.23.2 (*)
      │   ├── pbkdf2 v0.12.2 (*)
      │   ├── sha2 v0.10.9
      │   │   ├── ed25519-zebra v4.2.0 (*)
      │   │   ├── iota-crypto v0.23.2 (*)
      │   │   ├── k256 v0.13.4 (*)
      │   │   ├── scrypt v0.11.0 (*)
      │   │   └── tauri-codegen v2.6.3
      │   │       └── tauri-macros v2.6.3
      │   │           └── tauri v2.11.5
      │   │               ├── kontor-desktop v0.2.1 (*)
      │   │               └── tauri-plugin-stronghold v2.3.1 (*)
      │   └── signature v2.2.0
      │       ├── ecdsa v0.16.9 (*)
      │       └── ed25519 v2.2.3
      │           └── ed25519-zebra v4.2.0 (*)
      └── universal-hash v0.5.1
          ├── poly1305 v0.8.0
          │   └── chacha20poly1305 v0.10.1 (*)
          └── polyval v0.6.2
              └── ghash v0.5.1
                  └── aes-gcm v0.10.3 (*)
    ├ crypto-common v0.2.2
      ├── cipher v0.5.2
      │   ├── aes v0.9.3
      │   │   └── secret-service v5.2.0
      │   │       └── zbus-secret-service-keyring-store v1.0.1
      │   │           └── keyring v4.1.6
      │   │               └── kontor-accounts v0.2.1
      │   │                   ├── kontor-daemon v0.2.1
      │   │                   │   ├── (dev) kontor-cli v0.2.1
      │   │                   │   ├── (dev) kontor-tests-contract v0.2.1
      │   │                   │   │   ├── (dev) kontor-runtime-ao v0.2.1
      │   │                   │   │   ├── (dev) kontor-runtime-codex v0.2.1
      │   │                   │   │   ├── (dev) kontor-runtime-paseo v0.2.1
      │   │                   │   │   │   └── kontor-daemon v0.2.1 (*)
      │   │                   │   │   └── (dev) kontor-tests-e2e v0.2.1
      │   │                   │   └── (dev) kontor-tests-e2e v0.2.1 (*)
      │   │                   ├── kontor-jira v0.2.1
      │   │                   │   ├── kontor-daemon v0.2.1 (*)
      │   │                   │   └── (dev) kontor-tests-e2e v0.2.1 (*)
      │   │                   ├── kontor-runtime-codex v0.2.1 (*)
      │   │                   └── (dev) kontor-tests-e2e v0.2.1 (*)
      │   └── cbc v0.2.1
      │       └── secret-service v5.2.0 (*)
      └── digest v0.11.3
          ├── hmac v0.13.0
          │   └── hkdf v0.13.0
          │       └── secret-service v5.2.0 (*)
          ├── sha1 v0.11.0
          │   └── tungstenite v0.30.0
          │       └── tokio-tungstenite v0.30.0
          │           └── kontor-runtime-paseo v0.2.1 (*)
          └── sha2 v0.11.0
              ├── kontor-core v0.2.1
              │   ├── kontor-accounts v0.2.1 (*)
              │   ├── kontor-api v0.2.1
              │   │   ├── (dev) kontor-cli v0.2.1 (*)
              │   │   ├── kontor-daemon v0.2.1 (*)
              │   │   ├── (dev) kontor-tests-contract v0.2.1 (*)
              │   │   └── (dev) kontor-tests-e2e v0.2.1 (*)
              │   ├── kontor-calendar v0.2.1
              │   │   └── kontor-store v0.2.1
              │   │       ├── (dev) kontor-accounts v0.2.1 (*)
              │   │       ├── kontor-api v0.2.1 (*)
              │   │       ├── (dev) kontor-cli v0.2.1 (*)
              │   │       ├── (dev) kontor-daemon v0.2.1 (*)
              │   │       ├── (dev) kontor-tests-contract v0.2.1 (*)
              │   │       └── (dev) kontor-tests-e2e v0.2.1 (*)
              │   ├── (dev) kontor-cli v0.2.1 (*)
              │   ├── (dev) kontor-context v0.2.1
              │   │   ├── kontor-daemon v0.2.1 (*)
              │   │   ├── kontor-teams v0.2.1
              │   │   │   ├── kontor-daemon v0.2.1 (*)
              │   │   │   ├── kontor-profiles v0.2.1
              │   │   │   │   ├── kontor-daemon v0.2.1 (*)
              │   │   │   │   ├── (dev) kontor-store v0.2.1 (*)
              │   │   │   │   ├── (dev) kontor-tests-contract v0.2.1 (*)
              │   │   │   │   └── (dev) kontor-tests-e2e v0.2.1 (*)
              │   │   │   ├── kontor-store v0.2.1 (*)
              │   │   │   ├── (dev) kontor-tests-contract v0.2.1 (*)
              │   │   │   └── (dev) kontor-tests-e2e v0.2.1 (*)
              │   │   └── (dev) kontor-tests-e2e v0.2.1 (*)
              │   ├── kontor-daemon v0.2.1 (*)
              │   ├── kontor-intake v0.2.1
              │   │   └── (dev) kontor-tests-e2e v0.2.1 (*)
              │   ├── kontor-jira v0.2.1 (*)
              │   ├── kontor-mcp v0.2.1
              │   │   ├── kontor-cli v0.2.1 (*)
              │   │   ├── (dev) kontor-daemon v0.2.1 (*)
              │   │   ├── (dev) kontor-tests-contract v0.2.1 (*)
              │   │   └── (dev) kontor-tests-e2e v0.2.1 (*)
              │   ├── kontor-policy v0.2.1
              │   │   ├── kontor-daemon v0.2.1 (*)
              │   │   ├── kontor-scheduler v0.2.1
              │   │   │   ├── kontor-accounts v0.2.1 (*)
              │   │   │   ├── kontor-api v0.2.1 (*)
              │   │   │   ├── kontor-calendar v0.2.1 (*)
              │   │   │   ├── kontor-daemon v0.2.1 (*)
              │   │   │   ├── kontor-store v0.2.1 (*)
              │   │   │   ├── (dev) kontor-tests-contract v0.2.1 (*)
              │   │   │   └── (dev) kontor-tests-e2e v0.2.1 (*)
              │   │   ├── (dev) kontor-store v0.2.1 (*)
              │   │   ├── (dev) kontor-tests-contract v0.2.1 (*)
              │   │   └── (dev) kontor-tests-e2e v0.2.1 (*)
              │   ├── kontor-profiles v0.2.1 (*)
              │   ├── kontor-runtime v0.2.1
              │   │   ├── kontor-accounts v0.2.1 (*)
              │   │   ├── kontor-api v0.2.1 (*)
              │   │   ├── (dev) kontor-daemon v0.2.1 (*)
              │   │   ├── kontor-runtime-ao v0.2.1 (*)
              │   │   ├── kontor-runtime-codex v0.2.1 (*)
              │   │   ├── kontor-runtime-paseo v0.2.1 (*)
              │   │   ├── kontor-scheduler v0.2.1 (*)
              │   │   ├── (dev) kontor-store v0.2.1 (*)
              │   │   ├── kontor-teams v0.2.1 (*)
              │   │   ├── kontor-tests-contract v0.2.1 (*)
              │   │   └── (dev) kontor-tests-e2e v0.2.1 (*)
              │   ├── kontor-runtime-ao v0.2.1 (*)
              │   ├── kontor-runtime-codex v0.2.1 (*)
              │   ├── kontor-runtime-paseo v0.2.1 (*)
              │   ├── kontor-scheduler v0.2.1 (*)
              │   ├── kontor-store v0.2.1 (*)
              │   ├── kontor-teams v0.2.1 (*)
              │   ├── kontor-tests-contract v0.2.1 (*)
              │   └── kontor-tests-e2e v0.2.1 (*)
              ├── kontor-daemon v0.2.1 (*)
              ├── kontor-intake v0.2.1 (*)
              ├── kontor-tests-e2e v0.2.1 (*)
              ├── rust-embed-utils v8.12.0
              │   ├── rust-embed v8.12.0
              │   │   └── utoipa-swagger-ui v9.0.2
              │   │       └── kontor-api v0.2.1 (*)
              │   └── rust-embed-impl v8.12.0
              │       └── rust-embed v8.12.0 (*)
              └── secret-service v5.2.0 (*)

warning[duplicate]: found 2 duplicate entries for crate 'digest'
    ┌─ /Users/igor/.paseo/worktrees/0n8yzbno/feat-asma-8156-typed-experience-contract-and/Cargo.lock:130:1
    │
130 │ ╭ digest 0.10.7 registry+https://github.com/rust-lang/crates.io-index
131 │ │ digest 0.11.3 registry+https://github.com/rust-lang/crates.io-index
    │ ╰───────────────────────────────────────────────────────────────────┘ lock entries
    │
    ├ digest v0.10.7
      ├── blake2 v0.10.6
      │   └── iota-crypto v0.23.2
      │       ├── iota_stronghold v2.1.0
      │       │   └── tauri-plugin-stronghold v2.3.1
      │       │       └── kontor-desktop v0.2.1
      │       ├── stronghold-runtime v2.0.1
      │       │   └── stronghold_engine v2.0.1
      │       │       └── iota_stronghold v2.1.0 (*)
      │       ├── stronghold_engine v2.0.1 (*)
      │       └── tauri-plugin-stronghold v2.3.1 (*)
      ├── curve25519-dalek v4.1.3
      │   ├── ed25519-zebra v4.2.0
      │   │   └── iota-crypto v0.23.2 (*)
      │   ├── iota-crypto v0.23.2 (*)
      │   └── x25519-dalek v2.0.1
      │       └── iota-crypto v0.23.2 (*)
      ├── ecdsa v0.16.9
      │   └── k256 v0.13.4
      │       └── iota-crypto v0.23.2 (*)
      ├── elliptic-curve v0.13.8
      │   ├── ecdsa v0.16.9 (*)
      │   └── k256 v0.13.4 (*)
      ├── hmac v0.12.1
      │   ├── hkdf v0.12.4
      │   │   ├── iota-crypto v0.23.2 (*)
      │   │   └── iota_stronghold v2.1.0 (*)
      │   ├── iota-crypto v0.23.2 (*)
      │   ├── pbkdf2 v0.12.2
      │   │   ├── iota-crypto v0.23.2 (*)
      │   │   └── scrypt v0.11.0
      │   │       └── iota-crypto v0.23.2 (*)
      │   └── rfc6979 v0.4.0
      │       └── ecdsa v0.16.9 (*)
      ├── iota-crypto v0.23.2 (*)
      ├── pbkdf2 v0.12.2 (*)
      ├── sha2 v0.10.9
      │   ├── ed25519-zebra v4.2.0 (*)
      │   ├── iota-crypto v0.23.2 (*)
      │   ├── k256 v0.13.4 (*)
      │   ├── scrypt v0.11.0 (*)
      │   └── tauri-codegen v2.6.3
      │       └── tauri-macros v2.6.3
      │           └── tauri v2.11.5
      │               ├── kontor-desktop v0.2.1 (*)
      │               └── tauri-plugin-stronghold v2.3.1 (*)
      └── signature v2.2.0
          ├── ecdsa v0.16.9 (*)
          └── ed25519 v2.2.3
              └── ed25519-zebra v4.2.0 (*)
    ├ digest v0.11.3
      ├── hmac v0.13.0
      │   └── hkdf v0.13.0
      │       └── secret-service v5.2.0
      │           └── zbus-secret-service-keyring-store v1.0.1
      │               └── keyring v4.1.6
      │                   └── kontor-accounts v0.2.1
      │                       ├── kontor-daemon v0.2.1
      │                       │   ├── (dev) kontor-cli v0.2.1
      │                       │   ├── (dev) kontor-tests-contract v0.2.1
      │                       │   │   ├── (dev) kontor-runtime-ao v0.2.1
      │                       │   │   ├── (dev) kontor-runtime-codex v0.2.1
      │                       │   │   ├── (dev) kontor-runtime-paseo v0.2.1
      │                       │   │   │   └── kontor-daemon v0.2.1 (*)
      │                       │   │   └── (dev) kontor-tests-e2e v0.2.1
      │                       │   └── (dev) kontor-tests-e2e v0.2.1 (*)
      │                       ├── kontor-jira v0.2.1
      │                       │   ├── kontor-daemon v0.2.1 (*)
      │                       │   └── (dev) kontor-tests-e2e v0.2.1 (*)
      │                       ├── kontor-runtime-codex v0.2.1 (*)
      │                       └── (dev) kontor-tests-e2e v0.2.1 (*)
      ├── sha1 v0.11.0
      │   └── tungstenite v0.30.0
      │       └── tokio-tungstenite v0.30.0
      │           └── kontor-runtime-paseo v0.2.1 (*)
      └── sha2 v0.11.0
          ├── kontor-core v0.2.1
          │   ├── kontor-accounts v0.2.1 (*)
          │   ├── kontor-api v0.2.1
          │   │   ├── (dev) kontor-cli v0.2.1 (*)
          │   │   ├── kontor-daemon v0.2.1 (*)
          │   │   ├── (dev) kontor-tests-contract v0.2.1 (*)
          │   │   └── (dev) kontor-tests-e2e v0.2.1 (*)
          │   ├── kontor-calendar v0.2.1
          │   │   └── kontor-store v0.2.1
          │   │       ├── (dev) kontor-accounts v0.2.1 (*)
          │   │       ├── kontor-api v0.2.1 (*)
          │   │       ├── (dev) kontor-cli v0.2.1 (*)
          │   │       ├── (dev) kontor-daemon v0.2.1 (*)
          │   │       ├── (dev) kontor-tests-contract v0.2.1 (*)
          │   │       └── (dev) kontor-tests-e2e v0.2.1 (*)
          │   ├── (dev) kontor-cli v0.2.1 (*)
          │   ├── (dev) kontor-context v0.2.1
          │   │   ├── kontor-daemon v0.2.1 (*)
          │   │   ├── kontor-teams v0.2.1
          │   │   │   ├── kontor-daemon v0.2.1 (*)
          │   │   │   ├── kontor-profiles v0.2.1
          │   │   │   │   ├── kontor-daemon v0.2.1 (*)
          │   │   │   │   ├── (dev) kontor-store v0.2.1 (*)
          │   │   │   │   ├── (dev) kontor-tests-contract v0.2.1 (*)
          │   │   │   │   └── (dev) kontor-tests-e2e v0.2.1 (*)
          │   │   │   ├── kontor-store v0.2.1 (*)
          │   │   │   ├── (dev) kontor-tests-contract v0.2.1 (*)
          │   │   │   └── (dev) kontor-tests-e2e v0.2.1 (*)
          │   │   └── (dev) kontor-tests-e2e v0.2.1 (*)
          │   ├── kontor-daemon v0.2.1 (*)
          │   ├── kontor-intake v0.2.1
          │   │   └── (dev) kontor-tests-e2e v0.2.1 (*)
          │   ├── kontor-jira v0.2.1 (*)
          │   ├── kontor-mcp v0.2.1
          │   │   ├── kontor-cli v0.2.1 (*)
          │   │   ├── (dev) kontor-daemon v0.2.1 (*)
          │   │   ├── (dev) kontor-tests-contract v0.2.1 (*)
          │   │   └── (dev) kontor-tests-e2e v0.2.1 (*)
          │   ├── kontor-policy v0.2.1
          │   │   ├── kontor-daemon v0.2.1 (*)
          │   │   ├── kontor-scheduler v0.2.1
          │   │   │   ├── kontor-accounts v0.2.1 (*)
          │   │   │   ├── kontor-api v0.2.1 (*)
          │   │   │   ├── kontor-calendar v0.2.1 (*)
          │   │   │   ├── kontor-daemon v0.2.1 (*)
          │   │   │   ├── kontor-store v0.2.1 (*)
          │   │   │   ├── (dev) kontor-tests-contract v0.2.1 (*)
          │   │   │   └── (dev) kontor-tests-e2e v0.2.1 (*)
          │   │   ├── (dev) kontor-store v0.2.1 (*)
          │   │   ├── (dev) kontor-tests-contract v0.2.1 (*)
          │   │   └── (dev) kontor-tests-e2e v0.2.1 (*)
          │   ├── kontor-profiles v0.2.1 (*)
          │   ├── kontor-runtime v0.2.1
          │   │   ├── kontor-accounts v0.2.1 (*)
          │   │   ├── kontor-api v0.2.1 (*)
          │   │   ├── (dev) kontor-daemon v0.2.1 (*)
          │   │   ├── kontor-runtime-ao v0.2.1 (*)
          │   │   ├── kontor-runtime-codex v0.2.1 (*)
          │   │   ├── kontor-runtime-paseo v0.2.1 (*)
          │   │   ├── kontor-scheduler v0.2.1 (*)
          │   │   ├── (dev) kontor-store v0.2.1 (*)
          │   │   ├── kontor-teams v0.2.1 (*)
          │   │   ├── kontor-tests-contract v0.2.1 (*)
          │   │   └── (dev) kontor-tests-e2e v0.2.1 (*)
          │   ├── kontor-runtime-ao v0.2.1 (*)
          │   ├── kontor-runtime-codex v0.2.1 (*)
          │   ├── kontor-runtime-paseo v0.2.1 (*)
          │   ├── kontor-scheduler v0.2.1 (*)
          │   ├── kontor-store v0.2.1 (*)
          │   ├── kontor-teams v0.2.1 (*)
          │   ├── kontor-tests-contract v0.2.1 (*)
          │   └── kontor-tests-e2e v0.2.1 (*)
          ├── kontor-daemon v0.2.1 (*)
          ├── kontor-intake v0.2.1 (*)
          ├── kontor-tests-e2e v0.2.1 (*)
          ├── rust-embed-utils v8.12.0
          │   ├── rust-embed v8.12.0
          │   │   └── utoipa-swagger-ui v9.0.2
          │   │       └── kontor-api v0.2.1 (*)
          │   └── rust-embed-impl v8.12.0
          │       └── rust-embed v8.12.0 (*)
          └── secret-service v5.2.0 (*)

warning[duplicate]: found 2 duplicate entries for crate 'dirs'
    ┌─ /Users/igor/.paseo/worktrees/0n8yzbno/feat-asma-8156-typed-experience-contract-and/Cargo.lock:133:1
    │
133 │ ╭ dirs 4.0.0 registry+https://github.com/rust-lang/crates.io-index
134 │ │ dirs 6.0.0 registry+https://github.com/rust-lang/crates.io-index
    │ ╰────────────────────────────────────────────────────────────────┘ lock entries
    │
    ├ dirs v4.0.0
      └── stronghold-runtime v2.0.1
          └── stronghold_engine v2.0.1
              └── iota_stronghold v2.1.0
                  └── tauri-plugin-stronghold v2.3.1
                      └── kontor-desktop v0.2.1
    ├ dirs v6.0.0
      ├── tauri v2.11.5
      │   ├── kontor-desktop v0.2.1
      │   └── tauri-plugin-stronghold v2.3.1
      │       └── kontor-desktop v0.2.1 (*)
      ├── tauri-build v2.6.3
      │   ├── (build) kontor-desktop v0.2.1 (*)
      │   └── (build) tauri v2.11.5 (*)
      └── wry v0.55.1
          └── tauri-runtime-wry v2.11.4
              └── tauri v2.11.5 (*)

warning[duplicate]: found 2 duplicate entries for crate 'dirs-sys'
    ┌─ /Users/igor/.paseo/worktrees/0n8yzbno/feat-asma-8156-typed-experience-contract-and/Cargo.lock:136:1
    │
136 │ ╭ dirs-sys 0.3.7 registry+https://github.com/rust-lang/crates.io-index
137 │ │ dirs-sys 0.5.0 registry+https://github.com/rust-lang/crates.io-index
    │ ╰────────────────────────────────────────────────────────────────────┘ lock entries
    │
    ├ dirs-sys v0.3.7
      └── dirs v4.0.0
          └── stronghold-runtime v2.0.1
              └── stronghold_engine v2.0.1
                  └── iota_stronghold v2.1.0
                      └── tauri-plugin-stronghold v2.3.1
                          └── kontor-desktop v0.2.1
    ├ dirs-sys v0.5.0
      ├── directories v6.0.0
      │   └── kontor-daemon v0.2.1
      │       ├── (dev) kontor-cli v0.2.1
      │       ├── (dev) kontor-tests-contract v0.2.1
      │       │   ├── (dev) kontor-runtime-ao v0.2.1
      │       │   ├── (dev) kontor-runtime-codex v0.2.1
      │       │   ├── (dev) kontor-runtime-paseo v0.2.1
      │       │   │   └── kontor-daemon v0.2.1 (*)
      │       │   └── (dev) kontor-tests-e2e v0.2.1
      │       └── (dev) kontor-tests-e2e v0.2.1 (*)
      └── dirs v6.0.0
          ├── tauri v2.11.5
          │   ├── kontor-desktop v0.2.1
          │   └── tauri-plugin-stronghold v2.3.1
          │       └── kontor-desktop v0.2.1 (*)
          ├── tauri-build v2.6.3
          │   ├── (build) kontor-desktop v0.2.1 (*)
          │   └── (build) tauri v2.11.5 (*)
          └── wry v0.55.1
              └── tauri-runtime-wry v2.11.4
                  └── tauri v2.11.5 (*)

warning[duplicate]: found 3 duplicate entries for crate 'getrandom'
    ┌─ /Users/igor/.paseo/worktrees/0n8yzbno/feat-asma-8156-typed-experience-contract-and/Cargo.lock:200:1
    │
200 │ ╭ getrandom 0.2.17 registry+https://github.com/rust-lang/crates.io-index
201 │ │ getrandom 0.3.4 registry+https://github.com/rust-lang/crates.io-index
202 │ │ getrandom 0.4.3 registry+https://github.com/rust-lang/crates.io-index
    │ ╰─────────────────────────────────────────────────────────────────────┘ lock entries
    │
    ├ getrandom v0.2.17
      ├── iota-crypto v0.23.2
      │   ├── iota_stronghold v2.1.0
      │   │   └── tauri-plugin-stronghold v2.3.1
      │   │       └── kontor-desktop v0.2.1
      │   ├── stronghold-runtime v2.0.1
      │   │   └── stronghold_engine v2.0.1
      │   │       └── iota_stronghold v2.1.0 (*)
      │   ├── stronghold_engine v2.0.1 (*)
      │   └── tauri-plugin-stronghold v2.3.1 (*)
      └── rand_core v0.6.4
          ├── crypto-bigint v0.5.5
          │   └── elliptic-curve v0.13.8
          │       ├── ecdsa v0.16.9
          │       │   └── k256 v0.13.4
          │       │       └── iota-crypto v0.23.2 (*)
          │       └── k256 v0.13.4 (*)
          ├── ed25519-zebra v4.2.0
          │   └── iota-crypto v0.23.2 (*)
          ├── elliptic-curve v0.13.8 (*)
          ├── ff v0.13.1
          │   ├── elliptic-curve v0.13.8 (*)
          │   └── group v0.13.0
          │       └── elliptic-curve v0.13.8 (*)
          ├── group v0.13.0 (*)
          ├── rand v0.8.8
          │   ├── iota-crypto v0.23.2 (*)
          │   ├── stronghold-runtime v2.0.1 (*)
          │   └── stronghold-utils v1.0.0
          │       └── iota_stronghold v2.1.0 (*)
          ├── rand_chacha v0.3.1
          │   └── rand v0.8.8 (*)
          ├── signature v2.2.0
          │   ├── ecdsa v0.16.9 (*)
          │   └── ed25519 v2.2.3
          │       └── ed25519-zebra v4.2.0 (*)
          └── x25519-dalek v2.0.1
              └── iota-crypto v0.23.2 (*)
    ├ getrandom v0.3.4
      ├── rand_core v0.9.5
      │   ├── rand v0.9.5
      │   │   └── proptest v1.11.0
      │   │       ├── (dev) kontor-core v0.2.1
      │   │       │   ├── kontor-accounts v0.2.1
      │   │       │   │   ├── kontor-daemon v0.2.1
      │   │       │   │   │   ├── (dev) kontor-cli v0.2.1
      │   │       │   │   │   ├── (dev) kontor-tests-contract v0.2.1
      │   │       │   │   │   │   ├── (dev) kontor-runtime-ao v0.2.1
      │   │       │   │   │   │   ├── (dev) kontor-runtime-codex v0.2.1
      │   │       │   │   │   │   ├── (dev) kontor-runtime-paseo v0.2.1
      │   │       │   │   │   │   │   └── kontor-daemon v0.2.1 (*)
      │   │       │   │   │   │   └── (dev) kontor-tests-e2e v0.2.1
      │   │       │   │   │   └── (dev) kontor-tests-e2e v0.2.1 (*)
      │   │       │   │   ├── kontor-jira v0.2.1
      │   │       │   │   │   ├── kontor-daemon v0.2.1 (*)
      │   │       │   │   │   └── (dev) kontor-tests-e2e v0.2.1 (*)
      │   │       │   │   ├── kontor-runtime-codex v0.2.1 (*)
      │   │       │   │   └── (dev) kontor-tests-e2e v0.2.1 (*)
      │   │       │   ├── kontor-api v0.2.1
      │   │       │   │   ├── (dev) kontor-cli v0.2.1 (*)
      │   │       │   │   ├── kontor-daemon v0.2.1 (*)
      │   │       │   │   ├── (dev) kontor-tests-contract v0.2.1 (*)
      │   │       │   │   └── (dev) kontor-tests-e2e v0.2.1 (*)
      │   │       │   ├── kontor-calendar v0.2.1
      │   │       │   │   └── kontor-store v0.2.1
      │   │       │   │       ├── (dev) kontor-accounts v0.2.1 (*)
      │   │       │   │       ├── kontor-api v0.2.1 (*)
      │   │       │   │       ├── (dev) kontor-cli v0.2.1 (*)
      │   │       │   │       ├── (dev) kontor-daemon v0.2.1 (*)
      │   │       │   │       ├── (dev) kontor-tests-contract v0.2.1 (*)
      │   │       │   │       └── (dev) kontor-tests-e2e v0.2.1 (*)
      │   │       │   ├── (dev) kontor-cli v0.2.1 (*)
      │   │       │   ├── (dev) kontor-context v0.2.1
      │   │       │   │   ├── kontor-daemon v0.2.1 (*)
      │   │       │   │   ├── kontor-teams v0.2.1
      │   │       │   │   │   ├── kontor-daemon v0.2.1 (*)
      │   │       │   │   │   ├── kontor-profiles v0.2.1
      │   │       │   │   │   │   ├── kontor-daemon v0.2.1 (*)
      │   │       │   │   │   │   ├── (dev) kontor-store v0.2.1 (*)
      │   │       │   │   │   │   ├── (dev) kontor-tests-contract v0.2.1 (*)
      │   │       │   │   │   │   └── (dev) kontor-tests-e2e v0.2.1 (*)
      │   │       │   │   │   ├── kontor-store v0.2.1 (*)
      │   │       │   │   │   ├── (dev) kontor-tests-contract v0.2.1 (*)
      │   │       │   │   │   └── (dev) kontor-tests-e2e v0.2.1 (*)
      │   │       │   │   └── (dev) kontor-tests-e2e v0.2.1 (*)
      │   │       │   ├── kontor-daemon v0.2.1 (*)
      │   │       │   ├── kontor-intake v0.2.1
      │   │       │   │   └── (dev) kontor-tests-e2e v0.2.1 (*)
      │   │       │   ├── kontor-jira v0.2.1 (*)
      │   │       │   ├── kontor-mcp v0.2.1
      │   │       │   │   ├── kontor-cli v0.2.1 (*)
      │   │       │   │   ├── (dev) kontor-daemon v0.2.1 (*)
      │   │       │   │   ├── (dev) kontor-tests-contract v0.2.1 (*)
      │   │       │   │   └── (dev) kontor-tests-e2e v0.2.1 (*)
      │   │       │   ├── kontor-policy v0.2.1
      │   │       │   │   ├── kontor-daemon v0.2.1 (*)
      │   │       │   │   ├── kontor-scheduler v0.2.1
      │   │       │   │   │   ├── kontor-accounts v0.2.1 (*)
      │   │       │   │   │   ├── kontor-api v0.2.1 (*)
      │   │       │   │   │   ├── kontor-calendar v0.2.1 (*)
      │   │       │   │   │   ├── kontor-daemon v0.2.1 (*)
      │   │       │   │   │   ├── kontor-store v0.2.1 (*)
      │   │       │   │   │   ├── (dev) kontor-tests-contract v0.2.1 (*)
      │   │       │   │   │   └── (dev) kontor-tests-e2e v0.2.1 (*)
      │   │       │   │   ├── (dev) kontor-store v0.2.1 (*)
      │   │       │   │   ├── (dev) kontor-tests-contract v0.2.1 (*)
      │   │       │   │   └── (dev) kontor-tests-e2e v0.2.1 (*)
      │   │       │   ├── kontor-profiles v0.2.1 (*)
      │   │       │   ├── kontor-runtime v0.2.1
      │   │       │   │   ├── kontor-accounts v0.2.1 (*)
      │   │       │   │   ├── kontor-api v0.2.1 (*)
      │   │       │   │   ├── (dev) kontor-daemon v0.2.1 (*)
      │   │       │   │   ├── kontor-runtime-ao v0.2.1 (*)
      │   │       │   │   ├── kontor-runtime-codex v0.2.1 (*)
      │   │       │   │   ├── kontor-runtime-paseo v0.2.1 (*)
      │   │       │   │   ├── kontor-scheduler v0.2.1 (*)
      │   │       │   │   ├── (dev) kontor-store v0.2.1 (*)
      │   │       │   │   ├── kontor-teams v0.2.1 (*)
      │   │       │   │   ├── kontor-tests-contract v0.2.1 (*)
      │   │       │   │   └── (dev) kontor-tests-e2e v0.2.1 (*)
      │   │       │   ├── kontor-runtime-ao v0.2.1 (*)
      │   │       │   ├── kontor-runtime-codex v0.2.1 (*)
      │   │       │   ├── kontor-runtime-paseo v0.2.1 (*)
      │   │       │   ├── kontor-scheduler v0.2.1 (*)
      │   │       │   ├── kontor-store v0.2.1 (*)
      │   │       │   ├── kontor-teams v0.2.1 (*)
      │   │       │   ├── kontor-tests-contract v0.2.1 (*)
      │   │       │   └── kontor-tests-e2e v0.2.1 (*)
      │   │       ├── (dev) kontor-intake v0.2.1 (*)
      │   │       └── (dev) kontor-tests-contract v0.2.1 (*)
      │   ├── rand_chacha v0.9.0
      │   │   ├── proptest v1.11.0 (*)
      │   │   └── tauri-plugin-stronghold v2.3.1
      │   │       └── kontor-desktop v0.2.1
      │   ├── rand_xorshift v0.4.0
      │   │   └── proptest v1.11.0 (*)
      │   └── tauri-plugin-stronghold v2.3.1 (*)
      └── tauri v2.11.5
          ├── kontor-desktop v0.2.1 (*)
          └── tauri-plugin-stronghold v2.3.1 (*)
    ├ getrandom v0.4.3
      ├── jobserver v0.1.35
      │   └── cc v1.4.6
      │       ├── (build) aws-lc-sys v0.45.0
      │       │   └── aws-lc-rs v1.18.1
      │       │       ├── kontor-daemon v0.2.1
      │       │       │   ├── (dev) kontor-cli v0.2.1
      │       │       │   ├── (dev) kontor-tests-contract v0.2.1
      │       │       │   │   ├── (dev) kontor-runtime-ao v0.2.1
      │       │       │   │   ├── (dev) kontor-runtime-codex v0.2.1
      │       │       │   │   ├── (dev) kontor-runtime-paseo v0.2.1
      │       │       │   │   │   └── kontor-daemon v0.2.1 (*)
      │       │       │   │   └── (dev) kontor-tests-e2e v0.2.1
      │       │       │   └── (dev) kontor-tests-e2e v0.2.1 (*)
      │       │       ├── rustls v0.23.45
      │       │       │   ├── hyper-rustls v0.27.9
      │       │       │   │   └── reqwest v0.13.4
      │       │       │   │       ├── kontor-calendar v0.2.1
      │       │       │   │       │   └── kontor-store v0.2.1
      │       │       │   │       │       ├── (dev) kontor-accounts v0.2.1
      │       │       │   │       │       │   ├── kontor-daemon v0.2.1 (*)
      │       │       │   │       │       │   ├── kontor-jira v0.2.1
      │       │       │   │       │       │   │   ├── kontor-daemon v0.2.1 (*)
      │       │       │   │       │       │   │   └── (dev) kontor-tests-e2e v0.2.1 (*)
      │       │       │   │       │       │   ├── kontor-runtime-codex v0.2.1 (*)
      │       │       │   │       │       │   └── (dev) kontor-tests-e2e v0.2.1 (*)
      │       │       │   │       │       ├── kontor-api v0.2.1
      │       │       │   │       │       │   ├── (dev) kontor-cli v0.2.1 (*)
      │       │       │   │       │       │   ├── kontor-daemon v0.2.1 (*)
      │       │       │   │       │       │   ├── (dev) kontor-tests-contract v0.2.1 (*)
      │       │       │   │       │       │   └── (dev) kontor-tests-e2e v0.2.1 (*)
      │       │       │   │       │       ├── (dev) kontor-cli v0.2.1 (*)
      │       │       │   │       │       ├── (dev) kontor-daemon v0.2.1 (*)
      │       │       │   │       │       ├── (dev) kontor-tests-contract v0.2.1 (*)
      │       │       │   │       │       └── (dev) kontor-tests-e2e v0.2.1 (*)
      │       │       │   │       ├── (dev) kontor-cli v0.2.1 (*)
      │       │       │   │       ├── kontor-daemon v0.2.1 (*)
      │       │       │   │       ├── kontor-jira v0.2.1 (*)
      │       │       │   │       ├── kontor-mcp v0.2.1
      │       │       │   │       │   ├── kontor-cli v0.2.1 (*)
      │       │       │   │       │   ├── (dev) kontor-daemon v0.2.1 (*)
      │       │       │   │       │   ├── (dev) kontor-tests-contract v0.2.1 (*)
      │       │       │   │       │   └── (dev) kontor-tests-e2e v0.2.1 (*)
      │       │       │   │       ├── kontor-runtime-ao v0.2.1 (*)
      │       │       │   │       ├── kontor-runtime-codex v0.2.1 (*)
      │       │       │   │       └── kontor-runtime-paseo v0.2.1 (*)
      │       │       │   ├── reqwest v0.13.4 (*)
      │       │       │   ├── rustls-platform-verifier v0.7.0
      │       │       │   │   └── reqwest v0.13.4 (*)
      │       │       │   └── tokio-rustls v0.26.5
      │       │       │       ├── hyper-rustls v0.27.9 (*)
      │       │       │       └── reqwest v0.13.4 (*)
      │       │       └── rustls-webpki v0.103.15
      │       │           ├── rustls v0.23.45 (*)
      │       │           └── rustls-platform-verifier v0.7.0 (*)
      │       ├── cmake v0.1.58
      │       │   └── (build) aws-lc-sys v0.45.0 (*)
      │       ├── embed-resource v3.0.11
      │       │   └── tauri-winres v0.3.6
      │       │       └── tauri-build v2.6.3
      │       │           ├── (build) kontor-desktop v0.2.1
      │       │           └── (build) tauri v2.11.5
      │       │               ├── kontor-desktop v0.2.1 (*)
      │       │               └── tauri-plugin-stronghold v2.3.1
      │       │                   └── kontor-desktop v0.2.1 (*)
      │       ├── (build) libsodium-sys-stable v1.24.0
      │       │   └── stronghold-runtime v2.0.1
      │       │       └── stronghold_engine v2.0.1
      │       │           └── iota_stronghold v2.1.0
      │       │               └── tauri-plugin-stronghold v2.3.1 (*)
      │       ├── (build) libsqlite3-sys v0.38.2
      │       │   └── rusqlite v0.40.2
      │       │       ├── (dev) kontor-accounts v0.2.1 (*)
      │       │       ├── (dev) kontor-daemon v0.2.1 (*)
      │       │       ├── (dev) kontor-store v0.2.1 (*)
      │       │       ├── (dev) kontor-tests-contract v0.2.1 (*)
      │       │       └── (dev) kontor-tests-e2e v0.2.1 (*)
      │       ├── (build) objc2-exception-helper v0.1.1
      │       │   └── objc2 v0.6.4
      │       │       ├── block2 v0.6.2
      │       │       │   ├── dispatch2 v0.3.1
      │       │       │   │   └── tao v0.35.3
      │       │       │   │       └── tauri-runtime-wry v2.11.4
      │       │       │   │           └── tauri v2.11.5 (*)
      │       │       │   ├── objc2-app-kit v0.3.2
      │       │       │   │   ├── muda v0.19.3
      │       │       │   │   │   └── tauri v2.11.5 (*)
      │       │       │   │   ├── objc2-web-kit v0.3.2
      │       │       │   │   │   ├── tauri v2.11.5 (*)
      │       │       │   │   │   ├── tauri-runtime v2.11.3
      │       │       │   │   │   │   ├── tauri v2.11.5 (*)
      │       │       │   │   │   │   └── tauri-runtime-wry v2.11.4 (*)
      │       │       │   │   │   └── wry v0.55.1
      │       │       │   │   │       └── tauri-runtime-wry v2.11.4 (*)
      │       │       │   │   ├── tao v0.35.3 (*)
      │       │       │   │   ├── tauri v2.11.5 (*)
      │       │       │   │   ├── tauri-runtime-wry v2.11.4 (*)
      │       │       │   │   ├── window-vibrancy v0.6.0
      │       │       │   │   │   └── tauri v2.11.5 (*)
      │       │       │   │   └── wry v0.55.1 (*)
      │       │       │   ├── objc2-web-kit v0.3.2 (*)
      │       │       │   ├── tao v0.35.3 (*)
      │       │       │   └── wry v0.55.1 (*)
      │       │       ├── dispatch2 v0.3.1 (*)
      │       │       ├── muda v0.19.3 (*)
      │       │       ├── objc2-app-kit v0.3.2 (*)
      │       │       ├── objc2-core-foundation v0.3.2
      │       │       │   ├── muda v0.19.3 (*)
      │       │       │   ├── objc2-app-kit v0.3.2 (*)
      │       │       │   ├── objc2-core-graphics v0.3.2
      │       │       │   │   └── softbuffer v0.4.8
      │       │       │   │       └── tauri-runtime-wry v2.11.4 (*)
      │       │       │   ├── objc2-foundation v0.3.2
      │       │       │   │   ├── muda v0.19.3 (*)
      │       │       │   │   ├── objc2-app-kit v0.3.2 (*)
      │       │       │   │   ├── objc2-quartz-core v0.3.2
      │       │       │   │   │   └── softbuffer v0.4.8 (*)
      │       │       │   │   ├── objc2-web-kit v0.3.2 (*)
      │       │       │   │   ├── softbuffer v0.4.8 (*)
      │       │       │   │   ├── tao v0.35.3 (*)
      │       │       │   │   ├── tauri v2.11.5 (*)
      │       │       │   │   ├── window-vibrancy v0.6.0 (*)
      │       │       │   │   └── wry v0.55.1 (*)
      │       │       │   ├── objc2-quartz-core v0.3.2 (*)
      │       │       │   ├── objc2-web-kit v0.3.2 (*)
      │       │       │   ├── softbuffer v0.4.8 (*)
      │       │       │   ├── window-vibrancy v0.6.0 (*)
      │       │       │   └── wry v0.55.1 (*)
      │       │       ├── objc2-core-graphics v0.3.2 (*)
      │       │       ├── objc2-foundation v0.3.2 (*)
      │       │       ├── objc2-quartz-core v0.3.2 (*)
      │       │       ├── objc2-web-kit v0.3.2 (*)
      │       │       ├── softbuffer v0.4.8 (*)
      │       │       ├── tao v0.35.3 (*)
      │       │       ├── tauri v2.11.5 (*)
      │       │       ├── tauri-runtime v2.11.3 (*)
      │       │       ├── tauri-runtime-wry v2.11.4 (*)
      │       │       ├── window-vibrancy v0.6.0 (*)
      │       │       └── wry v0.55.1 (*)
      │       └── (build) vswhom-sys v0.1.3
      │           └── vswhom v0.1.0
      │               └── embed-resource v3.0.11 (*)
      ├── rand v0.10.2
      │   └── tungstenite v0.30.0
      │       └── tokio-tungstenite v0.30.0
      │           └── kontor-runtime-paseo v0.2.1 (*)
      ├── secret-service v5.2.0
      │   └── zbus-secret-service-keyring-store v1.0.1
      │       └── keyring v4.1.6
      │           └── kontor-accounts v0.2.1 (*)
      ├── tempfile v3.27.0
      │   ├── insta v1.48.0
      │   │   └── (dev) kontor-tests-contract v0.2.1 (*)
      │   ├── (dev) kontor-accounts v0.2.1 (*)
      │   ├── (dev) kontor-cli v0.2.1 (*)
      │   ├── (dev) kontor-daemon v0.2.1 (*)
      │   ├── (dev) kontor-jira v0.2.1 (*)
      │   ├── (dev) kontor-mcp v0.2.1 (*)
      │   ├── (dev) kontor-runtime-codex v0.2.1 (*)
      │   ├── (dev) kontor-runtime-paseo v0.2.1 (*)
      │   ├── (dev) kontor-store v0.2.1 (*)
      │   ├── (dev) kontor-tests-contract v0.2.1 (*)
      │   ├── (dev) kontor-tests-e2e v0.2.1 (*)
      │   ├── proptest v1.11.0
      │   │   ├── (dev) kontor-core v0.2.1
      │   │   │   ├── kontor-accounts v0.2.1 (*)
      │   │   │   ├── kontor-api v0.2.1 (*)
      │   │   │   ├── kontor-calendar v0.2.1 (*)
      │   │   │   ├── (dev) kontor-cli v0.2.1 (*)
      │   │   │   ├── (dev) kontor-context v0.2.1
      │   │   │   │   ├── kontor-daemon v0.2.1 (*)
      │   │   │   │   ├── kontor-teams v0.2.1
      │   │   │   │   │   ├── kontor-daemon v0.2.1 (*)
      │   │   │   │   │   ├── kontor-profiles v0.2.1
      │   │   │   │   │   │   ├── kontor-daemon v0.2.1 (*)
      │   │   │   │   │   │   ├── (dev) kontor-store v0.2.1 (*)
      │   │   │   │   │   │   ├── (dev) kontor-tests-contract v0.2.1 (*)
      │   │   │   │   │   │   └── (dev) kontor-tests-e2e v0.2.1 (*)
      │   │   │   │   │   ├── kontor-store v0.2.1 (*)
      │   │   │   │   │   ├── (dev) kontor-tests-contract v0.2.1 (*)
      │   │   │   │   │   └── (dev) kontor-tests-e2e v0.2.1 (*)
      │   │   │   │   └── (dev) kontor-tests-e2e v0.2.1 (*)
      │   │   │   ├── kontor-daemon v0.2.1 (*)
      │   │   │   ├── kontor-intake v0.2.1
      │   │   │   │   └── (dev) kontor-tests-e2e v0.2.1 (*)
      │   │   │   ├── kontor-jira v0.2.1 (*)
      │   │   │   ├── kontor-mcp v0.2.1 (*)
      │   │   │   ├── kontor-policy v0.2.1
      │   │   │   │   ├── kontor-daemon v0.2.1 (*)
      │   │   │   │   ├── kontor-scheduler v0.2.1
      │   │   │   │   │   ├── kontor-accounts v0.2.1 (*)
      │   │   │   │   │   ├── kontor-api v0.2.1 (*)
      │   │   │   │   │   ├── kontor-calendar v0.2.1 (*)
      │   │   │   │   │   ├── kontor-daemon v0.2.1 (*)
      │   │   │   │   │   ├── kontor-store v0.2.1 (*)
      │   │   │   │   │   ├── (dev) kontor-tests-contract v0.2.1 (*)
      │   │   │   │   │   └── (dev) kontor-tests-e2e v0.2.1 (*)
      │   │   │   │   ├── (dev) kontor-store v0.2.1 (*)
      │   │   │   │   ├── (dev) kontor-tests-contract v0.2.1 (*)
      │   │   │   │   └── (dev) kontor-tests-e2e v0.2.1 (*)
      │   │   │   ├── kontor-profiles v0.2.1 (*)
      │   │   │   ├── kontor-runtime v0.2.1
      │   │   │   │   ├── kontor-accounts v0.2.1 (*)
      │   │   │   │   ├── kontor-api v0.2.1 (*)
      │   │   │   │   ├── (dev) kontor-daemon v0.2.1 (*)
      │   │   │   │   ├── kontor-runtime-ao v0.2.1 (*)
      │   │   │   │   ├── kontor-runtime-codex v0.2.1 (*)
      │   │   │   │   ├── kontor-runtime-paseo v0.2.1 (*)
      │   │   │   │   ├── kontor-scheduler v0.2.1 (*)
      │   │   │   │   ├── (dev) kontor-store v0.2.1 (*)
      │   │   │   │   ├── kontor-teams v0.2.1 (*)
      │   │   │   │   ├── kontor-tests-contract v0.2.1 (*)
      │   │   │   │   └── (dev) kontor-tests-e2e v0.2.1 (*)
      │   │   │   ├── kontor-runtime-ao v0.2.1 (*)
      │   │   │   ├── kontor-runtime-codex v0.2.1 (*)
      │   │   │   ├── kontor-runtime-paseo v0.2.1 (*)
      │   │   │   ├── kontor-scheduler v0.2.1 (*)
      │   │   │   ├── kontor-store v0.2.1 (*)
      │   │   │   ├── kontor-teams v0.2.1 (*)
      │   │   │   ├── kontor-tests-contract v0.2.1 (*)
      │   │   │   └── kontor-tests-e2e v0.2.1 (*)
      │   │   ├── (dev) kontor-intake v0.2.1 (*)
      │   │   └── (dev) kontor-tests-contract v0.2.1 (*)
      │   ├── rusty-fork v0.3.1
      │   │   └── proptest v1.11.0 (*)
      │   └── uds_windows v1.2.1
      │       └── zbus v5.19.0
      │           ├── secret-service v5.2.0 (*)
      │           └── zbus-secret-service-keyring-store v1.0.1 (*)
      └── uuid v1.24.0
          ├── cfb v0.7.3
          │   └── infer v0.19.0
          │       └── tauri-utils v2.9.3
          │           ├── tauri v2.11.5 (*)
          │           ├── tauri-build v2.6.3 (*)
          │           ├── tauri-codegen v2.6.3
          │           │   └── tauri-macros v2.6.3
          │           │       └── tauri v2.11.5 (*)
          │           ├── tauri-macros v2.6.3 (*)
          │           ├── tauri-plugin v2.6.3
          │           │   └── (build) tauri-plugin-stronghold v2.3.1 (*)
          │           ├── tauri-runtime v2.11.3 (*)
          │           └── tauri-runtime-wry v2.11.4 (*)
          ├── icalendar v0.17.13
          │   └── kontor-calendar v0.2.1 (*)
          ├── kontor-api v0.2.1 (*)
          ├── kontor-calendar v0.2.1 (*)
          ├── kontor-core v0.2.1 (*)
          ├── kontor-daemon v0.2.1 (*)
          ├── kontor-intake v0.2.1 (*)
          ├── kontor-policy v0.2.1 (*)
          ├── kontor-runtime v0.2.1 (*)
          ├── kontor-runtime-codex v0.2.1 (*)
          ├── kontor-runtime-paseo v0.2.1 (*)
          ├── kontor-scheduler v0.2.1 (*)
          ├── kontor-store v0.2.1 (*)
          ├── (dev) kontor-tests-e2e v0.2.1 (*)
          ├── rmcp v3.1.2
          │   └── kontor-mcp v0.2.1 (*)
          ├── schemars v0.8.22
          │   ├── tauri-build v2.6.3 (*)
          │   ├── tauri-plugin v2.6.3 (*)
          │   └── tauri-utils v2.9.3 (*)
          ├── tauri-codegen v2.6.3 (*)
          ├── tauri-utils v2.9.3 (*)
          └── zbus v5.19.0 (*)

warning[duplicate]: found 3 duplicate entries for crate 'hashbrown'
    ┌─ /Users/igor/.paseo/worktrees/0n8yzbno/feat-asma-8156-typed-experience-contract-and/Cargo.lock:216:1
    │
216 │ ╭ hashbrown 0.12.3 registry+https://github.com/rust-lang/crates.io-index
217 │ │ hashbrown 0.16.1 registry+https://github.com/rust-lang/crates.io-index
218 │ │ hashbrown 0.17.1 registry+https://github.com/rust-lang/crates.io-index
    │ ╰──────────────────────────────────────────────────────────────────────┘ lock entries
    │
    ├ hashbrown v0.12.3
      └── indexmap v1.9.3
          └── schemars v0.8.22
              ├── tauri-build v2.6.3
              │   ├── (build) kontor-desktop v0.2.1
              │   └── (build) tauri v2.11.5
              │       ├── kontor-desktop v0.2.1 (*)
              │       └── tauri-plugin-stronghold v2.3.1
              │           └── kontor-desktop v0.2.1 (*)
              ├── tauri-plugin v2.6.3
              │   └── (build) tauri-plugin-stronghold v2.3.1 (*)
              └── tauri-utils v2.9.3
                  ├── tauri v2.11.5 (*)
                  ├── tauri-build v2.6.3 (*)
                  ├── tauri-codegen v2.6.3
                  │   └── tauri-macros v2.6.3
                  │       └── tauri v2.11.5 (*)
                  ├── tauri-macros v2.6.3 (*)
                  ├── tauri-plugin v2.6.3 (*)
                  ├── tauri-runtime v2.11.3
                  │   ├── tauri v2.11.5 (*)
                  │   └── tauri-runtime-wry v2.11.4
                  │       └── tauri v2.11.5 (*)
                  └── tauri-runtime-wry v2.11.4 (*)
    ├ hashbrown v0.16.1
      └── libflate_lz77 v2.3.0
          └── libflate v2.3.2
              └── (build) libsodium-sys-stable v1.24.0
                  └── stronghold-runtime v2.0.1
                      └── stronghold_engine v2.0.1
                          └── iota_stronghold v2.1.0
                              └── tauri-plugin-stronghold v2.3.1
                                  └── kontor-desktop v0.2.1
    ├ hashbrown v0.17.1
      ├── hashlink v0.12.2
      │   └── rusqlite v0.40.2
      │       ├── (dev) kontor-accounts v0.2.1
      │       │   ├── kontor-daemon v0.2.1
      │       │   │   ├── (dev) kontor-cli v0.2.1
      │       │   │   ├── (dev) kontor-tests-contract v0.2.1
      │       │   │   │   ├── (dev) kontor-runtime-ao v0.2.1
      │       │   │   │   ├── (dev) kontor-runtime-codex v0.2.1
      │       │   │   │   ├── (dev) kontor-runtime-paseo v0.2.1
      │       │   │   │   │   └── kontor-daemon v0.2.1 (*)
      │       │   │   │   └── (dev) kontor-tests-e2e v0.2.1
      │       │   │   └── (dev) kontor-tests-e2e v0.2.1 (*)
      │       │   ├── kontor-jira v0.2.1
      │       │   │   ├── kontor-daemon v0.2.1 (*)
      │       │   │   └── (dev) kontor-tests-e2e v0.2.1 (*)
      │       │   ├── kontor-runtime-codex v0.2.1 (*)
      │       │   └── (dev) kontor-tests-e2e v0.2.1 (*)
      │       ├── (dev) kontor-daemon v0.2.1 (*)
      │       ├── (dev) kontor-store v0.2.1
      │       │   ├── (dev) kontor-accounts v0.2.1 (*)
      │       │   ├── kontor-api v0.2.1
      │       │   │   ├── (dev) kontor-cli v0.2.1 (*)
      │       │   │   ├── kontor-daemon v0.2.1 (*)
      │       │   │   ├── (dev) kontor-tests-contract v0.2.1 (*)
      │       │   │   └── (dev) kontor-tests-e2e v0.2.1 (*)
      │       │   ├── (dev) kontor-cli v0.2.1 (*)
      │       │   ├── (dev) kontor-daemon v0.2.1 (*)
      │       │   ├── (dev) kontor-tests-contract v0.2.1 (*)
      │       │   └── (dev) kontor-tests-e2e v0.2.1 (*)
      │       ├── (dev) kontor-tests-contract v0.2.1 (*)
      │       └── (dev) kontor-tests-e2e v0.2.1 (*)
      └── indexmap v2.14.2
          ├── h2 v0.4.19
          │   └── hyper v1.11.1
          │       ├── axum v0.8.9
          │       │   ├── kontor-api v0.2.1 (*)
          │       │   ├── (dev) kontor-cli v0.2.1 (*)
          │       │   ├── kontor-daemon v0.2.1 (*)
          │       │   └── (dev) kontor-tests-e2e v0.2.1 (*)
          │       ├── hyper-rustls v0.27.9
          │       │   └── reqwest v0.13.4
          │       │       ├── kontor-calendar v0.2.1
          │       │       │   └── kontor-store v0.2.1 (*)
          │       │       ├── (dev) kontor-cli v0.2.1 (*)
          │       │       ├── kontor-daemon v0.2.1 (*)
          │       │       ├── kontor-jira v0.2.1 (*)
          │       │       ├── kontor-mcp v0.2.1
          │       │       │   ├── kontor-cli v0.2.1 (*)
          │       │       │   ├── (dev) kontor-daemon v0.2.1 (*)
          │       │       │   ├── (dev) kontor-tests-contract v0.2.1 (*)
          │       │       │   └── (dev) kontor-tests-e2e v0.2.1 (*)
          │       │       ├── kontor-runtime-ao v0.2.1 (*)
          │       │       ├── kontor-runtime-codex v0.2.1 (*)
          │       │       └── kontor-runtime-paseo v0.2.1 (*)
          │       ├── hyper-util v0.1.20
          │       │   ├── axum v0.8.9 (*)
          │       │   ├── hyper-rustls v0.27.9 (*)
          │       │   ├── reqwest v0.13.4 (*)
          │       │   └── wiremock v0.6.5
          │       │       ├── (dev) kontor-daemon v0.2.1 (*)
          │       │       ├── (dev) kontor-jira v0.2.1 (*)
          │       │       ├── (dev) kontor-runtime-codex v0.2.1 (*)
          │       │       └── (dev) kontor-tests-contract v0.2.1 (*)
          │       ├── reqwest v0.13.4 (*)
          │       └── wiremock v0.6.5 (*)
          ├── plist v1.10.1
          │   ├── tauri v2.11.5
          │   │   ├── kontor-desktop v0.2.1
          │   │   └── tauri-plugin-stronghold v2.3.1
          │   │       └── kontor-desktop v0.2.1 (*)
          │   ├── tauri-codegen v2.6.3
          │   │   └── tauri-macros v2.6.3
          │   │       └── tauri v2.11.5 (*)
          │   ├── tauri-plugin v2.6.3
          │   │   └── (build) tauri-plugin-stronghold v2.3.1 (*)
          │   └── tauri-utils v2.9.3
          │       ├── tauri v2.11.5 (*)
          │       ├── tauri-build v2.6.3
          │       │   ├── (build) kontor-desktop v0.2.1 (*)
          │       │   └── (build) tauri v2.11.5 (*)
          │       ├── tauri-codegen v2.6.3 (*)
          │       ├── tauri-macros v2.6.3 (*)
          │       ├── tauri-plugin v2.6.3 (*)
          │       ├── tauri-runtime v2.11.3
          │       │   ├── tauri v2.11.5 (*)
          │       │   └── tauri-runtime-wry v2.11.4
          │       │       └── tauri v2.11.5 (*)
          │       └── tauri-runtime-wry v2.11.4 (*)
          ├── serde_yaml_ng v0.10.0
          │   ├── kontor-accounts v0.2.1 (*)
          │   └── kontor-daemon v0.2.1 (*)
          ├── toml_edit v0.19.15
          │   └── proc-macro-crate v1.3.1
          │       └── gtk3-macros v0.18.2
          │           └── gtk v0.18.2
          │               ├── muda v0.19.3
          │               │   └── tauri v2.11.5 (*)
          │               ├── tao v0.35.3
          │               │   └── tauri-runtime-wry v2.11.4 (*)
          │               ├── tauri v2.11.5 (*)
          │               ├── tauri-runtime v2.11.3 (*)
          │               ├── tauri-runtime-wry v2.11.4 (*)
          │               ├── webkit2gtk v2.0.2
          │               │   ├── tauri v2.11.5 (*)
          │               │   ├── tauri-runtime v2.11.3 (*)
          │               │   ├── tauri-runtime-wry v2.11.4 (*)
          │               │   └── wry v0.55.1
          │               │       └── tauri-runtime-wry v2.11.4 (*)
          │               └── wry v0.55.1 (*)
          ├── toml_edit v0.20.2
          │   ├── proc-macro-crate v2.0.2
          │   │   └── glib-macros v0.18.5
          │   │       └── glib v0.18.5
          │   │           ├── atk v0.18.2
          │   │           │   └── gtk v0.18.2 (*)
          │   │           ├── cairo-rs v0.18.5
          │   │           │   ├── gdk v0.18.2
          │   │           │   │   ├── gdkx11 v0.18.2
          │   │           │   │   │   └── wry v0.55.1 (*)
          │   │           │   │   ├── gtk v0.18.2 (*)
          │   │           │   │   └── webkit2gtk v2.0.2 (*)
          │   │           │   ├── gtk v0.18.2 (*)
          │   │           │   └── webkit2gtk v2.0.2 (*)
          │   │           ├── gdk v0.18.2 (*)
          │   │           ├── gdk-pixbuf v0.18.5
          │   │           │   ├── gdk v0.18.2 (*)
          │   │           │   └── gtk v0.18.2 (*)
          │   │           ├── gdkx11 v0.18.2 (*)
          │   │           ├── gio v0.18.4
          │   │           │   ├── gdk v0.18.2 (*)
          │   │           │   ├── gdk-pixbuf v0.18.5 (*)
          │   │           │   ├── gdkx11 v0.18.2 (*)
          │   │           │   ├── gtk v0.18.2 (*)
          │   │           │   ├── pango v0.18.3
          │   │           │   │   ├── gdk v0.18.2 (*)
          │   │           │   │   └── gtk v0.18.2 (*)
          │   │           │   ├── soup3 v0.5.0
          │   │           │   │   ├── webkit2gtk v2.0.2 (*)
          │   │           │   │   └── wry v0.55.1 (*)
          │   │           │   └── webkit2gtk v2.0.2 (*)
          │   │           ├── gtk v0.18.2 (*)
          │   │           ├── javascriptcore-rs v1.1.2
          │   │           │   ├── webkit2gtk v2.0.2 (*)
          │   │           │   └── wry v0.55.1 (*)
          │   │           ├── pango v0.18.3 (*)
          │   │           ├── soup3 v0.5.0 (*)
          │   │           └── webkit2gtk v2.0.2 (*)
          │   └── toml v0.8.2
          │       └── system-deps v6.2.2
          │           ├── (build) atk-sys v0.18.2
          │           │   ├── atk v0.18.2 (*)
          │           │   └── gtk-sys v0.18.2
          │           │       ├── gtk v0.18.2 (*)
          │           │       ├── webkit2gtk v2.0.2 (*)
          │           │       └── webkit2gtk-sys v2.0.2
          │           │           ├── webkit2gtk v2.0.2 (*)
          │           │           └── wry v0.55.1 (*)
          │           ├── (build) cairo-sys-rs v0.18.2
          │           │   ├── cairo-rs v0.18.5 (*)
          │           │   ├── gdk-sys v0.18.2
          │           │   │   ├── gdk v0.18.2 (*)
          │           │   │   ├── gdkwayland-sys v0.18.2
          │           │   │   │   └── tao v0.35.3 (*)
          │           │   │   ├── gdkx11-sys v0.18.2
          │           │   │   │   ├── gdkx11 v0.18.2 (*)
          │           │   │   │   └── tao v0.35.3 (*)
          │           │   │   ├── gtk-sys v0.18.2 (*)
          │           │   │   ├── webkit2gtk v2.0.2 (*)
          │           │   │   └── webkit2gtk-sys v2.0.2 (*)
          │           │   ├── gtk-sys v0.18.2 (*)
          │           │   └── webkit2gtk-sys v2.0.2 (*)
          │           ├── (build) gdk-pixbuf-sys v0.18.0
          │           │   ├── gdk-pixbuf v0.18.5 (*)
          │           │   ├── gdk-sys v0.18.2 (*)
          │           │   └── gtk-sys v0.18.2 (*)
          │           ├── (build) gdk-sys v0.18.2 (*)
          │           ├── (build) gdkwayland-sys v0.18.2 (*)
          │           ├── (build) gdkx11-sys v0.18.2 (*)
          │           ├── (build) gio-sys v0.18.1
          │           │   ├── gdk-pixbuf-sys v0.18.0 (*)
          │           │   ├── gdk-sys v0.18.2 (*)
          │           │   ├── gio v0.18.4 (*)
          │           │   ├── glib v0.18.5 (*)
          │           │   ├── gtk-sys v0.18.2 (*)
          │           │   ├── soup3-sys v0.5.0
          │           │   │   ├── soup3 v0.5.0 (*)
          │           │   │   └── webkit2gtk-sys v2.0.2 (*)
          │           │   ├── webkit2gtk v2.0.2 (*)
          │           │   └── webkit2gtk-sys v2.0.2 (*)
          │           ├── (build) glib-sys v0.18.1
          │           │   ├── atk-sys v0.18.2 (*)
          │           │   ├── cairo-sys-rs v0.18.2 (*)
          │           │   ├── gdk-pixbuf-sys v0.18.0 (*)
          │           │   ├── gdk-sys v0.18.2 (*)
          │           │   ├── gdkwayland-sys v0.18.2 (*)
          │           │   ├── gdkx11-sys v0.18.2 (*)
          │           │   ├── gio-sys v0.18.1 (*)
          │           │   ├── glib v0.18.5 (*)
          │           │   ├── gobject-sys v0.18.0
          │           │   │   ├── atk-sys v0.18.2 (*)
          │           │   │   ├── gdk-pixbuf-sys v0.18.0 (*)
          │           │   │   ├── gdk-sys v0.18.2 (*)
          │           │   │   ├── gdkwayland-sys v0.18.2 (*)
          │           │   │   ├── gio-sys v0.18.1 (*)
          │           │   │   ├── glib v0.18.5 (*)
          │           │   │   ├── gtk-sys v0.18.2 (*)
          │           │   │   ├── javascriptcore-rs-sys v1.1.1
          │           │   │   │   ├── javascriptcore-rs v1.1.2 (*)
          │           │   │   │   └── webkit2gtk-sys v2.0.2 (*)
          │           │   │   ├── pango-sys v0.18.0
          │           │   │   │   ├── gdk-sys v0.18.2 (*)
          │           │   │   │   ├── gtk-sys v0.18.2 (*)
          │           │   │   │   └── pango v0.18.3 (*)
          │           │   │   ├── soup3-sys v0.5.0 (*)
          │           │   │   ├── webkit2gtk v2.0.2 (*)
          │           │   │   └── webkit2gtk-sys v2.0.2 (*)
          │           │   ├── gtk-sys v0.18.2 (*)
          │           │   ├── javascriptcore-rs-sys v1.1.1 (*)
          │           │   ├── pango-sys v0.18.0 (*)
          │           │   ├── soup3-sys v0.5.0 (*)
          │           │   ├── webkit2gtk v2.0.2 (*)
          │           │   └── webkit2gtk-sys v2.0.2 (*)
          │           ├── (build) gobject-sys v0.18.0 (*)
          │           ├── (build) gtk-sys v0.18.2 (*)
          │           ├── (build) javascriptcore-rs-sys v1.1.1 (*)
          │           ├── (build) pango-sys v0.18.0 (*)
          │           ├── (build) soup3-sys v0.5.0 (*)
          │           └── (build) webkit2gtk-sys v2.0.2 (*)
          ├── toml_edit v0.25.13+spec-1.1.0
          │   ├── kontor-daemon v0.2.1 (*)
          │   └── proc-macro-crate v3.5.0
          │       ├── zbus_macros v5.19.0
          │       │   └── zbus v5.19.0
          │       │       ├── secret-service v5.2.0
          │       │       │   └── zbus-secret-service-keyring-store v1.0.1
          │       │       │       └── keyring v4.1.6
          │       │       │           └── kontor-accounts v0.2.1 (*)
          │       │       └── zbus-secret-service-keyring-store v1.0.1 (*)
          │       └── zvariant_derive v5.15.0
          │           └── zvariant v5.15.0
          │               ├── zbus v5.19.0 (*)
          │               ├── zbus_macros v5.19.0 (*)
          │               └── zbus_names v4.3.4
          │                   ├── zbus v5.19.0 (*)
          │                   └── zbus_macros v5.19.0 (*)
          ├── utoipa v5.5.0
          │   ├── kontor-api v0.2.1 (*)
          │   └── utoipa-swagger-ui v9.0.2
          │       └── kontor-api v0.2.1 (*)
          ├── zip v3.0.0
          │   └── (build) utoipa-swagger-ui v9.0.2 (*)
          └── zip v8.6.0
              └── (build) libsodium-sys-stable v1.24.0
                  └── stronghold-runtime v2.0.1
                      └── stronghold_engine v2.0.1
                          └── iota_stronghold v2.1.0
                              └── tauri-plugin-stronghold v2.3.1 (*)

warning[duplicate]: found 2 duplicate entries for crate 'heck'
    ┌─ /Users/igor/.paseo/worktrees/0n8yzbno/feat-asma-8156-typed-experience-contract-and/Cargo.lock:220:1
    │
220 │ ╭ heck 0.4.1 registry+https://github.com/rust-lang/crates.io-index
221 │ │ heck 0.5.0 registry+https://github.com/rust-lang/crates.io-index
    │ ╰────────────────────────────────────────────────────────────────┘ lock entries
    │
    ├ heck v0.4.1
      └── glib-macros v0.18.5
          └── glib v0.18.5
              ├── atk v0.18.2
              │   └── gtk v0.18.2
              │       ├── muda v0.19.3
              │       │   └── tauri v2.11.5
              │       │       ├── kontor-desktop v0.2.1
              │       │       └── tauri-plugin-stronghold v2.3.1
              │       │           └── kontor-desktop v0.2.1 (*)
              │       ├── tao v0.35.3
              │       │   └── tauri-runtime-wry v2.11.4
              │       │       └── tauri v2.11.5 (*)
              │       ├── tauri v2.11.5 (*)
              │       ├── tauri-runtime v2.11.3
              │       │   ├── tauri v2.11.5 (*)
              │       │   └── tauri-runtime-wry v2.11.4 (*)
              │       ├── tauri-runtime-wry v2.11.4 (*)
              │       ├── webkit2gtk v2.0.2
              │       │   ├── tauri v2.11.5 (*)
              │       │   ├── tauri-runtime v2.11.3 (*)
              │       │   ├── tauri-runtime-wry v2.11.4 (*)
              │       │   └── wry v0.55.1
              │       │       └── tauri-runtime-wry v2.11.4 (*)
              │       └── wry v0.55.1 (*)
              ├── cairo-rs v0.18.5
              │   ├── gdk v0.18.2
              │   │   ├── gdkx11 v0.18.2
              │   │   │   └── wry v0.55.1 (*)
              │   │   ├── gtk v0.18.2 (*)
              │   │   └── webkit2gtk v2.0.2 (*)
              │   ├── gtk v0.18.2 (*)
              │   └── webkit2gtk v2.0.2 (*)
              ├── gdk v0.18.2 (*)
              ├── gdk-pixbuf v0.18.5
              │   ├── gdk v0.18.2 (*)
              │   └── gtk v0.18.2 (*)
              ├── gdkx11 v0.18.2 (*)
              ├── gio v0.18.4
              │   ├── gdk v0.18.2 (*)
              │   ├── gdk-pixbuf v0.18.5 (*)
              │   ├── gdkx11 v0.18.2 (*)
              │   ├── gtk v0.18.2 (*)
              │   ├── pango v0.18.3
              │   │   ├── gdk v0.18.2 (*)
              │   │   └── gtk v0.18.2 (*)
              │   ├── soup3 v0.5.0
              │   │   ├── webkit2gtk v2.0.2 (*)
              │   │   └── wry v0.55.1 (*)
              │   └── webkit2gtk v2.0.2 (*)
              ├── gtk v0.18.2 (*)
              ├── javascriptcore-rs v1.1.2
              │   ├── webkit2gtk v2.0.2 (*)
              │   └── wry v0.55.1 (*)
              ├── pango v0.18.3 (*)
              ├── soup3 v0.5.0 (*)
              └── webkit2gtk v2.0.2 (*)
    ├ heck v0.5.0
      ├── clap_derive v4.6.4
      │   └── clap v4.6.6
      │       ├── kontor-cli v0.2.1
      │       ├── kontor-daemon v0.2.1
      │       │   ├── (dev) kontor-cli v0.2.1 (*)
      │       │   ├── (dev) kontor-tests-contract v0.2.1
      │       │   │   ├── (dev) kontor-runtime-ao v0.2.1
      │       │   │   ├── (dev) kontor-runtime-codex v0.2.1
      │       │   │   ├── (dev) kontor-runtime-paseo v0.2.1
      │       │   │   │   └── kontor-daemon v0.2.1 (*)
      │       │   │   └── (dev) kontor-tests-e2e v0.2.1
      │       │   └── (dev) kontor-tests-e2e v0.2.1 (*)
      │       └── kontor-mcp v0.2.1
      │           ├── kontor-cli v0.2.1 (*)
      │           ├── (dev) kontor-daemon v0.2.1 (*)
      │           ├── (dev) kontor-tests-contract v0.2.1 (*)
      │           └── (dev) kontor-tests-e2e v0.2.1 (*)
      ├── system-deps v6.2.2
      │   ├── (build) atk-sys v0.18.2
      │   │   ├── atk v0.18.2
      │   │   │   └── gtk v0.18.2
      │   │   │       ├── muda v0.19.3
      │   │   │       │   └── tauri v2.11.5
      │   │   │       │       ├── kontor-desktop v0.2.1
      │   │   │       │       └── tauri-plugin-stronghold v2.3.1
      │   │   │       │           └── kontor-desktop v0.2.1 (*)
      │   │   │       ├── tao v0.35.3
      │   │   │       │   └── tauri-runtime-wry v2.11.4
      │   │   │       │       └── tauri v2.11.5 (*)
      │   │   │       ├── tauri v2.11.5 (*)
      │   │   │       ├── tauri-runtime v2.11.3
      │   │   │       │   ├── tauri v2.11.5 (*)
      │   │   │       │   └── tauri-runtime-wry v2.11.4 (*)
      │   │   │       ├── tauri-runtime-wry v2.11.4 (*)
      │   │   │       ├── webkit2gtk v2.0.2
      │   │   │       │   ├── tauri v2.11.5 (*)
      │   │   │       │   ├── tauri-runtime v2.11.3 (*)
      │   │   │       │   ├── tauri-runtime-wry v2.11.4 (*)
      │   │   │       │   └── wry v0.55.1
      │   │   │       │       └── tauri-runtime-wry v2.11.4 (*)
      │   │   │       └── wry v0.55.1 (*)
      │   │   └── gtk-sys v0.18.2
      │   │       ├── gtk v0.18.2 (*)
      │   │       ├── webkit2gtk v2.0.2 (*)
      │   │       └── webkit2gtk-sys v2.0.2
      │   │           ├── webkit2gtk v2.0.2 (*)
      │   │           └── wry v0.55.1 (*)
      │   ├── (build) cairo-sys-rs v0.18.2
      │   │   ├── cairo-rs v0.18.5
      │   │   │   ├── gdk v0.18.2
      │   │   │   │   ├── gdkx11 v0.18.2
      │   │   │   │   │   └── wry v0.55.1 (*)
      │   │   │   │   ├── gtk v0.18.2 (*)
      │   │   │   │   └── webkit2gtk v2.0.2 (*)
      │   │   │   ├── gtk v0.18.2 (*)
      │   │   │   └── webkit2gtk v2.0.2 (*)
      │   │   ├── gdk-sys v0.18.2
      │   │   │   ├── gdk v0.18.2 (*)
      │   │   │   ├── gdkwayland-sys v0.18.2
      │   │   │   │   └── tao v0.35.3 (*)
      │   │   │   ├── gdkx11-sys v0.18.2
      │   │   │   │   ├── gdkx11 v0.18.2 (*)
      │   │   │   │   └── tao v0.35.3 (*)
      │   │   │   ├── gtk-sys v0.18.2 (*)
      │   │   │   ├── webkit2gtk v2.0.2 (*)
      │   │   │   └── webkit2gtk-sys v2.0.2 (*)
      │   │   ├── gtk-sys v0.18.2 (*)
      │   │   └── webkit2gtk-sys v2.0.2 (*)
      │   ├── (build) gdk-pixbuf-sys v0.18.0
      │   │   ├── gdk-pixbuf v0.18.5
      │   │   │   ├── gdk v0.18.2 (*)
      │   │   │   └── gtk v0.18.2 (*)
      │   │   ├── gdk-sys v0.18.2 (*)
      │   │   └── gtk-sys v0.18.2 (*)
      │   ├── (build) gdk-sys v0.18.2 (*)
      │   ├── (build) gdkwayland-sys v0.18.2 (*)
      │   ├── (build) gdkx11-sys v0.18.2 (*)
      │   ├── (build) gio-sys v0.18.1
      │   │   ├── gdk-pixbuf-sys v0.18.0 (*)
      │   │   ├── gdk-sys v0.18.2 (*)
      │   │   ├── gio v0.18.4
      │   │   │   ├── gdk v0.18.2 (*)
      │   │   │   ├── gdk-pixbuf v0.18.5 (*)
      │   │   │   ├── gdkx11 v0.18.2 (*)
      │   │   │   ├── gtk v0.18.2 (*)
      │   │   │   ├── pango v0.18.3
      │   │   │   │   ├── gdk v0.18.2 (*)
      │   │   │   │   └── gtk v0.18.2 (*)
      │   │   │   ├── soup3 v0.5.0
      │   │   │   │   ├── webkit2gtk v2.0.2 (*)
      │   │   │   │   └── wry v0.55.1 (*)
      │   │   │   └── webkit2gtk v2.0.2 (*)
      │   │   ├── glib v0.18.5
      │   │   │   ├── atk v0.18.2 (*)
      │   │   │   ├── cairo-rs v0.18.5 (*)
      │   │   │   ├── gdk v0.18.2 (*)
      │   │   │   ├── gdk-pixbuf v0.18.5 (*)
      │   │   │   ├── gdkx11 v0.18.2 (*)
      │   │   │   ├── gio v0.18.4 (*)
      │   │   │   ├── gtk v0.18.2 (*)
      │   │   │   ├── javascriptcore-rs v1.1.2
      │   │   │   │   ├── webkit2gtk v2.0.2 (*)
      │   │   │   │   └── wry v0.55.1 (*)
      │   │   │   ├── pango v0.18.3 (*)
      │   │   │   ├── soup3 v0.5.0 (*)
      │   │   │   └── webkit2gtk v2.0.2 (*)
      │   │   ├── gtk-sys v0.18.2 (*)
      │   │   ├── soup3-sys v0.5.0
      │   │   │   ├── soup3 v0.5.0 (*)
      │   │   │   └── webkit2gtk-sys v2.0.2 (*)
      │   │   ├── webkit2gtk v2.0.2 (*)
      │   │   └── webkit2gtk-sys v2.0.2 (*)
      │   ├── (build) glib-sys v0.18.1
      │   │   ├── atk-sys v0.18.2 (*)
      │   │   ├── cairo-sys-rs v0.18.2 (*)
      │   │   ├── gdk-pixbuf-sys v0.18.0 (*)
      │   │   ├── gdk-sys v0.18.2 (*)
      │   │   ├── gdkwayland-sys v0.18.2 (*)
      │   │   ├── gdkx11-sys v0.18.2 (*)
      │   │   ├── gio-sys v0.18.1 (*)
      │   │   ├── glib v0.18.5 (*)
      │   │   ├── gobject-sys v0.18.0
      │   │   │   ├── atk-sys v0.18.2 (*)
      │   │   │   ├── gdk-pixbuf-sys v0.18.0 (*)
      │   │   │   ├── gdk-sys v0.18.2 (*)
      │   │   │   ├── gdkwayland-sys v0.18.2 (*)
      │   │   │   ├── gio-sys v0.18.1 (*)
      │   │   │   ├── glib v0.18.5 (*)
      │   │   │   ├── gtk-sys v0.18.2 (*)
      │   │   │   ├── javascriptcore-rs-sys v1.1.1
      │   │   │   │   ├── javascriptcore-rs v1.1.2 (*)
      │   │   │   │   └── webkit2gtk-sys v2.0.2 (*)
      │   │   │   ├── pango-sys v0.18.0
      │   │   │   │   ├── gdk-sys v0.18.2 (*)
      │   │   │   │   ├── gtk-sys v0.18.2 (*)
      │   │   │   │   └── pango v0.18.3 (*)
      │   │   │   ├── soup3-sys v0.5.0 (*)
      │   │   │   ├── webkit2gtk v2.0.2 (*)
      │   │   │   └── webkit2gtk-sys v2.0.2 (*)
      │   │   ├── gtk-sys v0.18.2 (*)
      │   │   ├── javascriptcore-rs-sys v1.1.1 (*)
      │   │   ├── pango-sys v0.18.0 (*)
      │   │   ├── soup3-sys v0.5.0 (*)
      │   │   ├── webkit2gtk v2.0.2 (*)
      │   │   └── webkit2gtk-sys v2.0.2 (*)
      │   ├── (build) gobject-sys v0.18.0 (*)
      │   ├── (build) gtk-sys v0.18.2 (*)
      │   ├── (build) javascriptcore-rs-sys v1.1.1 (*)
      │   ├── (build) pango-sys v0.18.0 (*)
      │   ├── (build) soup3-sys v0.5.0 (*)
      │   └── (build) webkit2gtk-sys v2.0.2 (*)
      ├── (build) tauri v2.11.5 (*)
      ├── tauri-build v2.6.3
      │   ├── (build) kontor-desktop v0.2.1 (*)
      │   └── (build) tauri v2.11.5 (*)
      └── tauri-macros v2.6.3
          └── tauri v2.11.5 (*)

warning[duplicate]: found 2 duplicate entries for crate 'hkdf'
    ┌─ /Users/igor/.paseo/worktrees/0n8yzbno/feat-asma-8156-typed-experience-contract-and/Cargo.lock:223:1
    │
223 │ ╭ hkdf 0.12.4 registry+https://github.com/rust-lang/crates.io-index
224 │ │ hkdf 0.13.0 registry+https://github.com/rust-lang/crates.io-index
    │ ╰─────────────────────────────────────────────────────────────────┘ lock entries
    │
    ├ hkdf v0.12.4
      ├── iota-crypto v0.23.2
      │   ├── iota_stronghold v2.1.0
      │   │   └── tauri-plugin-stronghold v2.3.1
      │   │       └── kontor-desktop v0.2.1
      │   ├── stronghold-runtime v2.0.1
      │   │   └── stronghold_engine v2.0.1
      │   │       └── iota_stronghold v2.1.0 (*)
      │   ├── stronghold_engine v2.0.1 (*)
      │   └── tauri-plugin-stronghold v2.3.1 (*)
      └── iota_stronghold v2.1.0 (*)
    ├ hkdf v0.13.0
      └── secret-service v5.2.0
          └── zbus-secret-service-keyring-store v1.0.1
              └── keyring v4.1.6
                  └── kontor-accounts v0.2.1
                      ├── kontor-daemon v0.2.1
                      │   ├── (dev) kontor-cli v0.2.1
                      │   ├── (dev) kontor-tests-contract v0.2.1
                      │   │   ├── (dev) kontor-runtime-ao v0.2.1
                      │   │   ├── (dev) kontor-runtime-codex v0.2.1
                      │   │   ├── (dev) kontor-runtime-paseo v0.2.1
                      │   │   │   └── kontor-daemon v0.2.1 (*)
                      │   │   └── (dev) kontor-tests-e2e v0.2.1
                      │   └── (dev) kontor-tests-e2e v0.2.1 (*)
                      ├── kontor-jira v0.2.1
                      │   ├── kontor-daemon v0.2.1 (*)
                      │   └── (dev) kontor-tests-e2e v0.2.1 (*)
                      ├── kontor-runtime-codex v0.2.1 (*)
                      └── (dev) kontor-tests-e2e v0.2.1 (*)

warning[duplicate]: found 2 duplicate entries for crate 'hmac'
    ┌─ /Users/igor/.paseo/worktrees/0n8yzbno/feat-asma-8156-typed-experience-contract-and/Cargo.lock:225:1
    │
225 │ ╭ hmac 0.12.1 registry+https://github.com/rust-lang/crates.io-index
226 │ │ hmac 0.13.0 registry+https://github.com/rust-lang/crates.io-index
    │ ╰─────────────────────────────────────────────────────────────────┘ lock entries
    │
    ├ hmac v0.12.1
      ├── hkdf v0.12.4
      │   ├── iota-crypto v0.23.2
      │   │   ├── iota_stronghold v2.1.0
      │   │   │   └── tauri-plugin-stronghold v2.3.1
      │   │   │       └── kontor-desktop v0.2.1
      │   │   ├── stronghold-runtime v2.0.1
      │   │   │   └── stronghold_engine v2.0.1
      │   │   │       └── iota_stronghold v2.1.0 (*)
      │   │   ├── stronghold_engine v2.0.1 (*)
      │   │   └── tauri-plugin-stronghold v2.3.1 (*)
      │   └── iota_stronghold v2.1.0 (*)
      ├── iota-crypto v0.23.2 (*)
      ├── pbkdf2 v0.12.2
      │   ├── iota-crypto v0.23.2 (*)
      │   └── scrypt v0.11.0
      │       └── iota-crypto v0.23.2 (*)
      └── rfc6979 v0.4.0
          └── ecdsa v0.16.9
              └── k256 v0.13.4
                  └── iota-crypto v0.23.2 (*)
    ├ hmac v0.13.0
      └── hkdf v0.13.0
          └── secret-service v5.2.0
              └── zbus-secret-service-keyring-store v1.0.1
                  └── keyring v4.1.6
                      └── kontor-accounts v0.2.1
                          ├── kontor-daemon v0.2.1
                          │   ├── (dev) kontor-cli v0.2.1
                          │   ├── (dev) kontor-tests-contract v0.2.1
                          │   │   ├── (dev) kontor-runtime-ao v0.2.1
                          │   │   ├── (dev) kontor-runtime-codex v0.2.1
                          │   │   ├── (dev) kontor-runtime-paseo v0.2.1
                          │   │   │   └── kontor-daemon v0.2.1 (*)
                          │   │   └── (dev) kontor-tests-e2e v0.2.1
                          │   └── (dev) kontor-tests-e2e v0.2.1 (*)
                          ├── kontor-jira v0.2.1
                          │   ├── kontor-daemon v0.2.1 (*)
                          │   └── (dev) kontor-tests-e2e v0.2.1 (*)
                          ├── kontor-runtime-codex v0.2.1 (*)
                          └── (dev) kontor-tests-e2e v0.2.1 (*)

warning[duplicate]: found 2 duplicate entries for crate 'indexmap'
    ┌─ /Users/igor/.paseo/worktrees/0n8yzbno/feat-asma-8156-typed-experience-contract-and/Cargo.lock:250:1
    │
250 │ ╭ indexmap 1.9.3 registry+https://github.com/rust-lang/crates.io-index
251 │ │ indexmap 2.14.2 registry+https://github.com/rust-lang/crates.io-index
    │ ╰─────────────────────────────────────────────────────────────────────┘ lock entries
    │
    ├ indexmap v1.9.3
      └── schemars v0.8.22
          ├── tauri-build v2.6.3
          │   ├── (build) kontor-desktop v0.2.1
          │   └── (build) tauri v2.11.5
          │       ├── kontor-desktop v0.2.1 (*)
          │       └── tauri-plugin-stronghold v2.3.1
          │           └── kontor-desktop v0.2.1 (*)
          ├── tauri-plugin v2.6.3
          │   └── (build) tauri-plugin-stronghold v2.3.1 (*)
          └── tauri-utils v2.9.3
              ├── tauri v2.11.5 (*)
              ├── tauri-build v2.6.3 (*)
              ├── tauri-codegen v2.6.3
              │   └── tauri-macros v2.6.3
              │       └── tauri v2.11.5 (*)
              ├── tauri-macros v2.6.3 (*)
              ├── tauri-plugin v2.6.3 (*)
              ├── tauri-runtime v2.11.3
              │   ├── tauri v2.11.5 (*)
              │   └── tauri-runtime-wry v2.11.4
              │       └── tauri v2.11.5 (*)
              └── tauri-runtime-wry v2.11.4 (*)
    ├ indexmap v2.14.2
      ├── h2 v0.4.19
      │   └── hyper v1.11.1
      │       ├── axum v0.8.9
      │       │   ├── kontor-api v0.2.1
      │       │   │   ├── (dev) kontor-cli v0.2.1
      │       │   │   ├── kontor-daemon v0.2.1
      │       │   │   │   ├── (dev) kontor-cli v0.2.1 (*)
      │       │   │   │   ├── (dev) kontor-tests-contract v0.2.1
      │       │   │   │   │   ├── (dev) kontor-runtime-ao v0.2.1
      │       │   │   │   │   ├── (dev) kontor-runtime-codex v0.2.1
      │       │   │   │   │   ├── (dev) kontor-runtime-paseo v0.2.1
      │       │   │   │   │   │   └── kontor-daemon v0.2.1 (*)
      │       │   │   │   │   └── (dev) kontor-tests-e2e v0.2.1
      │       │   │   │   └── (dev) kontor-tests-e2e v0.2.1 (*)
      │       │   │   ├── (dev) kontor-tests-contract v0.2.1 (*)
      │       │   │   └── (dev) kontor-tests-e2e v0.2.1 (*)
      │       │   ├── (dev) kontor-cli v0.2.1 (*)
      │       │   ├── kontor-daemon v0.2.1 (*)
      │       │   └── (dev) kontor-tests-e2e v0.2.1 (*)
      │       ├── hyper-rustls v0.27.9
      │       │   └── reqwest v0.13.4
      │       │       ├── kontor-calendar v0.2.1
      │       │       │   └── kontor-store v0.2.1
      │       │       │       ├── (dev) kontor-accounts v0.2.1
      │       │       │       │   ├── kontor-daemon v0.2.1 (*)
      │       │       │       │   ├── kontor-jira v0.2.1
      │       │       │       │   │   ├── kontor-daemon v0.2.1 (*)
      │       │       │       │   │   └── (dev) kontor-tests-e2e v0.2.1 (*)
      │       │       │       │   ├── kontor-runtime-codex v0.2.1 (*)
      │       │       │       │   └── (dev) kontor-tests-e2e v0.2.1 (*)
      │       │       │       ├── kontor-api v0.2.1 (*)
      │       │       │       ├── (dev) kontor-cli v0.2.1 (*)
      │       │       │       ├── (dev) kontor-daemon v0.2.1 (*)
      │       │       │       ├── (dev) kontor-tests-contract v0.2.1 (*)
      │       │       │       └── (dev) kontor-tests-e2e v0.2.1 (*)
      │       │       ├── (dev) kontor-cli v0.2.1 (*)
      │       │       ├── kontor-daemon v0.2.1 (*)
      │       │       ├── kontor-jira v0.2.1 (*)
      │       │       ├── kontor-mcp v0.2.1
      │       │       │   ├── kontor-cli v0.2.1 (*)
      │       │       │   ├── (dev) kontor-daemon v0.2.1 (*)
      │       │       │   ├── (dev) kontor-tests-contract v0.2.1 (*)
      │       │       │   └── (dev) kontor-tests-e2e v0.2.1 (*)
      │       │       ├── kontor-runtime-ao v0.2.1 (*)
      │       │       ├── kontor-runtime-codex v0.2.1 (*)
      │       │       └── kontor-runtime-paseo v0.2.1 (*)
      │       ├── hyper-util v0.1.20
      │       │   ├── axum v0.8.9 (*)
      │       │   ├── hyper-rustls v0.27.9 (*)
      │       │   ├── reqwest v0.13.4 (*)
      │       │   └── wiremock v0.6.5
      │       │       ├── (dev) kontor-daemon v0.2.1 (*)
      │       │       ├── (dev) kontor-jira v0.2.1 (*)
      │       │       ├── (dev) kontor-runtime-codex v0.2.1 (*)
      │       │       └── (dev) kontor-tests-contract v0.2.1 (*)
      │       ├── reqwest v0.13.4 (*)
      │       └── wiremock v0.6.5 (*)
      ├── plist v1.10.1
      │   ├── tauri v2.11.5
      │   │   ├── kontor-desktop v0.2.1
      │   │   └── tauri-plugin-stronghold v2.3.1
      │   │       └── kontor-desktop v0.2.1 (*)
      │   ├── tauri-codegen v2.6.3
      │   │   └── tauri-macros v2.6.3
      │   │       └── tauri v2.11.5 (*)
      │   ├── tauri-plugin v2.6.3
      │   │   └── (build) tauri-plugin-stronghold v2.3.1 (*)
      │   └── tauri-utils v2.9.3
      │       ├── tauri v2.11.5 (*)
      │       ├── tauri-build v2.6.3
      │       │   ├── (build) kontor-desktop v0.2.1 (*)
      │       │   └── (build) tauri v2.11.5 (*)
      │       ├── tauri-codegen v2.6.3 (*)
      │       ├── tauri-macros v2.6.3 (*)
      │       ├── tauri-plugin v2.6.3 (*)
      │       ├── tauri-runtime v2.11.3
      │       │   ├── tauri v2.11.5 (*)
      │       │   └── tauri-runtime-wry v2.11.4
      │       │       └── tauri v2.11.5 (*)
      │       └── tauri-runtime-wry v2.11.4 (*)
      ├── serde_yaml_ng v0.10.0
      │   ├── kontor-accounts v0.2.1 (*)
      │   └── kontor-daemon v0.2.1 (*)
      ├── toml_edit v0.19.15
      │   └── proc-macro-crate v1.3.1
      │       └── gtk3-macros v0.18.2
      │           └── gtk v0.18.2
      │               ├── muda v0.19.3
      │               │   └── tauri v2.11.5 (*)
      │               ├── tao v0.35.3
      │               │   └── tauri-runtime-wry v2.11.4 (*)
      │               ├── tauri v2.11.5 (*)
      │               ├── tauri-runtime v2.11.3 (*)
      │               ├── tauri-runtime-wry v2.11.4 (*)
      │               ├── webkit2gtk v2.0.2
      │               │   ├── tauri v2.11.5 (*)
      │               │   ├── tauri-runtime v2.11.3 (*)
      │               │   ├── tauri-runtime-wry v2.11.4 (*)
      │               │   └── wry v0.55.1
      │               │       └── tauri-runtime-wry v2.11.4 (*)
      │               └── wry v0.55.1 (*)
      ├── toml_edit v0.20.2
      │   ├── proc-macro-crate v2.0.2
      │   │   └── glib-macros v0.18.5
      │   │       └── glib v0.18.5
      │   │           ├── atk v0.18.2
      │   │           │   └── gtk v0.18.2 (*)
      │   │           ├── cairo-rs v0.18.5
      │   │           │   ├── gdk v0.18.2
      │   │           │   │   ├── gdkx11 v0.18.2
      │   │           │   │   │   └── wry v0.55.1 (*)
      │   │           │   │   ├── gtk v0.18.2 (*)
      │   │           │   │   └── webkit2gtk v2.0.2 (*)
      │   │           │   ├── gtk v0.18.2 (*)
      │   │           │   └── webkit2gtk v2.0.2 (*)
      │   │           ├── gdk v0.18.2 (*)
      │   │           ├── gdk-pixbuf v0.18.5
      │   │           │   ├── gdk v0.18.2 (*)
      │   │           │   └── gtk v0.18.2 (*)
      │   │           ├── gdkx11 v0.18.2 (*)
      │   │           ├── gio v0.18.4
      │   │           │   ├── gdk v0.18.2 (*)
      │   │           │   ├── gdk-pixbuf v0.18.5 (*)
      │   │           │   ├── gdkx11 v0.18.2 (*)
      │   │           │   ├── gtk v0.18.2 (*)
      │   │           │   ├── pango v0.18.3
      │   │           │   │   ├── gdk v0.18.2 (*)
      │   │           │   │   └── gtk v0.18.2 (*)
      │   │           │   ├── soup3 v0.5.0
      │   │           │   │   ├── webkit2gtk v2.0.2 (*)
      │   │           │   │   └── wry v0.55.1 (*)
      │   │           │   └── webkit2gtk v2.0.2 (*)
      │   │           ├── gtk v0.18.2 (*)
      │   │           ├── javascriptcore-rs v1.1.2
      │   │           │   ├── webkit2gtk v2.0.2 (*)
      │   │           │   └── wry v0.55.1 (*)
      │   │           ├── pango v0.18.3 (*)
      │   │           ├── soup3 v0.5.0 (*)
      │   │           └── webkit2gtk v2.0.2 (*)
      │   └── toml v0.8.2
      │       └── system-deps v6.2.2
      │           ├── (build) atk-sys v0.18.2
      │           │   ├── atk v0.18.2 (*)
      │           │   └── gtk-sys v0.18.2
      │           │       ├── gtk v0.18.2 (*)
      │           │       ├── webkit2gtk v2.0.2 (*)
      │           │       └── webkit2gtk-sys v2.0.2
      │           │           ├── webkit2gtk v2.0.2 (*)
      │           │           └── wry v0.55.1 (*)
      │           ├── (build) cairo-sys-rs v0.18.2
      │           │   ├── cairo-rs v0.18.5 (*)
      │           │   ├── gdk-sys v0.18.2
      │           │   │   ├── gdk v0.18.2 (*)
      │           │   │   ├── gdkwayland-sys v0.18.2
      │           │   │   │   └── tao v0.35.3 (*)
      │           │   │   ├── gdkx11-sys v0.18.2
      │           │   │   │   ├── gdkx11 v0.18.2 (*)
      │           │   │   │   └── tao v0.35.3 (*)
      │           │   │   ├── gtk-sys v0.18.2 (*)
      │           │   │   ├── webkit2gtk v2.0.2 (*)
      │           │   │   └── webkit2gtk-sys v2.0.2 (*)
      │           │   ├── gtk-sys v0.18.2 (*)
      │           │   └── webkit2gtk-sys v2.0.2 (*)
      │           ├── (build) gdk-pixbuf-sys v0.18.0
      │           │   ├── gdk-pixbuf v0.18.5 (*)
      │           │   ├── gdk-sys v0.18.2 (*)
      │           │   └── gtk-sys v0.18.2 (*)
      │           ├── (build) gdk-sys v0.18.2 (*)
      │           ├── (build) gdkwayland-sys v0.18.2 (*)
      │           ├── (build) gdkx11-sys v0.18.2 (*)
      │           ├── (build) gio-sys v0.18.1
      │           │   ├── gdk-pixbuf-sys v0.18.0 (*)
      │           │   ├── gdk-sys v0.18.2 (*)
      │           │   ├── gio v0.18.4 (*)
      │           │   ├── glib v0.18.5 (*)
      │           │   ├── gtk-sys v0.18.2 (*)
      │           │   ├── soup3-sys v0.5.0
      │           │   │   ├── soup3 v0.5.0 (*)
      │           │   │   └── webkit2gtk-sys v2.0.2 (*)
      │           │   ├── webkit2gtk v2.0.2 (*)
      │           │   └── webkit2gtk-sys v2.0.2 (*)
      │           ├── (build) glib-sys v0.18.1
      │           │   ├── atk-sys v0.18.2 (*)
      │           │   ├── cairo-sys-rs v0.18.2 (*)
      │           │   ├── gdk-pixbuf-sys v0.18.0 (*)
      │           │   ├── gdk-sys v0.18.2 (*)
      │           │   ├── gdkwayland-sys v0.18.2 (*)
      │           │   ├── gdkx11-sys v0.18.2 (*)
      │           │   ├── gio-sys v0.18.1 (*)
      │           │   ├── glib v0.18.5 (*)
      │           │   ├── gobject-sys v0.18.0
      │           │   │   ├── atk-sys v0.18.2 (*)
      │           │   │   ├── gdk-pixbuf-sys v0.18.0 (*)
      │           │   │   ├── gdk-sys v0.18.2 (*)
      │           │   │   ├── gdkwayland-sys v0.18.2 (*)
      │           │   │   ├── gio-sys v0.18.1 (*)
      │           │   │   ├── glib v0.18.5 (*)
      │           │   │   ├── gtk-sys v0.18.2 (*)
      │           │   │   ├── javascriptcore-rs-sys v1.1.1
      │           │   │   │   ├── javascriptcore-rs v1.1.2 (*)
      │           │   │   │   └── webkit2gtk-sys v2.0.2 (*)
      │           │   │   ├── pango-sys v0.18.0
      │           │   │   │   ├── gdk-sys v0.18.2 (*)
      │           │   │   │   ├── gtk-sys v0.18.2 (*)
      │           │   │   │   └── pango v0.18.3 (*)
      │           │   │   ├── soup3-sys v0.5.0 (*)
      │           │   │   ├── webkit2gtk v2.0.2 (*)
      │           │   │   └── webkit2gtk-sys v2.0.2 (*)
      │           │   ├── gtk-sys v0.18.2 (*)
      │           │   ├── javascriptcore-rs-sys v1.1.1 (*)
      │           │   ├── pango-sys v0.18.0 (*)
      │           │   ├── soup3-sys v0.5.0 (*)
      │           │   ├── webkit2gtk v2.0.2 (*)
      │           │   └── webkit2gtk-sys v2.0.2 (*)
      │           ├── (build) gobject-sys v0.18.0 (*)
      │           ├── (build) gtk-sys v0.18.2 (*)
      │           ├── (build) javascriptcore-rs-sys v1.1.1 (*)
      │           ├── (build) pango-sys v0.18.0 (*)
      │           ├── (build) soup3-sys v0.5.0 (*)
      │           └── (build) webkit2gtk-sys v2.0.2 (*)
      ├── toml_edit v0.25.13+spec-1.1.0
      │   ├── kontor-daemon v0.2.1 (*)
      │   └── proc-macro-crate v3.5.0
      │       ├── zbus_macros v5.19.0
      │       │   └── zbus v5.19.0
      │       │       ├── secret-service v5.2.0
      │       │       │   └── zbus-secret-service-keyring-store v1.0.1
      │       │       │       └── keyring v4.1.6
      │       │       │           └── kontor-accounts v0.2.1 (*)
      │       │       └── zbus-secret-service-keyring-store v1.0.1 (*)
      │       └── zvariant_derive v5.15.0
      │           └── zvariant v5.15.0
      │               ├── zbus v5.19.0 (*)
      │               ├── zbus_macros v5.19.0 (*)
      │               └── zbus_names v4.3.4
      │                   ├── zbus v5.19.0 (*)
      │                   └── zbus_macros v5.19.0 (*)
      ├── utoipa v5.5.0
      │   ├── kontor-api v0.2.1 (*)
      │   └── utoipa-swagger-ui v9.0.2
      │       └── kontor-api v0.2.1 (*)
      ├── zip v3.0.0
      │   └── (build) utoipa-swagger-ui v9.0.2 (*)
      └── zip v8.6.0
          └── (build) libsodium-sys-stable v1.24.0
              └── stronghold-runtime v2.0.1
                  └── stronghold_engine v2.0.1
                      └── iota_stronghold v2.1.0
                          └── tauri-plugin-stronghold v2.3.1 (*)

warning[duplicate]: found 2 duplicate entries for crate 'inout'
    ┌─ /Users/igor/.paseo/worktrees/0n8yzbno/feat-asma-8156-typed-experience-contract-and/Cargo.lock:253:1
    │
253 │ ╭ inout 0.1.4 registry+https://github.com/rust-lang/crates.io-index
254 │ │ inout 0.2.2 registry+https://github.com/rust-lang/crates.io-index
    │ ╰─────────────────────────────────────────────────────────────────┘ lock entries
    │
    ├ inout v0.1.4
      └── cipher v0.4.4
          ├── aes v0.8.4
          │   ├── aes-gcm v0.10.3
          │   │   └── iota-crypto v0.23.2
          │   │       ├── iota_stronghold v2.1.0
          │   │       │   └── tauri-plugin-stronghold v2.3.1
          │   │       │       └── kontor-desktop v0.2.1
          │   │       ├── stronghold-runtime v2.0.1
          │   │       │   └── stronghold_engine v2.0.1
          │   │       │       └── iota_stronghold v2.1.0 (*)
          │   │       ├── stronghold_engine v2.0.1 (*)
          │   │       └── tauri-plugin-stronghold v2.3.1 (*)
          │   └── iota-crypto v0.23.2 (*)
          ├── aes-gcm v0.10.3 (*)
          ├── chacha20 v0.9.1
          │   └── chacha20poly1305 v0.10.1
          │       └── iota-crypto v0.23.2 (*)
          ├── chacha20poly1305 v0.10.1 (*)
          ├── ctr v0.9.2
          │   └── aes-gcm v0.10.3 (*)
          ├── iota-crypto v0.23.2 (*)
          └── salsa20 v0.10.2
              └── scrypt v0.11.0
                  └── iota-crypto v0.23.2 (*)
    ├ inout v0.2.2
      └── cipher v0.5.2
          ├── aes v0.9.3
          │   └── secret-service v5.2.0
          │       └── zbus-secret-service-keyring-store v1.0.1
          │           └── keyring v4.1.6
          │               └── kontor-accounts v0.2.1
          │                   ├── kontor-daemon v0.2.1
          │                   │   ├── (dev) kontor-cli v0.2.1
          │                   │   ├── (dev) kontor-tests-contract v0.2.1
          │                   │   │   ├── (dev) kontor-runtime-ao v0.2.1
          │                   │   │   ├── (dev) kontor-runtime-codex v0.2.1
          │                   │   │   ├── (dev) kontor-runtime-paseo v0.2.1
          │                   │   │   │   └── kontor-daemon v0.2.1 (*)
          │                   │   │   └── (dev) kontor-tests-e2e v0.2.1
          │                   │   └── (dev) kontor-tests-e2e v0.2.1 (*)
          │                   ├── kontor-jira v0.2.1
          │                   │   ├── kontor-daemon v0.2.1 (*)
          │                   │   └── (dev) kontor-tests-e2e v0.2.1 (*)
          │                   ├── kontor-runtime-codex v0.2.1 (*)
          │                   └── (dev) kontor-tests-e2e v0.2.1 (*)
          └── cbc v0.2.1
              └── secret-service v5.2.0 (*)

warning[duplicate]: found 2 duplicate entries for crate 'memoffset'
    ┌─ /Users/igor/.paseo/worktrees/0n8yzbno/feat-asma-8156-typed-experience-contract-and/Cargo.lock:313:1
    │
313 │ ╭ memoffset 0.6.5 registry+https://github.com/rust-lang/crates.io-index
314 │ │ memoffset 0.9.1 registry+https://github.com/rust-lang/crates.io-index
    │ ╰─────────────────────────────────────────────────────────────────────┘ lock entries
    │
    ├ memoffset v0.6.5
      └── nix v0.24.3
          └── stronghold-runtime v2.0.1
              └── stronghold_engine v2.0.1
                  └── iota_stronghold v2.1.0
                      └── tauri-plugin-stronghold v2.3.1
                          └── kontor-desktop v0.2.1
    ├ memoffset v0.9.1
      ├── field-offset v0.3.6
      │   └── gtk v0.18.2
      │       ├── muda v0.19.3
      │       │   └── tauri v2.11.5
      │       │       ├── kontor-desktop v0.2.1
      │       │       └── tauri-plugin-stronghold v2.3.1
      │       │           └── kontor-desktop v0.2.1 (*)
      │       ├── tao v0.35.3
      │       │   └── tauri-runtime-wry v2.11.4
      │       │       └── tauri v2.11.5 (*)
      │       ├── tauri v2.11.5 (*)
      │       ├── tauri-runtime v2.11.3
      │       │   ├── tauri v2.11.5 (*)
      │       │   └── tauri-runtime-wry v2.11.4 (*)
      │       ├── tauri-runtime-wry v2.11.4 (*)
      │       ├── webkit2gtk v2.0.2
      │       │   ├── tauri v2.11.5 (*)
      │       │   ├── tauri-runtime v2.11.3 (*)
      │       │   ├── tauri-runtime-wry v2.11.4 (*)
      │       │   └── wry v0.55.1
      │       │       └── tauri-runtime-wry v2.11.4 (*)
      │       └── wry v0.55.1 (*)
      └── uds_windows v1.2.1
          └── zbus v5.19.0
              ├── secret-service v5.2.0
              │   └── zbus-secret-service-keyring-store v1.0.1
              │       └── keyring v4.1.6
              │           └── kontor-accounts v0.2.1
              │               ├── kontor-daemon v0.2.1
              │               │   ├── (dev) kontor-cli v0.2.1
              │               │   ├── (dev) kontor-tests-contract v0.2.1
              │               │   │   ├── (dev) kontor-runtime-ao v0.2.1
              │               │   │   ├── (dev) kontor-runtime-codex v0.2.1
              │               │   │   ├── (dev) kontor-runtime-paseo v0.2.1
              │               │   │   │   └── kontor-daemon v0.2.1 (*)
              │               │   │   └── (dev) kontor-tests-e2e v0.2.1
              │               │   └── (dev) kontor-tests-e2e v0.2.1 (*)
              │               ├── kontor-jira v0.2.1
              │               │   ├── kontor-daemon v0.2.1 (*)
              │               │   └── (dev) kontor-tests-e2e v0.2.1 (*)
              │               ├── kontor-runtime-codex v0.2.1 (*)
              │               └── (dev) kontor-tests-e2e v0.2.1 (*)
              └── zbus-secret-service-keyring-store v1.0.1 (*)

warning[duplicate]: found 2 duplicate entries for crate 'miniz_oxide'
    ┌─ /Users/igor/.paseo/worktrees/0n8yzbno/feat-asma-8156-typed-experience-contract-and/Cargo.lock:318:1
    │
318 │ ╭ miniz_oxide 0.8.9 registry+https://github.com/rust-lang/crates.io-index
319 │ │ miniz_oxide 0.9.1 registry+https://github.com/rust-lang/crates.io-index
    │ ╰───────────────────────────────────────────────────────────────────────┘ lock entries
    │
    ├ miniz_oxide v0.8.9
      ├── png v0.17.16
      │   ├── ico v0.5.0
      │   │   └── tauri-codegen v2.6.3
      │   │       └── tauri-macros v2.6.3
      │   │           └── tauri v2.11.5
      │   │               ├── kontor-desktop v0.2.1
      │   │               └── tauri-plugin-stronghold v2.3.1
      │   │                   └── kontor-desktop v0.2.1 (*)
      │   └── tauri-codegen v2.6.3 (*)
      └── png v0.18.1
          └── muda v0.19.3
              └── tauri v2.11.5 (*)
    ├ miniz_oxide v0.9.1
      └── flate2 v1.1.10
          ├── png v0.17.16
          │   ├── ico v0.5.0
          │   │   └── tauri-codegen v2.6.3
          │   │       └── tauri-macros v2.6.3
          │   │           └── tauri v2.11.5
          │   │               ├── kontor-desktop v0.2.1
          │   │               └── tauri-plugin-stronghold v2.3.1
          │   │                   └── kontor-desktop v0.2.1 (*)
          │   └── tauri-codegen v2.6.3 (*)
          ├── png v0.18.1
          │   └── muda v0.19.3
          │       └── tauri v2.11.5 (*)
          ├── zip v3.0.0
          │   └── (build) utoipa-swagger-ui v9.0.2
          │       └── kontor-api v0.2.1
          │           ├── (dev) kontor-cli v0.2.1
          │           ├── kontor-daemon v0.2.1
          │           │   ├── (dev) kontor-cli v0.2.1 (*)
          │           │   ├── (dev) kontor-tests-contract v0.2.1
          │           │   │   ├── (dev) kontor-runtime-ao v0.2.1
          │           │   │   ├── (dev) kontor-runtime-codex v0.2.1
          │           │   │   ├── (dev) kontor-runtime-paseo v0.2.1
          │           │   │   │   └── kontor-daemon v0.2.1 (*)
          │           │   │   └── (dev) kontor-tests-e2e v0.2.1
          │           │   └── (dev) kontor-tests-e2e v0.2.1 (*)
          │           ├── (dev) kontor-tests-contract v0.2.1 (*)
          │           └── (dev) kontor-tests-e2e v0.2.1 (*)
          └── zip v8.6.0
              └── (build) libsodium-sys-stable v1.24.0
                  └── stronghold-runtime v2.0.1
                      └── stronghold_engine v2.0.1
                          └── iota_stronghold v2.1.0
                              └── tauri-plugin-stronghold v2.3.1 (*)

warning[duplicate]: found 2 duplicate entries for crate 'png'
    ┌─ /Users/igor/.paseo/worktrees/0n8yzbno/feat-asma-8156-typed-experience-contract-and/Cargo.lock:371:1
    │
371 │ ╭ png 0.17.16 registry+https://github.com/rust-lang/crates.io-index
372 │ │ png 0.18.1 registry+https://github.com/rust-lang/crates.io-index
    │ ╰────────────────────────────────────────────────────────────────┘ lock entries
    │
    ├ png v0.17.16
      ├── ico v0.5.0
      │   └── tauri-codegen v2.6.3
      │       └── tauri-macros v2.6.3
      │           └── tauri v2.11.5
      │               ├── kontor-desktop v0.2.1
      │               └── tauri-plugin-stronghold v2.3.1
      │                   └── kontor-desktop v0.2.1 (*)
      └── tauri-codegen v2.6.3 (*)
    ├ png v0.18.1
      └── muda v0.19.3
          └── tauri v2.11.5
              ├── kontor-desktop v0.2.1
              └── tauri-plugin-stronghold v2.3.1
                  └── kontor-desktop v0.2.1 (*)

warning[duplicate]: found 3 duplicate entries for crate 'proc-macro-crate'
    ┌─ /Users/igor/.paseo/worktrees/0n8yzbno/feat-asma-8156-typed-experience-contract-and/Cargo.lock:383:1
    │
383 │ ╭ proc-macro-crate 1.3.1 registry+https://github.com/rust-lang/crates.io-index
384 │ │ proc-macro-crate 2.0.2 registry+https://github.com/rust-lang/crates.io-index
385 │ │ proc-macro-crate 3.5.0 registry+https://github.com/rust-lang/crates.io-index
    │ ╰────────────────────────────────────────────────────────────────────────────┘ lock entries
    │
    ├ proc-macro-crate v1.3.1
      └── gtk3-macros v0.18.2
          └── gtk v0.18.2
              ├── muda v0.19.3
              │   └── tauri v2.11.5
              │       ├── kontor-desktop v0.2.1
              │       └── tauri-plugin-stronghold v2.3.1
              │           └── kontor-desktop v0.2.1 (*)
              ├── tao v0.35.3
              │   └── tauri-runtime-wry v2.11.4
              │       └── tauri v2.11.5 (*)
              ├── tauri v2.11.5 (*)
              ├── tauri-runtime v2.11.3
              │   ├── tauri v2.11.5 (*)
              │   └── tauri-runtime-wry v2.11.4 (*)
              ├── tauri-runtime-wry v2.11.4 (*)
              ├── webkit2gtk v2.0.2
              │   ├── tauri v2.11.5 (*)
              │   ├── tauri-runtime v2.11.3 (*)
              │   ├── tauri-runtime-wry v2.11.4 (*)
              │   └── wry v0.55.1
              │       └── tauri-runtime-wry v2.11.4 (*)
              └── wry v0.55.1 (*)
    ├ proc-macro-crate v2.0.2
      └── glib-macros v0.18.5
          └── glib v0.18.5
              ├── atk v0.18.2
              │   └── gtk v0.18.2
              │       ├── muda v0.19.3
              │       │   └── tauri v2.11.5
              │       │       ├── kontor-desktop v0.2.1
              │       │       └── tauri-plugin-stronghold v2.3.1
              │       │           └── kontor-desktop v0.2.1 (*)
              │       ├── tao v0.35.3
              │       │   └── tauri-runtime-wry v2.11.4
              │       │       └── tauri v2.11.5 (*)
              │       ├── tauri v2.11.5 (*)
              │       ├── tauri-runtime v2.11.3
              │       │   ├── tauri v2.11.5 (*)
              │       │   └── tauri-runtime-wry v2.11.4 (*)
              │       ├── tauri-runtime-wry v2.11.4 (*)
              │       ├── webkit2gtk v2.0.2
              │       │   ├── tauri v2.11.5 (*)
              │       │   ├── tauri-runtime v2.11.3 (*)
              │       │   ├── tauri-runtime-wry v2.11.4 (*)
              │       │   └── wry v0.55.1
              │       │       └── tauri-runtime-wry v2.11.4 (*)
              │       └── wry v0.55.1 (*)
              ├── cairo-rs v0.18.5
              │   ├── gdk v0.18.2
              │   │   ├── gdkx11 v0.18.2
              │   │   │   └── wry v0.55.1 (*)
              │   │   ├── gtk v0.18.2 (*)
              │   │   └── webkit2gtk v2.0.2 (*)
              │   ├── gtk v0.18.2 (*)
              │   └── webkit2gtk v2.0.2 (*)
              ├── gdk v0.18.2 (*)
              ├── gdk-pixbuf v0.18.5
              │   ├── gdk v0.18.2 (*)
              │   └── gtk v0.18.2 (*)
              ├── gdkx11 v0.18.2 (*)
              ├── gio v0.18.4
              │   ├── gdk v0.18.2 (*)
              │   ├── gdk-pixbuf v0.18.5 (*)
              │   ├── gdkx11 v0.18.2 (*)
              │   ├── gtk v0.18.2 (*)
              │   ├── pango v0.18.3
              │   │   ├── gdk v0.18.2 (*)
              │   │   └── gtk v0.18.2 (*)
              │   ├── soup3 v0.5.0
              │   │   ├── webkit2gtk v2.0.2 (*)
              │   │   └── wry v0.55.1 (*)
              │   └── webkit2gtk v2.0.2 (*)
              ├── gtk v0.18.2 (*)
              ├── javascriptcore-rs v1.1.2
              │   ├── webkit2gtk v2.0.2 (*)
              │   └── wry v0.55.1 (*)
              ├── pango v0.18.3 (*)
              ├── soup3 v0.5.0 (*)
              └── webkit2gtk v2.0.2 (*)
    ├ proc-macro-crate v3.5.0
      ├── zbus_macros v5.19.0
      │   └── zbus v5.19.0
      │       ├── secret-service v5.2.0
      │       │   └── zbus-secret-service-keyring-store v1.0.1
      │       │       └── keyring v4.1.6
      │       │           └── kontor-accounts v0.2.1
      │       │               ├── kontor-daemon v0.2.1
      │       │               │   ├── (dev) kontor-cli v0.2.1
      │       │               │   ├── (dev) kontor-tests-contract v0.2.1
      │       │               │   │   ├── (dev) kontor-runtime-ao v0.2.1
      │       │               │   │   ├── (dev) kontor-runtime-codex v0.2.1
      │       │               │   │   ├── (dev) kontor-runtime-paseo v0.2.1
      │       │               │   │   │   └── kontor-daemon v0.2.1 (*)
      │       │               │   │   └── (dev) kontor-tests-e2e v0.2.1
      │       │               │   └── (dev) kontor-tests-e2e v0.2.1 (*)
      │       │               ├── kontor-jira v0.2.1
      │       │               │   ├── kontor-daemon v0.2.1 (*)
      │       │               │   └── (dev) kontor-tests-e2e v0.2.1 (*)
      │       │               ├── kontor-runtime-codex v0.2.1 (*)
      │       │               └── (dev) kontor-tests-e2e v0.2.1 (*)
      │       └── zbus-secret-service-keyring-store v1.0.1 (*)
      └── zvariant_derive v5.15.0
          └── zvariant v5.15.0
              ├── zbus v5.19.0 (*)
              ├── zbus_macros v5.19.0 (*)
              └── zbus_names v4.3.4
                  ├── zbus v5.19.0 (*)
                  └── zbus_macros v5.19.0 (*)

warning[duplicate]: found 2 duplicate entries for crate 'rand'
    ┌─ /Users/igor/.paseo/worktrees/0n8yzbno/feat-asma-8156-typed-experience-contract-and/Cargo.lock:393:1
    │
393 │ ╭ rand 0.8.8 registry+https://github.com/rust-lang/crates.io-index
394 │ │ rand 0.9.5 registry+https://github.com/rust-lang/crates.io-index
395 │ │ rand 0.10.2 registry+https://github.com/rust-lang/crates.io-index
    │ ╰─────────────────────────────────────────────────────────────────┘ lock entries
    │
    ├ rand v0.8.8
      ├── iota-crypto v0.23.2
      │   ├── iota_stronghold v2.1.0
      │   │   └── tauri-plugin-stronghold v2.3.1
      │   │       └── kontor-desktop v0.2.1
      │   ├── stronghold-runtime v2.0.1
      │   │   └── stronghold_engine v2.0.1
      │   │       └── iota_stronghold v2.1.0 (*)
      │   ├── stronghold_engine v2.0.1 (*)
      │   └── tauri-plugin-stronghold v2.3.1 (*)
      ├── stronghold-runtime v2.0.1 (*)
      └── stronghold-utils v1.0.0
          └── iota_stronghold v2.1.0 (*)
    ├ rand v0.10.2
      └── tungstenite v0.30.0
          └── tokio-tungstenite v0.30.0
              └── kontor-runtime-paseo v0.2.1
                  └── kontor-daemon v0.2.1
                      ├── (dev) kontor-cli v0.2.1
                      ├── (dev) kontor-tests-contract v0.2.1
                      │   ├── (dev) kontor-runtime-ao v0.2.1
                      │   ├── (dev) kontor-runtime-codex v0.2.1
                      │   ├── (dev) kontor-runtime-paseo v0.2.1 (*)
                      │   └── (dev) kontor-tests-e2e v0.2.1
                      └── (dev) kontor-tests-e2e v0.2.1 (*)

warning[duplicate]: found 2 duplicate entries for crate 'rand_chacha'
    ┌─ /Users/igor/.paseo/worktrees/0n8yzbno/feat-asma-8156-typed-experience-contract-and/Cargo.lock:396:1
    │
396 │ ╭ rand_chacha 0.3.1 registry+https://github.com/rust-lang/crates.io-index
397 │ │ rand_chacha 0.9.0 registry+https://github.com/rust-lang/crates.io-index
    │ ╰───────────────────────────────────────────────────────────────────────┘ lock entries
    │
    ├ rand_chacha v0.3.1
      └── rand v0.8.8
          ├── iota-crypto v0.23.2
          │   ├── iota_stronghold v2.1.0
          │   │   └── tauri-plugin-stronghold v2.3.1
          │   │       └── kontor-desktop v0.2.1
          │   ├── stronghold-runtime v2.0.1
          │   │   └── stronghold_engine v2.0.1
          │   │       └── iota_stronghold v2.1.0 (*)
          │   ├── stronghold_engine v2.0.1 (*)
          │   └── tauri-plugin-stronghold v2.3.1 (*)
          ├── stronghold-runtime v2.0.1 (*)
          └── stronghold-utils v1.0.0
              └── iota_stronghold v2.1.0 (*)
    ├ rand_chacha v0.9.0
      ├── proptest v1.11.0
      │   ├── (dev) kontor-core v0.2.1
      │   │   ├── kontor-accounts v0.2.1
      │   │   │   ├── kontor-daemon v0.2.1
      │   │   │   │   ├── (dev) kontor-cli v0.2.1
      │   │   │   │   ├── (dev) kontor-tests-contract v0.2.1
      │   │   │   │   │   ├── (dev) kontor-runtime-ao v0.2.1
      │   │   │   │   │   ├── (dev) kontor-runtime-codex v0.2.1
      │   │   │   │   │   ├── (dev) kontor-runtime-paseo v0.2.1
      │   │   │   │   │   │   └── kontor-daemon v0.2.1 (*)
      │   │   │   │   │   └── (dev) kontor-tests-e2e v0.2.1
      │   │   │   │   └── (dev) kontor-tests-e2e v0.2.1 (*)
      │   │   │   ├── kontor-jira v0.2.1
      │   │   │   │   ├── kontor-daemon v0.2.1 (*)
      │   │   │   │   └── (dev) kontor-tests-e2e v0.2.1 (*)
      │   │   │   ├── kontor-runtime-codex v0.2.1 (*)
      │   │   │   └── (dev) kontor-tests-e2e v0.2.1 (*)
      │   │   ├── kontor-api v0.2.1
      │   │   │   ├── (dev) kontor-cli v0.2.1 (*)
      │   │   │   ├── kontor-daemon v0.2.1 (*)
      │   │   │   ├── (dev) kontor-tests-contract v0.2.1 (*)
      │   │   │   └── (dev) kontor-tests-e2e v0.2.1 (*)
      │   │   ├── kontor-calendar v0.2.1
      │   │   │   └── kontor-store v0.2.1
      │   │   │       ├── (dev) kontor-accounts v0.2.1 (*)
      │   │   │       ├── kontor-api v0.2.1 (*)
      │   │   │       ├── (dev) kontor-cli v0.2.1 (*)
      │   │   │       ├── (dev) kontor-daemon v0.2.1 (*)
      │   │   │       ├── (dev) kontor-tests-contract v0.2.1 (*)
      │   │   │       └── (dev) kontor-tests-e2e v0.2.1 (*)
      │   │   ├── (dev) kontor-cli v0.2.1 (*)
      │   │   ├── (dev) kontor-context v0.2.1
      │   │   │   ├── kontor-daemon v0.2.1 (*)
      │   │   │   ├── kontor-teams v0.2.1
      │   │   │   │   ├── kontor-daemon v0.2.1 (*)
      │   │   │   │   ├── kontor-profiles v0.2.1
      │   │   │   │   │   ├── kontor-daemon v0.2.1 (*)
      │   │   │   │   │   ├── (dev) kontor-store v0.2.1 (*)
      │   │   │   │   │   ├── (dev) kontor-tests-contract v0.2.1 (*)
      │   │   │   │   │   └── (dev) kontor-tests-e2e v0.2.1 (*)
      │   │   │   │   ├── kontor-store v0.2.1 (*)
      │   │   │   │   ├── (dev) kontor-tests-contract v0.2.1 (*)
      │   │   │   │   └── (dev) kontor-tests-e2e v0.2.1 (*)
      │   │   │   └── (dev) kontor-tests-e2e v0.2.1 (*)
      │   │   ├── kontor-daemon v0.2.1 (*)
      │   │   ├── kontor-intake v0.2.1
      │   │   │   └── (dev) kontor-tests-e2e v0.2.1 (*)
      │   │   ├── kontor-jira v0.2.1 (*)
      │   │   ├── kontor-mcp v0.2.1
      │   │   │   ├── kontor-cli v0.2.1 (*)
      │   │   │   ├── (dev) kontor-daemon v0.2.1 (*)
      │   │   │   ├── (dev) kontor-tests-contract v0.2.1 (*)
      │   │   │   └── (dev) kontor-tests-e2e v0.2.1 (*)
      │   │   ├── kontor-policy v0.2.1
      │   │   │   ├── kontor-daemon v0.2.1 (*)
      │   │   │   ├── kontor-scheduler v0.2.1
      │   │   │   │   ├── kontor-accounts v0.2.1 (*)
      │   │   │   │   ├── kontor-api v0.2.1 (*)
      │   │   │   │   ├── kontor-calendar v0.2.1 (*)
      │   │   │   │   ├── kontor-daemon v0.2.1 (*)
      │   │   │   │   ├── kontor-store v0.2.1 (*)
      │   │   │   │   ├── (dev) kontor-tests-contract v0.2.1 (*)
      │   │   │   │   └── (dev) kontor-tests-e2e v0.2.1 (*)
      │   │   │   ├── (dev) kontor-store v0.2.1 (*)
      │   │   │   ├── (dev) kontor-tests-contract v0.2.1 (*)
      │   │   │   └── (dev) kontor-tests-e2e v0.2.1 (*)
      │   │   ├── kontor-profiles v0.2.1 (*)
      │   │   ├── kontor-runtime v0.2.1
      │   │   │   ├── kontor-accounts v0.2.1 (*)
      │   │   │   ├── kontor-api v0.2.1 (*)
      │   │   │   ├── (dev) kontor-daemon v0.2.1 (*)
      │   │   │   ├── kontor-runtime-ao v0.2.1 (*)
      │   │   │   ├── kontor-runtime-codex v0.2.1 (*)
      │   │   │   ├── kontor-runtime-paseo v0.2.1 (*)
      │   │   │   ├── kontor-scheduler v0.2.1 (*)
      │   │   │   ├── (dev) kontor-store v0.2.1 (*)
      │   │   │   ├── kontor-teams v0.2.1 (*)
      │   │   │   ├── kontor-tests-contract v0.2.1 (*)
      │   │   │   └── (dev) kontor-tests-e2e v0.2.1 (*)
      │   │   ├── kontor-runtime-ao v0.2.1 (*)
      │   │   ├── kontor-runtime-codex v0.2.1 (*)
      │   │   ├── kontor-runtime-paseo v0.2.1 (*)
      │   │   ├── kontor-scheduler v0.2.1 (*)
      │   │   ├── kontor-store v0.2.1 (*)
      │   │   ├── kontor-teams v0.2.1 (*)
      │   │   ├── kontor-tests-contract v0.2.1 (*)
      │   │   └── kontor-tests-e2e v0.2.1 (*)
      │   ├── (dev) kontor-intake v0.2.1 (*)
      │   └── (dev) kontor-tests-contract v0.2.1 (*)
      └── tauri-plugin-stronghold v2.3.1
          └── kontor-desktop v0.2.1

warning[duplicate]: found 3 duplicate entries for crate 'rand_core'
    ┌─ /Users/igor/.paseo/worktrees/0n8yzbno/feat-asma-8156-typed-experience-contract-and/Cargo.lock:398:1
    │
398 │ ╭ rand_core 0.6.4 registry+https://github.com/rust-lang/crates.io-index
399 │ │ rand_core 0.9.5 registry+https://github.com/rust-lang/crates.io-index
400 │ │ rand_core 0.10.1 registry+https://github.com/rust-lang/crates.io-index
    │ ╰──────────────────────────────────────────────────────────────────────┘ lock entries
    │
    ├ rand_core v0.6.4
      ├── crypto-bigint v0.5.5
      │   └── elliptic-curve v0.13.8
      │       ├── ecdsa v0.16.9
      │       │   └── k256 v0.13.4
      │       │       └── iota-crypto v0.23.2
      │       │           ├── iota_stronghold v2.1.0
      │       │           │   └── tauri-plugin-stronghold v2.3.1
      │       │           │       └── kontor-desktop v0.2.1
      │       │           ├── stronghold-runtime v2.0.1
      │       │           │   └── stronghold_engine v2.0.1
      │       │           │       └── iota_stronghold v2.1.0 (*)
      │       │           ├── stronghold_engine v2.0.1 (*)
      │       │           └── tauri-plugin-stronghold v2.3.1 (*)
      │       └── k256 v0.13.4 (*)
      ├── ed25519-zebra v4.2.0
      │   └── iota-crypto v0.23.2 (*)
      ├── elliptic-curve v0.13.8 (*)
      ├── ff v0.13.1
      │   ├── elliptic-curve v0.13.8 (*)
      │   └── group v0.13.0
      │       └── elliptic-curve v0.13.8 (*)
      ├── group v0.13.0 (*)
      ├── rand v0.8.8
      │   ├── iota-crypto v0.23.2 (*)
      │   ├── stronghold-runtime v2.0.1 (*)
      │   └── stronghold-utils v1.0.0
      │       └── iota_stronghold v2.1.0 (*)
      ├── rand_chacha v0.3.1
      │   └── rand v0.8.8 (*)
      ├── signature v2.2.0
      │   ├── ecdsa v0.16.9 (*)
      │   └── ed25519 v2.2.3
      │       └── ed25519-zebra v4.2.0 (*)
      └── x25519-dalek v2.0.1
          └── iota-crypto v0.23.2 (*)
    ├ rand_core v0.9.5
      ├── rand v0.9.5
      │   └── proptest v1.11.0
      │       ├── (dev) kontor-core v0.2.1
      │       │   ├── kontor-accounts v0.2.1
      │       │   │   ├── kontor-daemon v0.2.1
      │       │   │   │   ├── (dev) kontor-cli v0.2.1
      │       │   │   │   ├── (dev) kontor-tests-contract v0.2.1
      │       │   │   │   │   ├── (dev) kontor-runtime-ao v0.2.1
      │       │   │   │   │   ├── (dev) kontor-runtime-codex v0.2.1
      │       │   │   │   │   ├── (dev) kontor-runtime-paseo v0.2.1
      │       │   │   │   │   │   └── kontor-daemon v0.2.1 (*)
      │       │   │   │   │   └── (dev) kontor-tests-e2e v0.2.1
      │       │   │   │   └── (dev) kontor-tests-e2e v0.2.1 (*)
      │       │   │   ├── kontor-jira v0.2.1
      │       │   │   │   ├── kontor-daemon v0.2.1 (*)
      │       │   │   │   └── (dev) kontor-tests-e2e v0.2.1 (*)
      │       │   │   ├── kontor-runtime-codex v0.2.1 (*)
      │       │   │   └── (dev) kontor-tests-e2e v0.2.1 (*)
      │       │   ├── kontor-api v0.2.1
      │       │   │   ├── (dev) kontor-cli v0.2.1 (*)
      │       │   │   ├── kontor-daemon v0.2.1 (*)
      │       │   │   ├── (dev) kontor-tests-contract v0.2.1 (*)
      │       │   │   └── (dev) kontor-tests-e2e v0.2.1 (*)
      │       │   ├── kontor-calendar v0.2.1
      │       │   │   └── kontor-store v0.2.1
      │       │   │       ├── (dev) kontor-accounts v0.2.1 (*)
      │       │   │       ├── kontor-api v0.2.1 (*)
      │       │   │       ├── (dev) kontor-cli v0.2.1 (*)
      │       │   │       ├── (dev) kontor-daemon v0.2.1 (*)
      │       │   │       ├── (dev) kontor-tests-contract v0.2.1 (*)
      │       │   │       └── (dev) kontor-tests-e2e v0.2.1 (*)
      │       │   ├── (dev) kontor-cli v0.2.1 (*)
      │       │   ├── (dev) kontor-context v0.2.1
      │       │   │   ├── kontor-daemon v0.2.1 (*)
      │       │   │   ├── kontor-teams v0.2.1
      │       │   │   │   ├── kontor-daemon v0.2.1 (*)
      │       │   │   │   ├── kontor-profiles v0.2.1
      │       │   │   │   │   ├── kontor-daemon v0.2.1 (*)
      │       │   │   │   │   ├── (dev) kontor-store v0.2.1 (*)
      │       │   │   │   │   ├── (dev) kontor-tests-contract v0.2.1 (*)
      │       │   │   │   │   └── (dev) kontor-tests-e2e v0.2.1 (*)
      │       │   │   │   ├── kontor-store v0.2.1 (*)
      │       │   │   │   ├── (dev) kontor-tests-contract v0.2.1 (*)
      │       │   │   │   └── (dev) kontor-tests-e2e v0.2.1 (*)
      │       │   │   └── (dev) kontor-tests-e2e v0.2.1 (*)
      │       │   ├── kontor-daemon v0.2.1 (*)
      │       │   ├── kontor-intake v0.2.1
      │       │   │   └── (dev) kontor-tests-e2e v0.2.1 (*)
      │       │   ├── kontor-jira v0.2.1 (*)
      │       │   ├── kontor-mcp v0.2.1
      │       │   │   ├── kontor-cli v0.2.1 (*)
      │       │   │   ├── (dev) kontor-daemon v0.2.1 (*)
      │       │   │   ├── (dev) kontor-tests-contract v0.2.1 (*)
      │       │   │   └── (dev) kontor-tests-e2e v0.2.1 (*)
      │       │   ├── kontor-policy v0.2.1
      │       │   │   ├── kontor-daemon v0.2.1 (*)
      │       │   │   ├── kontor-scheduler v0.2.1
      │       │   │   │   ├── kontor-accounts v0.2.1 (*)
      │       │   │   │   ├── kontor-api v0.2.1 (*)
      │       │   │   │   ├── kontor-calendar v0.2.1 (*)
      │       │   │   │   ├── kontor-daemon v0.2.1 (*)
      │       │   │   │   ├── kontor-store v0.2.1 (*)
      │       │   │   │   ├── (dev) kontor-tests-contract v0.2.1 (*)
      │       │   │   │   └── (dev) kontor-tests-e2e v0.2.1 (*)
      │       │   │   ├── (dev) kontor-store v0.2.1 (*)
      │       │   │   ├── (dev) kontor-tests-contract v0.2.1 (*)
      │       │   │   └── (dev) kontor-tests-e2e v0.2.1 (*)
      │       │   ├── kontor-profiles v0.2.1 (*)
      │       │   ├── kontor-runtime v0.2.1
      │       │   │   ├── kontor-accounts v0.2.1 (*)
      │       │   │   ├── kontor-api v0.2.1 (*)
      │       │   │   ├── (dev) kontor-daemon v0.2.1 (*)
      │       │   │   ├── kontor-runtime-ao v0.2.1 (*)
      │       │   │   ├── kontor-runtime-codex v0.2.1 (*)
      │       │   │   ├── kontor-runtime-paseo v0.2.1 (*)
      │       │   │   ├── kontor-scheduler v0.2.1 (*)
      │       │   │   ├── (dev) kontor-store v0.2.1 (*)
      │       │   │   ├── kontor-teams v0.2.1 (*)
      │       │   │   ├── kontor-tests-contract v0.2.1 (*)
      │       │   │   └── (dev) kontor-tests-e2e v0.2.1 (*)
      │       │   ├── kontor-runtime-ao v0.2.1 (*)
      │       │   ├── kontor-runtime-codex v0.2.1 (*)
      │       │   ├── kontor-runtime-paseo v0.2.1 (*)
      │       │   ├── kontor-scheduler v0.2.1 (*)
      │       │   ├── kontor-store v0.2.1 (*)
      │       │   ├── kontor-teams v0.2.1 (*)
      │       │   ├── kontor-tests-contract v0.2.1 (*)
      │       │   └── kontor-tests-e2e v0.2.1 (*)
      │       ├── (dev) kontor-intake v0.2.1 (*)
      │       └── (dev) kontor-tests-contract v0.2.1 (*)
      ├── rand_chacha v0.9.0
      │   ├── proptest v1.11.0 (*)
      │   └── tauri-plugin-stronghold v2.3.1
      │       └── kontor-desktop v0.2.1
      ├── rand_xorshift v0.4.0
      │   └── proptest v1.11.0 (*)
      └── tauri-plugin-stronghold v2.3.1 (*)
    ├ rand_core v0.10.1
      ├── chacha20 v0.10.2
      │   └── rand v0.10.2
      │       └── tungstenite v0.30.0
      │           └── tokio-tungstenite v0.30.0
      │               └── kontor-runtime-paseo v0.2.1
      │                   └── kontor-daemon v0.2.1
      │                       ├── (dev) kontor-cli v0.2.1
      │                       ├── (dev) kontor-tests-contract v0.2.1
      │                       │   ├── (dev) kontor-runtime-ao v0.2.1
      │                       │   ├── (dev) kontor-runtime-codex v0.2.1
      │                       │   ├── (dev) kontor-runtime-paseo v0.2.1 (*)
      │                       │   └── (dev) kontor-tests-e2e v0.2.1
      │                       └── (dev) kontor-tests-e2e v0.2.1 (*)
      ├── getrandom v0.4.3
      │   ├── jobserver v0.1.35
      │   │   └── cc v1.4.6
      │   │       ├── (build) aws-lc-sys v0.45.0
      │   │       │   └── aws-lc-rs v1.18.1
      │   │       │       ├── kontor-daemon v0.2.1 (*)
      │   │       │       ├── rustls v0.23.45
      │   │       │       │   ├── hyper-rustls v0.27.9
      │   │       │       │   │   └── reqwest v0.13.4
      │   │       │       │   │       ├── kontor-calendar v0.2.1
      │   │       │       │   │       │   └── kontor-store v0.2.1
      │   │       │       │   │       │       ├── (dev) kontor-accounts v0.2.1
      │   │       │       │   │       │       │   ├── kontor-daemon v0.2.1 (*)
      │   │       │       │   │       │       │   ├── kontor-jira v0.2.1
      │   │       │       │   │       │       │   │   ├── kontor-daemon v0.2.1 (*)
      │   │       │       │   │       │       │   │   └── (dev) kontor-tests-e2e v0.2.1 (*)
      │   │       │       │   │       │       │   ├── kontor-runtime-codex v0.2.1 (*)
      │   │       │       │   │       │       │   └── (dev) kontor-tests-e2e v0.2.1 (*)
      │   │       │       │   │       │       ├── kontor-api v0.2.1
      │   │       │       │   │       │       │   ├── (dev) kontor-cli v0.2.1 (*)
      │   │       │       │   │       │       │   ├── kontor-daemon v0.2.1 (*)
      │   │       │       │   │       │       │   ├── (dev) kontor-tests-contract v0.2.1 (*)
      │   │       │       │   │       │       │   └── (dev) kontor-tests-e2e v0.2.1 (*)
      │   │       │       │   │       │       ├── (dev) kontor-cli v0.2.1 (*)
      │   │       │       │   │       │       ├── (dev) kontor-daemon v0.2.1 (*)
      │   │       │       │   │       │       ├── (dev) kontor-tests-contract v0.2.1 (*)
      │   │       │       │   │       │       └── (dev) kontor-tests-e2e v0.2.1 (*)
      │   │       │       │   │       ├── (dev) kontor-cli v0.2.1 (*)
      │   │       │       │   │       ├── kontor-daemon v0.2.1 (*)
      │   │       │       │   │       ├── kontor-jira v0.2.1 (*)
      │   │       │       │   │       ├── kontor-mcp v0.2.1
      │   │       │       │   │       │   ├── kontor-cli v0.2.1 (*)
      │   │       │       │   │       │   ├── (dev) kontor-daemon v0.2.1 (*)
      │   │       │       │   │       │   ├── (dev) kontor-tests-contract v0.2.1 (*)
      │   │       │       │   │       │   └── (dev) kontor-tests-e2e v0.2.1 (*)
      │   │       │       │   │       ├── kontor-runtime-ao v0.2.1 (*)
      │   │       │       │   │       ├── kontor-runtime-codex v0.2.1 (*)
      │   │       │       │   │       └── kontor-runtime-paseo v0.2.1 (*)
      │   │       │       │   ├── reqwest v0.13.4 (*)
      │   │       │       │   ├── rustls-platform-verifier v0.7.0
      │   │       │       │   │   └── reqwest v0.13.4 (*)
      │   │       │       │   └── tokio-rustls v0.26.5
      │   │       │       │       ├── hyper-rustls v0.27.9 (*)
      │   │       │       │       └── reqwest v0.13.4 (*)
      │   │       │       └── rustls-webpki v0.103.15
      │   │       │           ├── rustls v0.23.45 (*)
      │   │       │           └── rustls-platform-verifier v0.7.0 (*)
      │   │       ├── cmake v0.1.58
      │   │       │   └── (build) aws-lc-sys v0.45.0 (*)
      │   │       ├── embed-resource v3.0.11
      │   │       │   └── tauri-winres v0.3.6
      │   │       │       └── tauri-build v2.6.3
      │   │       │           ├── (build) kontor-desktop v0.2.1
      │   │       │           └── (build) tauri v2.11.5
      │   │       │               ├── kontor-desktop v0.2.1 (*)
      │   │       │               └── tauri-plugin-stronghold v2.3.1
      │   │       │                   └── kontor-desktop v0.2.1 (*)
      │   │       ├── (build) libsodium-sys-stable v1.24.0
      │   │       │   └── stronghold-runtime v2.0.1
      │   │       │       └── stronghold_engine v2.0.1
      │   │       │           └── iota_stronghold v2.1.0
      │   │       │               └── tauri-plugin-stronghold v2.3.1 (*)
      │   │       ├── (build) libsqlite3-sys v0.38.2
      │   │       │   └── rusqlite v0.40.2
      │   │       │       ├── (dev) kontor-accounts v0.2.1 (*)
      │   │       │       ├── (dev) kontor-daemon v0.2.1 (*)
      │   │       │       ├── (dev) kontor-store v0.2.1 (*)
      │   │       │       ├── (dev) kontor-tests-contract v0.2.1 (*)
      │   │       │       └── (dev) kontor-tests-e2e v0.2.1 (*)
      │   │       ├── (build) objc2-exception-helper v0.1.1
      │   │       │   └── objc2 v0.6.4
      │   │       │       ├── block2 v0.6.2
      │   │       │       │   ├── dispatch2 v0.3.1
      │   │       │       │   │   └── tao v0.35.3
      │   │       │       │   │       └── tauri-runtime-wry v2.11.4
      │   │       │       │   │           └── tauri v2.11.5 (*)
      │   │       │       │   ├── objc2-app-kit v0.3.2
      │   │       │       │   │   ├── muda v0.19.3
      │   │       │       │   │   │   └── tauri v2.11.5 (*)
      │   │       │       │   │   ├── objc2-web-kit v0.3.2
      │   │       │       │   │   │   ├── tauri v2.11.5 (*)
      │   │       │       │   │   │   ├── tauri-runtime v2.11.3
      │   │       │       │   │   │   │   ├── tauri v2.11.5 (*)
      │   │       │       │   │   │   │   └── tauri-runtime-wry v2.11.4 (*)
      │   │       │       │   │   │   └── wry v0.55.1
      │   │       │       │   │   │       └── tauri-runtime-wry v2.11.4 (*)
      │   │       │       │   │   ├── tao v0.35.3 (*)
      │   │       │       │   │   ├── tauri v2.11.5 (*)
      │   │       │       │   │   ├── tauri-runtime-wry v2.11.4 (*)
      │   │       │       │   │   ├── window-vibrancy v0.6.0
      │   │       │       │   │   │   └── tauri v2.11.5 (*)
      │   │       │       │   │   └── wry v0.55.1 (*)
      │   │       │       │   ├── objc2-web-kit v0.3.2 (*)
      │   │       │       │   ├── tao v0.35.3 (*)
      │   │       │       │   └── wry v0.55.1 (*)
      │   │       │       ├── dispatch2 v0.3.1 (*)
      │   │       │       ├── muda v0.19.3 (*)
      │   │       │       ├── objc2-app-kit v0.3.2 (*)
      │   │       │       ├── objc2-core-foundation v0.3.2
      │   │       │       │   ├── muda v0.19.3 (*)
      │   │       │       │   ├── objc2-app-kit v0.3.2 (*)
      │   │       │       │   ├── objc2-core-graphics v0.3.2
      │   │       │       │   │   └── softbuffer v0.4.8
      │   │       │       │   │       └── tauri-runtime-wry v2.11.4 (*)
      │   │       │       │   ├── objc2-foundation v0.3.2
      │   │       │       │   │   ├── muda v0.19.3 (*)
      │   │       │       │   │   ├── objc2-app-kit v0.3.2 (*)
      │   │       │       │   │   ├── objc2-quartz-core v0.3.2
      │   │       │       │   │   │   └── softbuffer v0.4.8 (*)
      │   │       │       │   │   ├── objc2-web-kit v0.3.2 (*)
      │   │       │       │   │   ├── softbuffer v0.4.8 (*)
      │   │       │       │   │   ├── tao v0.35.3 (*)
      │   │       │       │   │   ├── tauri v2.11.5 (*)
      │   │       │       │   │   ├── window-vibrancy v0.6.0 (*)
      │   │       │       │   │   └── wry v0.55.1 (*)
      │   │       │       │   ├── objc2-quartz-core v0.3.2 (*)
      │   │       │       │   ├── objc2-web-kit v0.3.2 (*)
      │   │       │       │   ├── softbuffer v0.4.8 (*)
      │   │       │       │   ├── window-vibrancy v0.6.0 (*)
      │   │       │       │   └── wry v0.55.1 (*)
      │   │       │       ├── objc2-core-graphics v0.3.2 (*)
      │   │       │       ├── objc2-foundation v0.3.2 (*)
      │   │       │       ├── objc2-quartz-core v0.3.2 (*)
      │   │       │       ├── objc2-web-kit v0.3.2 (*)
      │   │       │       ├── softbuffer v0.4.8 (*)
      │   │       │       ├── tao v0.35.3 (*)
      │   │       │       ├── tauri v2.11.5 (*)
      │   │       │       ├── tauri-runtime v2.11.3 (*)
      │   │       │       ├── tauri-runtime-wry v2.11.4 (*)
      │   │       │       ├── window-vibrancy v0.6.0 (*)
      │   │       │       └── wry v0.55.1 (*)
      │   │       └── (build) vswhom-sys v0.1.3
      │   │           └── vswhom v0.1.0
      │   │               └── embed-resource v3.0.11 (*)
      │   ├── rand v0.10.2 (*)
      │   ├── secret-service v5.2.0
      │   │   └── zbus-secret-service-keyring-store v1.0.1
      │   │       └── keyring v4.1.6
      │   │           └── kontor-accounts v0.2.1 (*)
      │   ├── tempfile v3.27.0
      │   │   ├── insta v1.48.0
      │   │   │   └── (dev) kontor-tests-contract v0.2.1 (*)
      │   │   ├── (dev) kontor-accounts v0.2.1 (*)
      │   │   ├── (dev) kontor-cli v0.2.1 (*)
      │   │   ├── (dev) kontor-daemon v0.2.1 (*)
      │   │   ├── (dev) kontor-jira v0.2.1 (*)
      │   │   ├── (dev) kontor-mcp v0.2.1 (*)
      │   │   ├── (dev) kontor-runtime-codex v0.2.1 (*)
      │   │   ├── (dev) kontor-runtime-paseo v0.2.1 (*)
      │   │   ├── (dev) kontor-store v0.2.1 (*)
      │   │   ├── (dev) kontor-tests-contract v0.2.1 (*)
      │   │   ├── (dev) kontor-tests-e2e v0.2.1 (*)
      │   │   ├── proptest v1.11.0
      │   │   │   ├── (dev) kontor-core v0.2.1
      │   │   │   │   ├── kontor-accounts v0.2.1 (*)
      │   │   │   │   ├── kontor-api v0.2.1 (*)
      │   │   │   │   ├── kontor-calendar v0.2.1 (*)
      │   │   │   │   ├── (dev) kontor-cli v0.2.1 (*)
      │   │   │   │   ├── (dev) kontor-context v0.2.1
      │   │   │   │   │   ├── kontor-daemon v0.2.1 (*)
      │   │   │   │   │   ├── kontor-teams v0.2.1
      │   │   │   │   │   │   ├── kontor-daemon v0.2.1 (*)
      │   │   │   │   │   │   ├── kontor-profiles v0.2.1
      │   │   │   │   │   │   │   ├── kontor-daemon v0.2.1 (*)
      │   │   │   │   │   │   │   ├── (dev) kontor-store v0.2.1 (*)
      │   │   │   │   │   │   │   ├── (dev) kontor-tests-contract v0.2.1 (*)
      │   │   │   │   │   │   │   └── (dev) kontor-tests-e2e v0.2.1 (*)
      │   │   │   │   │   │   ├── kontor-store v0.2.1 (*)
      │   │   │   │   │   │   ├── (dev) kontor-tests-contract v0.2.1 (*)
      │   │   │   │   │   │   └── (dev) kontor-tests-e2e v0.2.1 (*)
      │   │   │   │   │   └── (dev) kontor-tests-e2e v0.2.1 (*)
      │   │   │   │   ├── kontor-daemon v0.2.1 (*)
      │   │   │   │   ├── kontor-intake v0.2.1
      │   │   │   │   │   └── (dev) kontor-tests-e2e v0.2.1 (*)
      │   │   │   │   ├── kontor-jira v0.2.1 (*)
      │   │   │   │   ├── kontor-mcp v0.2.1 (*)
      │   │   │   │   ├── kontor-policy v0.2.1
      │   │   │   │   │   ├── kontor-daemon v0.2.1 (*)
      │   │   │   │   │   ├── kontor-scheduler v0.2.1
      │   │   │   │   │   │   ├── kontor-accounts v0.2.1 (*)
      │   │   │   │   │   │   ├── kontor-api v0.2.1 (*)
      │   │   │   │   │   │   ├── kontor-calendar v0.2.1 (*)
      │   │   │   │   │   │   ├── kontor-daemon v0.2.1 (*)
      │   │   │   │   │   │   ├── kontor-store v0.2.1 (*)
      │   │   │   │   │   │   ├── (dev) kontor-tests-contract v0.2.1 (*)
      │   │   │   │   │   │   └── (dev) kontor-tests-e2e v0.2.1 (*)
      │   │   │   │   │   ├── (dev) kontor-store v0.2.1 (*)
      │   │   │   │   │   ├── (dev) kontor-tests-contract v0.2.1 (*)
      │   │   │   │   │   └── (dev) kontor-tests-e2e v0.2.1 (*)
      │   │   │   │   ├── kontor-profiles v0.2.1 (*)
      │   │   │   │   ├── kontor-runtime v0.2.1
      │   │   │   │   │   ├── kontor-accounts v0.2.1 (*)
      │   │   │   │   │   ├── kontor-api v0.2.1 (*)
      │   │   │   │   │   ├── (dev) kontor-daemon v0.2.1 (*)
      │   │   │   │   │   ├── kontor-runtime-ao v0.2.1 (*)
      │   │   │   │   │   ├── kontor-runtime-codex v0.2.1 (*)
      │   │   │   │   │   ├── kontor-runtime-paseo v0.2.1 (*)
      │   │   │   │   │   ├── kontor-scheduler v0.2.1 (*)
      │   │   │   │   │   ├── (dev) kontor-store v0.2.1 (*)
      │   │   │   │   │   ├── kontor-teams v0.2.1 (*)
      │   │   │   │   │   ├── kontor-tests-contract v0.2.1 (*)
      │   │   │   │   │   └── (dev) kontor-tests-e2e v0.2.1 (*)
      │   │   │   │   ├── kontor-runtime-ao v0.2.1 (*)
      │   │   │   │   ├── kontor-runtime-codex v0.2.1 (*)
      │   │   │   │   ├── kontor-runtime-paseo v0.2.1 (*)
      │   │   │   │   ├── kontor-scheduler v0.2.1 (*)
      │   │   │   │   ├── kontor-store v0.2.1 (*)
      │   │   │   │   ├── kontor-teams v0.2.1 (*)
      │   │   │   │   ├── kontor-tests-contract v0.2.1 (*)
      │   │   │   │   └── kontor-tests-e2e v0.2.1 (*)
      │   │   │   ├── (dev) kontor-intake v0.2.1 (*)
      │   │   │   └── (dev) kontor-tests-contract v0.2.1 (*)
      │   │   ├── rusty-fork v0.3.1
      │   │   │   └── proptest v1.11.0 (*)
      │   │   └── uds_windows v1.2.1
      │   │       └── zbus v5.19.0
      │   │           ├── secret-service v5.2.0 (*)
      │   │           └── zbus-secret-service-keyring-store v1.0.1 (*)
      │   └── uuid v1.24.0
      │       ├── cfb v0.7.3
      │       │   └── infer v0.19.0
      │       │       └── tauri-utils v2.9.3
      │       │           ├── tauri v2.11.5 (*)
      │       │           ├── tauri-build v2.6.3 (*)
      │       │           ├── tauri-codegen v2.6.3
      │       │           │   └── tauri-macros v2.6.3
      │       │           │       └── tauri v2.11.5 (*)
      │       │           ├── tauri-macros v2.6.3 (*)
      │       │           ├── tauri-plugin v2.6.3
      │       │           │   └── (build) tauri-plugin-stronghold v2.3.1 (*)
      │       │           ├── tauri-runtime v2.11.3 (*)
      │       │           └── tauri-runtime-wry v2.11.4 (*)
      │       ├── icalendar v0.17.13
      │       │   └── kontor-calendar v0.2.1 (*)
      │       ├── kontor-api v0.2.1 (*)
      │       ├── kontor-calendar v0.2.1 (*)
      │       ├── kontor-core v0.2.1 (*)
      │       ├── kontor-daemon v0.2.1 (*)
      │       ├── kontor-intake v0.2.1 (*)
      │       ├── kontor-policy v0.2.1 (*)
      │       ├── kontor-runtime v0.2.1 (*)
      │       ├── kontor-runtime-codex v0.2.1 (*)
      │       ├── kontor-runtime-paseo v0.2.1 (*)
      │       ├── kontor-scheduler v0.2.1 (*)
      │       ├── kontor-store v0.2.1 (*)
      │       ├── (dev) kontor-tests-e2e v0.2.1 (*)
      │       ├── rmcp v3.1.2
      │       │   └── kontor-mcp v0.2.1 (*)
      │       ├── schemars v0.8.22
      │       │   ├── tauri-build v2.6.3 (*)
      │       │   ├── tauri-plugin v2.6.3 (*)
      │       │   └── tauri-utils v2.9.3 (*)
      │       ├── tauri-codegen v2.6.3 (*)
      │       ├── tauri-utils v2.9.3 (*)
      │       └── zbus v5.19.0 (*)
      └── rand v0.10.2 (*)

warning[duplicate]: found 2 duplicate entries for crate 'rust-argon2'
    ┌─ /Users/igor/.paseo/worktrees/0n8yzbno/feat-asma-8156-typed-experience-contract-and/Cargo.lock:414:1
    │
414 │ ╭ rust-argon2 1.0.0 registry+https://github.com/rust-lang/crates.io-index
415 │ │ rust-argon2 2.1.0 registry+https://github.com/rust-lang/crates.io-index
    │ ╰───────────────────────────────────────────────────────────────────────┘ lock entries
    │
    ├ rust-argon2 v1.0.0
      └── iota_stronghold v2.1.0
          └── tauri-plugin-stronghold v2.3.1
              └── kontor-desktop v0.2.1
    ├ rust-argon2 v2.1.0
      └── tauri-plugin-stronghold v2.3.1
          └── kontor-desktop v0.2.1

warning[duplicate]: found 2 duplicate entries for crate 'schemars'
    ┌─ /Users/igor/.paseo/worktrees/0n8yzbno/feat-asma-8156-typed-experience-contract-and/Cargo.lock:432:1
    │
432 │ ╭ schemars 0.8.22 registry+https://github.com/rust-lang/crates.io-index
433 │ │ schemars 1.2.2 registry+https://github.com/rust-lang/crates.io-index
    │ ╰────────────────────────────────────────────────────────────────────┘ lock entries
    │
    ├ schemars v0.8.22
      ├── tauri-build v2.6.3
      │   ├── (build) kontor-desktop v0.2.1
      │   └── (build) tauri v2.11.5
      │       ├── kontor-desktop v0.2.1 (*)
      │       └── tauri-plugin-stronghold v2.3.1
      │           └── kontor-desktop v0.2.1 (*)
      ├── tauri-plugin v2.6.3
      │   └── (build) tauri-plugin-stronghold v2.3.1 (*)
      └── tauri-utils v2.9.3
          ├── tauri v2.11.5 (*)
          ├── tauri-build v2.6.3 (*)
          ├── tauri-codegen v2.6.3
          │   └── tauri-macros v2.6.3
          │       └── tauri v2.11.5 (*)
          ├── tauri-macros v2.6.3 (*)
          ├── tauri-plugin v2.6.3 (*)
          ├── tauri-runtime v2.11.3
          │   ├── tauri v2.11.5 (*)
          │   └── tauri-runtime-wry v2.11.4
          │       └── tauri v2.11.5 (*)
          └── tauri-runtime-wry v2.11.4 (*)
    ├ schemars v1.2.2
      └── rmcp v3.1.2
          └── kontor-mcp v0.2.1
              ├── kontor-cli v0.2.1
              ├── (dev) kontor-daemon v0.2.1
              │   ├── (dev) kontor-cli v0.2.1 (*)
              │   ├── (dev) kontor-tests-contract v0.2.1
              │   │   ├── (dev) kontor-runtime-ao v0.2.1
              │   │   ├── (dev) kontor-runtime-codex v0.2.1
              │   │   ├── (dev) kontor-runtime-paseo v0.2.1
              │   │   │   └── kontor-daemon v0.2.1 (*)
              │   │   └── (dev) kontor-tests-e2e v0.2.1
              │   └── (dev) kontor-tests-e2e v0.2.1 (*)
              ├── (dev) kontor-tests-contract v0.2.1 (*)
              └── (dev) kontor-tests-e2e v0.2.1 (*)

warning[duplicate]: found 2 duplicate entries for crate 'schemars_derive'
    ┌─ /Users/igor/.paseo/worktrees/0n8yzbno/feat-asma-8156-typed-experience-contract-and/Cargo.lock:434:1
    │
434 │ ╭ schemars_derive 0.8.22 registry+https://github.com/rust-lang/crates.io-index
435 │ │ schemars_derive 1.2.2 registry+https://github.com/rust-lang/crates.io-index
    │ ╰───────────────────────────────────────────────────────────────────────────┘ lock entries
    │
    ├ schemars_derive v0.8.22
      └── schemars v0.8.22
          ├── tauri-build v2.6.3
          │   ├── (build) kontor-desktop v0.2.1
          │   └── (build) tauri v2.11.5
          │       ├── kontor-desktop v0.2.1 (*)
          │       └── tauri-plugin-stronghold v2.3.1
          │           └── kontor-desktop v0.2.1 (*)
          ├── tauri-plugin v2.6.3
          │   └── (build) tauri-plugin-stronghold v2.3.1 (*)
          └── tauri-utils v2.9.3
              ├── tauri v2.11.5 (*)
              ├── tauri-build v2.6.3 (*)
              ├── tauri-codegen v2.6.3
              │   └── tauri-macros v2.6.3
              │       └── tauri v2.11.5 (*)
              ├── tauri-macros v2.6.3 (*)
              ├── tauri-plugin v2.6.3 (*)
              ├── tauri-runtime v2.11.3
              │   ├── tauri v2.11.5 (*)
              │   └── tauri-runtime-wry v2.11.4
              │       └── tauri v2.11.5 (*)
              └── tauri-runtime-wry v2.11.4 (*)
    ├ schemars_derive v1.2.2
      └── schemars v1.2.2
          └── rmcp v3.1.2
              └── kontor-mcp v0.2.1
                  ├── kontor-cli v0.2.1
                  ├── (dev) kontor-daemon v0.2.1
                  │   ├── (dev) kontor-cli v0.2.1 (*)
                  │   ├── (dev) kontor-tests-contract v0.2.1
                  │   │   ├── (dev) kontor-runtime-ao v0.2.1
                  │   │   ├── (dev) kontor-runtime-codex v0.2.1
                  │   │   ├── (dev) kontor-runtime-paseo v0.2.1
                  │   │   │   └── kontor-daemon v0.2.1 (*)
                  │   │   └── (dev) kontor-tests-e2e v0.2.1
                  │   └── (dev) kontor-tests-e2e v0.2.1 (*)
                  ├── (dev) kontor-tests-contract v0.2.1 (*)
                  └── (dev) kontor-tests-e2e v0.2.1 (*)

warning[duplicate]: found 2 duplicate entries for crate 'serde_derive_internals'
    ┌─ /Users/igor/.paseo/worktrees/0n8yzbno/feat-asma-8156-typed-experience-contract-and/Cargo.lock:449:1
    │
449 │ ╭ serde_derive_internals 0.29.1 registry+https://github.com/rust-lang/crates.io-index
450 │ │ serde_derive_internals 0.30.0 registry+https://github.com/rust-lang/crates.io-index
    │ ╰───────────────────────────────────────────────────────────────────────────────────┘ lock entries
    │
    ├ serde_derive_internals v0.29.1
      └── schemars_derive v0.8.22
          └── schemars v0.8.22
              ├── tauri-build v2.6.3
              │   ├── (build) kontor-desktop v0.2.1
              │   └── (build) tauri v2.11.5
              │       ├── kontor-desktop v0.2.1 (*)
              │       └── tauri-plugin-stronghold v2.3.1
              │           └── kontor-desktop v0.2.1 (*)
              ├── tauri-plugin v2.6.3
              │   └── (build) tauri-plugin-stronghold v2.3.1 (*)
              └── tauri-utils v2.9.3
                  ├── tauri v2.11.5 (*)
                  ├── tauri-build v2.6.3 (*)
                  ├── tauri-codegen v2.6.3
                  │   └── tauri-macros v2.6.3
                  │       └── tauri v2.11.5 (*)
                  ├── tauri-macros v2.6.3 (*)
                  ├── tauri-plugin v2.6.3 (*)
                  ├── tauri-runtime v2.11.3
                  │   ├── tauri v2.11.5 (*)
                  │   └── tauri-runtime-wry v2.11.4
                  │       └── tauri v2.11.5 (*)
                  └── tauri-runtime-wry v2.11.4 (*)
    ├ serde_derive_internals v0.30.0
      └── schemars_derive v1.2.2
          └── schemars v1.2.2
              └── rmcp v3.1.2
                  └── kontor-mcp v0.2.1
                      ├── kontor-cli v0.2.1
                      ├── (dev) kontor-daemon v0.2.1
                      │   ├── (dev) kontor-cli v0.2.1 (*)
                      │   ├── (dev) kontor-tests-contract v0.2.1
                      │   │   ├── (dev) kontor-runtime-ao v0.2.1
                      │   │   ├── (dev) kontor-runtime-codex v0.2.1
                      │   │   ├── (dev) kontor-runtime-paseo v0.2.1
                      │   │   │   └── kontor-daemon v0.2.1 (*)
                      │   │   └── (dev) kontor-tests-e2e v0.2.1
                      │   └── (dev) kontor-tests-e2e v0.2.1 (*)
                      ├── (dev) kontor-tests-contract v0.2.1 (*)
                      └── (dev) kontor-tests-e2e v0.2.1 (*)

warning[duplicate]: found 2 duplicate entries for crate 'serde_spanned'
    ┌─ /Users/igor/.paseo/worktrees/0n8yzbno/feat-asma-8156-typed-experience-contract-and/Cargo.lock:454:1
    │
454 │ ╭ serde_spanned 0.6.9 registry+https://github.com/rust-lang/crates.io-index
455 │ │ serde_spanned 1.1.1 registry+https://github.com/rust-lang/crates.io-index
    │ ╰─────────────────────────────────────────────────────────────────────────┘ lock entries
    │
    ├ serde_spanned v0.6.9
      ├── toml v0.8.2
      │   └── system-deps v6.2.2
      │       ├── (build) atk-sys v0.18.2
      │       │   ├── atk v0.18.2
      │       │   │   └── gtk v0.18.2
      │       │   │       ├── muda v0.19.3
      │       │   │       │   └── tauri v2.11.5
      │       │   │       │       ├── kontor-desktop v0.2.1
      │       │   │       │       └── tauri-plugin-stronghold v2.3.1
      │       │   │       │           └── kontor-desktop v0.2.1 (*)
      │       │   │       ├── tao v0.35.3
      │       │   │       │   └── tauri-runtime-wry v2.11.4
      │       │   │       │       └── tauri v2.11.5 (*)
      │       │   │       ├── tauri v2.11.5 (*)
      │       │   │       ├── tauri-runtime v2.11.3
      │       │   │       │   ├── tauri v2.11.5 (*)
      │       │   │       │   └── tauri-runtime-wry v2.11.4 (*)
      │       │   │       ├── tauri-runtime-wry v2.11.4 (*)
      │       │   │       ├── webkit2gtk v2.0.2
      │       │   │       │   ├── tauri v2.11.5 (*)
      │       │   │       │   ├── tauri-runtime v2.11.3 (*)
      │       │   │       │   ├── tauri-runtime-wry v2.11.4 (*)
      │       │   │       │   └── wry v0.55.1
      │       │   │       │       └── tauri-runtime-wry v2.11.4 (*)
      │       │   │       └── wry v0.55.1 (*)
      │       │   └── gtk-sys v0.18.2
      │       │       ├── gtk v0.18.2 (*)
      │       │       ├── webkit2gtk v2.0.2 (*)
      │       │       └── webkit2gtk-sys v2.0.2
      │       │           ├── webkit2gtk v2.0.2 (*)
      │       │           └── wry v0.55.1 (*)
      │       ├── (build) cairo-sys-rs v0.18.2
      │       │   ├── cairo-rs v0.18.5
      │       │   │   ├── gdk v0.18.2
      │       │   │   │   ├── gdkx11 v0.18.2
      │       │   │   │   │   └── wry v0.55.1 (*)
      │       │   │   │   ├── gtk v0.18.2 (*)
      │       │   │   │   └── webkit2gtk v2.0.2 (*)
      │       │   │   ├── gtk v0.18.2 (*)
      │       │   │   └── webkit2gtk v2.0.2 (*)
      │       │   ├── gdk-sys v0.18.2
      │       │   │   ├── gdk v0.18.2 (*)
      │       │   │   ├── gdkwayland-sys v0.18.2
      │       │   │   │   └── tao v0.35.3 (*)
      │       │   │   ├── gdkx11-sys v0.18.2
      │       │   │   │   ├── gdkx11 v0.18.2 (*)
      │       │   │   │   └── tao v0.35.3 (*)
      │       │   │   ├── gtk-sys v0.18.2 (*)
      │       │   │   ├── webkit2gtk v2.0.2 (*)
      │       │   │   └── webkit2gtk-sys v2.0.2 (*)
      │       │   ├── gtk-sys v0.18.2 (*)
      │       │   └── webkit2gtk-sys v2.0.2 (*)
      │       ├── (build) gdk-pixbuf-sys v0.18.0
      │       │   ├── gdk-pixbuf v0.18.5
      │       │   │   ├── gdk v0.18.2 (*)
      │       │   │   └── gtk v0.18.2 (*)
      │       │   ├── gdk-sys v0.18.2 (*)
      │       │   └── gtk-sys v0.18.2 (*)
      │       ├── (build) gdk-sys v0.18.2 (*)
      │       ├── (build) gdkwayland-sys v0.18.2 (*)
      │       ├── (build) gdkx11-sys v0.18.2 (*)
      │       ├── (build) gio-sys v0.18.1
      │       │   ├── gdk-pixbuf-sys v0.18.0 (*)
      │       │   ├── gdk-sys v0.18.2 (*)
      │       │   ├── gio v0.18.4
      │       │   │   ├── gdk v0.18.2 (*)
      │       │   │   ├── gdk-pixbuf v0.18.5 (*)
      │       │   │   ├── gdkx11 v0.18.2 (*)
      │       │   │   ├── gtk v0.18.2 (*)
      │       │   │   ├── pango v0.18.3
      │       │   │   │   ├── gdk v0.18.2 (*)
      │       │   │   │   └── gtk v0.18.2 (*)
      │       │   │   ├── soup3 v0.5.0
      │       │   │   │   ├── webkit2gtk v2.0.2 (*)
      │       │   │   │   └── wry v0.55.1 (*)
      │       │   │   └── webkit2gtk v2.0.2 (*)
      │       │   ├── glib v0.18.5
      │       │   │   ├── atk v0.18.2 (*)
      │       │   │   ├── cairo-rs v0.18.5 (*)
      │       │   │   ├── gdk v0.18.2 (*)
      │       │   │   ├── gdk-pixbuf v0.18.5 (*)
      │       │   │   ├── gdkx11 v0.18.2 (*)
      │       │   │   ├── gio v0.18.4 (*)
      │       │   │   ├── gtk v0.18.2 (*)
      │       │   │   ├── javascriptcore-rs v1.1.2
      │       │   │   │   ├── webkit2gtk v2.0.2 (*)
      │       │   │   │   └── wry v0.55.1 (*)
      │       │   │   ├── pango v0.18.3 (*)
      │       │   │   ├── soup3 v0.5.0 (*)
      │       │   │   └── webkit2gtk v2.0.2 (*)
      │       │   ├── gtk-sys v0.18.2 (*)
      │       │   ├── soup3-sys v0.5.0
      │       │   │   ├── soup3 v0.5.0 (*)
      │       │   │   └── webkit2gtk-sys v2.0.2 (*)
      │       │   ├── webkit2gtk v2.0.2 (*)
      │       │   └── webkit2gtk-sys v2.0.2 (*)
      │       ├── (build) glib-sys v0.18.1
      │       │   ├── atk-sys v0.18.2 (*)
      │       │   ├── cairo-sys-rs v0.18.2 (*)
      │       │   ├── gdk-pixbuf-sys v0.18.0 (*)
      │       │   ├── gdk-sys v0.18.2 (*)
      │       │   ├── gdkwayland-sys v0.18.2 (*)
      │       │   ├── gdkx11-sys v0.18.2 (*)
      │       │   ├── gio-sys v0.18.1 (*)
      │       │   ├── glib v0.18.5 (*)
      │       │   ├── gobject-sys v0.18.0
      │       │   │   ├── atk-sys v0.18.2 (*)
      │       │   │   ├── gdk-pixbuf-sys v0.18.0 (*)
      │       │   │   ├── gdk-sys v0.18.2 (*)
      │       │   │   ├── gdkwayland-sys v0.18.2 (*)
      │       │   │   ├── gio-sys v0.18.1 (*)
      │       │   │   ├── glib v0.18.5 (*)
      │       │   │   ├── gtk-sys v0.18.2 (*)
      │       │   │   ├── javascriptcore-rs-sys v1.1.1
      │       │   │   │   ├── javascriptcore-rs v1.1.2 (*)
      │       │   │   │   └── webkit2gtk-sys v2.0.2 (*)
      │       │   │   ├── pango-sys v0.18.0
      │       │   │   │   ├── gdk-sys v0.18.2 (*)
      │       │   │   │   ├── gtk-sys v0.18.2 (*)
      │       │   │   │   └── pango v0.18.3 (*)
      │       │   │   ├── soup3-sys v0.5.0 (*)
      │       │   │   ├── webkit2gtk v2.0.2 (*)
      │       │   │   └── webkit2gtk-sys v2.0.2 (*)
      │       │   ├── gtk-sys v0.18.2 (*)
      │       │   ├── javascriptcore-rs-sys v1.1.1 (*)
      │       │   ├── pango-sys v0.18.0 (*)
      │       │   ├── soup3-sys v0.5.0 (*)
      │       │   ├── webkit2gtk v2.0.2 (*)
      │       │   └── webkit2gtk-sys v2.0.2 (*)
      │       ├── (build) gobject-sys v0.18.0 (*)
      │       ├── (build) gtk-sys v0.18.2 (*)
      │       ├── (build) javascriptcore-rs-sys v1.1.1 (*)
      │       ├── (build) pango-sys v0.18.0 (*)
      │       ├── (build) soup3-sys v0.5.0 (*)
      │       └── (build) webkit2gtk-sys v2.0.2 (*)
      └── toml_edit v0.20.2
          ├── proc-macro-crate v2.0.2
          │   └── glib-macros v0.18.5
          │       └── glib v0.18.5 (*)
          └── toml v0.8.2 (*)
    ├ serde_spanned v1.1.1
      ├── toml v0.9.12+spec-1.1.0
      │   └── cargo_toml v0.22.3
      │       └── tauri-build v2.6.3
      │           ├── (build) kontor-desktop v0.2.1
      │           └── (build) tauri v2.11.5
      │               ├── kontor-desktop v0.2.1 (*)
      │               └── tauri-plugin-stronghold v2.3.1
      │                   └── kontor-desktop v0.2.1 (*)
      └── toml v1.1.6+spec-1.1.0
          ├── embed-resource v3.0.11
          │   └── tauri-winres v0.3.6
          │       └── tauri-build v2.6.3 (*)
          ├── tauri-utils v2.9.3
          │   ├── tauri v2.11.5 (*)
          │   ├── tauri-build v2.6.3 (*)
          │   ├── tauri-codegen v2.6.3
          │   │   └── tauri-macros v2.6.3
          │   │       └── tauri v2.11.5 (*)
          │   ├── tauri-macros v2.6.3 (*)
          │   ├── tauri-plugin v2.6.3
          │   │   └── (build) tauri-plugin-stronghold v2.3.1 (*)
          │   ├── tauri-runtime v2.11.3
          │   │   ├── tauri v2.11.5 (*)
          │   │   └── tauri-runtime-wry v2.11.4
          │   │       └── tauri v2.11.5 (*)
          │   └── tauri-runtime-wry v2.11.4 (*)
          └── tauri-winres v0.3.6 (*)

warning[duplicate]: found 2 duplicate entries for crate 'sha2'
    ┌─ /Users/igor/.paseo/worktrees/0n8yzbno/feat-asma-8156-typed-experience-contract-and/Cargo.lock:464:1
    │
464 │ ╭ sha2 0.10.9 registry+https://github.com/rust-lang/crates.io-index
465 │ │ sha2 0.11.0 registry+https://github.com/rust-lang/crates.io-index
    │ ╰─────────────────────────────────────────────────────────────────┘ lock entries
    │
    ├ sha2 v0.10.9
      ├── ed25519-zebra v4.2.0
      │   └── iota-crypto v0.23.2
      │       ├── iota_stronghold v2.1.0
      │       │   └── tauri-plugin-stronghold v2.3.1
      │       │       └── kontor-desktop v0.2.1
      │       ├── stronghold-runtime v2.0.1
      │       │   └── stronghold_engine v2.0.1
      │       │       └── iota_stronghold v2.1.0 (*)
      │       ├── stronghold_engine v2.0.1 (*)
      │       └── tauri-plugin-stronghold v2.3.1 (*)
      ├── iota-crypto v0.23.2 (*)
      ├── k256 v0.13.4
      │   └── iota-crypto v0.23.2 (*)
      ├── scrypt v0.11.0
      │   └── iota-crypto v0.23.2 (*)
      └── tauri-codegen v2.6.3
          └── tauri-macros v2.6.3
              └── tauri v2.11.5
                  ├── kontor-desktop v0.2.1 (*)
                  └── tauri-plugin-stronghold v2.3.1 (*)
    ├ sha2 v0.11.0
      ├── kontor-core v0.2.1
      │   ├── kontor-accounts v0.2.1
      │   │   ├── kontor-daemon v0.2.1
      │   │   │   ├── (dev) kontor-cli v0.2.1
      │   │   │   ├── (dev) kontor-tests-contract v0.2.1
      │   │   │   │   ├── (dev) kontor-runtime-ao v0.2.1
      │   │   │   │   ├── (dev) kontor-runtime-codex v0.2.1
      │   │   │   │   ├── (dev) kontor-runtime-paseo v0.2.1
      │   │   │   │   │   └── kontor-daemon v0.2.1 (*)
      │   │   │   │   └── (dev) kontor-tests-e2e v0.2.1
      │   │   │   └── (dev) kontor-tests-e2e v0.2.1 (*)
      │   │   ├── kontor-jira v0.2.1
      │   │   │   ├── kontor-daemon v0.2.1 (*)
      │   │   │   └── (dev) kontor-tests-e2e v0.2.1 (*)
      │   │   ├── kontor-runtime-codex v0.2.1 (*)
      │   │   └── (dev) kontor-tests-e2e v0.2.1 (*)
      │   ├── kontor-api v0.2.1
      │   │   ├── (dev) kontor-cli v0.2.1 (*)
      │   │   ├── kontor-daemon v0.2.1 (*)
      │   │   ├── (dev) kontor-tests-contract v0.2.1 (*)
      │   │   └── (dev) kontor-tests-e2e v0.2.1 (*)
      │   ├── kontor-calendar v0.2.1
      │   │   └── kontor-store v0.2.1
      │   │       ├── (dev) kontor-accounts v0.2.1 (*)
      │   │       ├── kontor-api v0.2.1 (*)
      │   │       ├── (dev) kontor-cli v0.2.1 (*)
      │   │       ├── (dev) kontor-daemon v0.2.1 (*)
      │   │       ├── (dev) kontor-tests-contract v0.2.1 (*)
      │   │       └── (dev) kontor-tests-e2e v0.2.1 (*)
      │   ├── (dev) kontor-cli v0.2.1 (*)
      │   ├── (dev) kontor-context v0.2.1
      │   │   ├── kontor-daemon v0.2.1 (*)
      │   │   ├── kontor-teams v0.2.1
      │   │   │   ├── kontor-daemon v0.2.1 (*)
      │   │   │   ├── kontor-profiles v0.2.1
      │   │   │   │   ├── kontor-daemon v0.2.1 (*)
      │   │   │   │   ├── (dev) kontor-store v0.2.1 (*)
      │   │   │   │   ├── (dev) kontor-tests-contract v0.2.1 (*)
      │   │   │   │   └── (dev) kontor-tests-e2e v0.2.1 (*)
      │   │   │   ├── kontor-store v0.2.1 (*)
      │   │   │   ├── (dev) kontor-tests-contract v0.2.1 (*)
      │   │   │   └── (dev) kontor-tests-e2e v0.2.1 (*)
      │   │   └── (dev) kontor-tests-e2e v0.2.1 (*)
      │   ├── kontor-daemon v0.2.1 (*)
      │   ├── kontor-intake v0.2.1
      │   │   └── (dev) kontor-tests-e2e v0.2.1 (*)
      │   ├── kontor-jira v0.2.1 (*)
      │   ├── kontor-mcp v0.2.1
      │   │   ├── kontor-cli v0.2.1 (*)
      │   │   ├── (dev) kontor-daemon v0.2.1 (*)
      │   │   ├── (dev) kontor-tests-contract v0.2.1 (*)
      │   │   └── (dev) kontor-tests-e2e v0.2.1 (*)
      │   ├── kontor-policy v0.2.1
      │   │   ├── kontor-daemon v0.2.1 (*)
      │   │   ├── kontor-scheduler v0.2.1
      │   │   │   ├── kontor-accounts v0.2.1 (*)
      │   │   │   ├── kontor-api v0.2.1 (*)
      │   │   │   ├── kontor-calendar v0.2.1 (*)
      │   │   │   ├── kontor-daemon v0.2.1 (*)
      │   │   │   ├── kontor-store v0.2.1 (*)
      │   │   │   ├── (dev) kontor-tests-contract v0.2.1 (*)
      │   │   │   └── (dev) kontor-tests-e2e v0.2.1 (*)
      │   │   ├── (dev) kontor-store v0.2.1 (*)
      │   │   ├── (dev) kontor-tests-contract v0.2.1 (*)
      │   │   └── (dev) kontor-tests-e2e v0.2.1 (*)
      │   ├── kontor-profiles v0.2.1 (*)
      │   ├── kontor-runtime v0.2.1
      │   │   ├── kontor-accounts v0.2.1 (*)
      │   │   ├── kontor-api v0.2.1 (*)
      │   │   ├── (dev) kontor-daemon v0.2.1 (*)
      │   │   ├── kontor-runtime-ao v0.2.1 (*)
      │   │   ├── kontor-runtime-codex v0.2.1 (*)
      │   │   ├── kontor-runtime-paseo v0.2.1 (*)
      │   │   ├── kontor-scheduler v0.2.1 (*)
      │   │   ├── (dev) kontor-store v0.2.1 (*)
      │   │   ├── kontor-teams v0.2.1 (*)
      │   │   ├── kontor-tests-contract v0.2.1 (*)
      │   │   └── (dev) kontor-tests-e2e v0.2.1 (*)
      │   ├── kontor-runtime-ao v0.2.1 (*)
      │   ├── kontor-runtime-codex v0.2.1 (*)
      │   ├── kontor-runtime-paseo v0.2.1 (*)
      │   ├── kontor-scheduler v0.2.1 (*)
      │   ├── kontor-store v0.2.1 (*)
      │   ├── kontor-teams v0.2.1 (*)
      │   ├── kontor-tests-contract v0.2.1 (*)
      │   └── kontor-tests-e2e v0.2.1 (*)
      ├── kontor-daemon v0.2.1 (*)
      ├── kontor-intake v0.2.1 (*)
      ├── kontor-tests-e2e v0.2.1 (*)
      ├── rust-embed-utils v8.12.0
      │   ├── rust-embed v8.12.0
      │   │   └── utoipa-swagger-ui v9.0.2
      │   │       └── kontor-api v0.2.1 (*)
      │   └── rust-embed-impl v8.12.0
      │       └── rust-embed v8.12.0 (*)
      └── secret-service v5.2.0
          └── zbus-secret-service-keyring-store v1.0.1
              └── keyring v4.1.6
                  └── kontor-accounts v0.2.1 (*)

warning[duplicate]: found 3 duplicate entries for crate 'syn'
    ┌─ /Users/igor/.paseo/worktrees/0n8yzbno/feat-asma-8156-typed-experience-contract-and/Cargo.lock:490:1
    │
490 │ ╭ syn 1.0.109 registry+https://github.com/rust-lang/crates.io-index
491 │ │ syn 2.0.119 registry+https://github.com/rust-lang/crates.io-index
492 │ │ syn 3.0.6 registry+https://github.com/rust-lang/crates.io-index
    │ ╰───────────────────────────────────────────────────────────────┘ lock entries
    │
    ├ syn v1.0.109
      ├── proc-macro-error v1.0.4
      │   ├── glib-macros v0.18.5
      │   │   └── glib v0.18.5
      │   │       ├── atk v0.18.2
      │   │       │   └── gtk v0.18.2
      │   │       │       ├── muda v0.19.3
      │   │       │       │   └── tauri v2.11.5
      │   │       │       │       ├── kontor-desktop v0.2.1
      │   │       │       │       └── tauri-plugin-stronghold v2.3.1
      │   │       │       │           └── kontor-desktop v0.2.1 (*)
      │   │       │       ├── tao v0.35.3
      │   │       │       │   └── tauri-runtime-wry v2.11.4
      │   │       │       │       └── tauri v2.11.5 (*)
      │   │       │       ├── tauri v2.11.5 (*)
      │   │       │       ├── tauri-runtime v2.11.3
      │   │       │       │   ├── tauri v2.11.5 (*)
      │   │       │       │   └── tauri-runtime-wry v2.11.4 (*)
      │   │       │       ├── tauri-runtime-wry v2.11.4 (*)
      │   │       │       ├── webkit2gtk v2.0.2
      │   │       │       │   ├── tauri v2.11.5 (*)
      │   │       │       │   ├── tauri-runtime v2.11.3 (*)
      │   │       │       │   ├── tauri-runtime-wry v2.11.4 (*)
      │   │       │       │   └── wry v0.55.1
      │   │       │       │       └── tauri-runtime-wry v2.11.4 (*)
      │   │       │       └── wry v0.55.1 (*)
      │   │       ├── cairo-rs v0.18.5
      │   │       │   ├── gdk v0.18.2
      │   │       │   │   ├── gdkx11 v0.18.2
      │   │       │   │   │   └── wry v0.55.1 (*)
      │   │       │   │   ├── gtk v0.18.2 (*)
      │   │       │   │   └── webkit2gtk v2.0.2 (*)
      │   │       │   ├── gtk v0.18.2 (*)
      │   │       │   └── webkit2gtk v2.0.2 (*)
      │   │       ├── gdk v0.18.2 (*)
      │   │       ├── gdk-pixbuf v0.18.5
      │   │       │   ├── gdk v0.18.2 (*)
      │   │       │   └── gtk v0.18.2 (*)
      │   │       ├── gdkx11 v0.18.2 (*)
      │   │       ├── gio v0.18.4
      │   │       │   ├── gdk v0.18.2 (*)
      │   │       │   ├── gdk-pixbuf v0.18.5 (*)
      │   │       │   ├── gdkx11 v0.18.2 (*)
      │   │       │   ├── gtk v0.18.2 (*)
      │   │       │   ├── pango v0.18.3
      │   │       │   │   ├── gdk v0.18.2 (*)
      │   │       │   │   └── gtk v0.18.2 (*)
      │   │       │   ├── soup3 v0.5.0
      │   │       │   │   ├── webkit2gtk v2.0.2 (*)
      │   │       │   │   └── wry v0.55.1 (*)
      │   │       │   └── webkit2gtk v2.0.2 (*)
      │   │       ├── gtk v0.18.2 (*)
      │   │       ├── javascriptcore-rs v1.1.2
      │   │       │   ├── webkit2gtk v2.0.2 (*)
      │   │       │   └── wry v0.55.1 (*)
      │   │       ├── pango v0.18.3 (*)
      │   │       ├── soup3 v0.5.0 (*)
      │   │       └── webkit2gtk v2.0.2 (*)
      │   └── gtk3-macros v0.18.2
      │       └── gtk v0.18.2 (*)
      └── stronghold-derive v1.0.0
          ├── iota_stronghold v2.1.0
          │   └── tauri-plugin-stronghold v2.3.1 (*)
          └── stronghold-utils v1.0.0
              └── iota_stronghold v2.1.0 (*)
    ├ syn v2.0.119
      ├── async-recursion v1.1.1
      │   └── zbus v5.19.0
      │       ├── secret-service v5.2.0
      │       │   └── zbus-secret-service-keyring-store v1.0.1
      │       │       └── keyring v4.1.6
      │       │           └── kontor-accounts v0.2.1
      │       │               ├── kontor-daemon v0.2.1
      │       │               │   ├── (dev) kontor-cli v0.2.1
      │       │               │   ├── (dev) kontor-tests-contract v0.2.1
      │       │               │   │   ├── (dev) kontor-runtime-ao v0.2.1
      │       │               │   │   ├── (dev) kontor-runtime-codex v0.2.1
      │       │               │   │   ├── (dev) kontor-runtime-paseo v0.2.1
      │       │               │   │   │   └── kontor-daemon v0.2.1 (*)
      │       │               │   │   └── (dev) kontor-tests-e2e v0.2.1
      │       │               │   └── (dev) kontor-tests-e2e v0.2.1 (*)
      │       │               ├── kontor-jira v0.2.1
      │       │               │   ├── kontor-daemon v0.2.1 (*)
      │       │               │   └── (dev) kontor-tests-e2e v0.2.1 (*)
      │       │               ├── kontor-runtime-codex v0.2.1 (*)
      │       │               └── (dev) kontor-tests-e2e v0.2.1 (*)
      │       └── zbus-secret-service-keyring-store v1.0.1 (*)
      ├── cssparser-macros v0.6.1
      │   └── cssparser v0.36.0
      │       ├── dom_query v0.27.0
      │       │   └── tauri-utils v2.9.3
      │       │       ├── tauri v2.11.5
      │       │       │   ├── kontor-desktop v0.2.1
      │       │       │   └── tauri-plugin-stronghold v2.3.1
      │       │       │       └── kontor-desktop v0.2.1 (*)
      │       │       ├── tauri-build v2.6.3
      │       │       │   ├── (build) kontor-desktop v0.2.1 (*)
      │       │       │   └── (build) tauri v2.11.5 (*)
      │       │       ├── tauri-codegen v2.6.3
      │       │       │   └── tauri-macros v2.6.3
      │       │       │       └── tauri v2.11.5 (*)
      │       │       ├── tauri-macros v2.6.3 (*)
      │       │       ├── tauri-plugin v2.6.3
      │       │       │   └── (build) tauri-plugin-stronghold v2.3.1 (*)
      │       │       ├── tauri-runtime v2.11.3
      │       │       │   ├── tauri v2.11.5 (*)
      │       │       │   └── tauri-runtime-wry v2.11.4
      │       │       │       └── tauri v2.11.5 (*)
      │       │       └── tauri-runtime-wry v2.11.4 (*)
      │       └── selectors v0.36.1
      │           └── dom_query v0.27.0 (*)
      ├── curve25519-dalek-derive v0.1.1
      │   └── curve25519-dalek v4.1.3
      │       ├── ed25519-zebra v4.2.0
      │       │   └── iota-crypto v0.23.2
      │       │       ├── iota_stronghold v2.1.0
      │       │       │   └── tauri-plugin-stronghold v2.3.1 (*)
      │       │       ├── stronghold-runtime v2.0.1
      │       │       │   └── stronghold_engine v2.0.1
      │       │       │       └── iota_stronghold v2.1.0 (*)
      │       │       ├── stronghold_engine v2.0.1 (*)
      │       │       └── tauri-plugin-stronghold v2.3.1 (*)
      │       ├── iota-crypto v0.23.2 (*)
      │       └── x25519-dalek v2.0.1
      │           └── iota-crypto v0.23.2 (*)
      ├── derive_more-impl v2.1.1
      │   └── derive_more v2.1.1
      │       └── selectors v0.36.1 (*)
      ├── dlopen2_derive v0.4.3
      │   └── dlopen2 v0.8.2
      │       └── tao v0.35.3
      │           └── tauri-runtime-wry v2.11.4 (*)
      ├── enumflags2_derive v0.7.12
      │   └── enumflags2 v0.7.12
      │       ├── zbus v5.19.0 (*)
      │       └── zvariant v5.15.0
      │           ├── zbus v5.19.0 (*)
      │           ├── zbus_macros v5.19.0
      │           │   └── zbus v5.19.0 (*)
      │           └── zbus_names v4.3.4
      │               ├── zbus v5.19.0 (*)
      │               └── zbus_macros v5.19.0 (*)
      ├── glib-macros v0.18.5
      │   └── glib v0.18.5
      │       ├── atk v0.18.2
      │       │   └── gtk v0.18.2
      │       │       ├── muda v0.19.3
      │       │       │   └── tauri v2.11.5 (*)
      │       │       ├── tao v0.35.3 (*)
      │       │       ├── tauri v2.11.5 (*)
      │       │       ├── tauri-runtime v2.11.3 (*)
      │       │       ├── tauri-runtime-wry v2.11.4 (*)
      │       │       ├── webkit2gtk v2.0.2
      │       │       │   ├── tauri v2.11.5 (*)
      │       │       │   ├── tauri-runtime v2.11.3 (*)
      │       │       │   ├── tauri-runtime-wry v2.11.4 (*)
      │       │       │   └── wry v0.55.1
      │       │       │       └── tauri-runtime-wry v2.11.4 (*)
      │       │       └── wry v0.55.1 (*)
      │       ├── cairo-rs v0.18.5
      │       │   ├── gdk v0.18.2
      │       │   │   ├── gdkx11 v0.18.2
      │       │   │   │   └── wry v0.55.1 (*)
      │       │   │   ├── gtk v0.18.2 (*)
      │       │   │   └── webkit2gtk v2.0.2 (*)
      │       │   ├── gtk v0.18.2 (*)
      │       │   └── webkit2gtk v2.0.2 (*)
      │       ├── gdk v0.18.2 (*)
      │       ├── gdk-pixbuf v0.18.5
      │       │   ├── gdk v0.18.2 (*)
      │       │   └── gtk v0.18.2 (*)
      │       ├── gdkx11 v0.18.2 (*)
      │       ├── gio v0.18.4
      │       │   ├── gdk v0.18.2 (*)
      │       │   ├── gdk-pixbuf v0.18.5 (*)
      │       │   ├── gdkx11 v0.18.2 (*)
      │       │   ├── gtk v0.18.2 (*)
      │       │   ├── pango v0.18.3
      │       │   │   ├── gdk v0.18.2 (*)
      │       │   │   └── gtk v0.18.2 (*)
      │       │   ├── soup3 v0.5.0
      │       │   │   ├── webkit2gtk v2.0.2 (*)
      │       │   │   └── wry v0.55.1 (*)
      │       │   └── webkit2gtk v2.0.2 (*)
      │       ├── gtk v0.18.2 (*)
      │       ├── javascriptcore-rs v1.1.2
      │       │   ├── webkit2gtk v2.0.2 (*)
      │       │   └── wry v0.55.1 (*)
      │       ├── pango v0.18.3 (*)
      │       ├── soup3 v0.5.0 (*)
      │       └── webkit2gtk v2.0.2 (*)
      ├── gtk3-macros v0.18.2
      │   └── gtk v0.18.2 (*)
      ├── phf_macros v0.13.1
      │   └── phf v0.13.1
      │       ├── cssparser v0.36.0 (*)
      │       ├── selectors v0.36.1 (*)
      │       ├── tauri-utils v2.9.3 (*)
      │       └── web_atoms v0.2.6
      │           └── markup5ever v0.38.0
      │               └── html5ever v0.38.0
      │                   └── dom_query v0.27.0 (*)
      ├── rust-embed-impl v8.12.0
      │   └── rust-embed v8.12.0
      │       └── utoipa-swagger-ui v9.0.2
      │           └── kontor-api v0.2.1
      │               ├── (dev) kontor-cli v0.2.1 (*)
      │               ├── kontor-daemon v0.2.1 (*)
      │               ├── (dev) kontor-tests-contract v0.2.1 (*)
      │               └── (dev) kontor-tests-e2e v0.2.1 (*)
      ├── schemars_derive v0.8.22
      │   └── schemars v0.8.22
      │       ├── tauri-build v2.6.3 (*)
      │       ├── tauri-plugin v2.6.3 (*)
      │       └── tauri-utils v2.9.3 (*)
      ├── serde_derive_internals v0.29.1
      │   └── schemars_derive v0.8.22 (*)
      ├── serialize-to-javascript-impl v0.1.2
      │   └── serialize-to-javascript v0.1.2
      │       └── tauri v2.11.5 (*)
      ├── tauri-codegen v2.6.3 (*)
      ├── tauri-macros v2.6.3 (*)
      ├── thiserror-impl v1.0.69
      │   └── thiserror v1.0.69
      │       ├── cairo-rs v0.18.5 (*)
      │       ├── gio v0.18.4 (*)
      │       ├── glib v0.18.5 (*)
      │       ├── iota_stronghold v2.1.0 (*)
      │       ├── json-patch v3.0.1
      │       │   ├── tauri-build v2.6.3 (*)
      │       │   ├── tauri-codegen v2.6.3 (*)
      │       │   └── tauri-utils v2.9.3 (*)
      │       ├── stronghold-runtime v2.0.1 (*)
      │       └── stronghold_engine v2.0.1 (*)
      ├── tracing-attributes v0.1.31
      │   └── tracing v0.1.44
      │       ├── axum v0.8.9
      │       │   ├── kontor-api v0.2.1 (*)
      │       │   ├── (dev) kontor-cli v0.2.1 (*)
      │       │   ├── kontor-daemon v0.2.1 (*)
      │       │   └── (dev) kontor-tests-e2e v0.2.1 (*)
      │       ├── axum-core v0.5.6
      │       │   └── axum v0.8.9 (*)
      │       ├── h2 v0.4.19
      │       │   └── hyper v1.11.1
      │       │       ├── axum v0.8.9 (*)
      │       │       ├── hyper-rustls v0.27.9
      │       │       │   └── reqwest v0.13.4
      │       │       │       ├── kontor-calendar v0.2.1
      │       │       │       │   └── kontor-store v0.2.1
      │       │       │       │       ├── (dev) kontor-accounts v0.2.1 (*)
      │       │       │       │       ├── kontor-api v0.2.1 (*)
      │       │       │       │       ├── (dev) kontor-cli v0.2.1 (*)
      │       │       │       │       ├── (dev) kontor-daemon v0.2.1 (*)
      │       │       │       │       ├── (dev) kontor-tests-contract v0.2.1 (*)
      │       │       │       │       └── (dev) kontor-tests-e2e v0.2.1 (*)
      │       │       │       ├── (dev) kontor-cli v0.2.1 (*)
      │       │       │       ├── kontor-daemon v0.2.1 (*)
      │       │       │       ├── kontor-jira v0.2.1 (*)
      │       │       │       ├── kontor-mcp v0.2.1
      │       │       │       │   ├── kontor-cli v0.2.1 (*)
      │       │       │       │   ├── (dev) kontor-daemon v0.2.1 (*)
      │       │       │       │   ├── (dev) kontor-tests-contract v0.2.1 (*)
      │       │       │       │   └── (dev) kontor-tests-e2e v0.2.1 (*)
      │       │       │       ├── kontor-runtime-ao v0.2.1 (*)
      │       │       │       ├── kontor-runtime-codex v0.2.1 (*)
      │       │       │       └── kontor-runtime-paseo v0.2.1 (*)
      │       │       ├── hyper-util v0.1.20
      │       │       │   ├── axum v0.8.9 (*)
      │       │       │   ├── hyper-rustls v0.27.9 (*)
      │       │       │   ├── reqwest v0.13.4 (*)
      │       │       │   └── wiremock v0.6.5
      │       │       │       ├── (dev) kontor-daemon v0.2.1 (*)
      │       │       │       ├── (dev) kontor-jira v0.2.1 (*)
      │       │       │       ├── (dev) kontor-runtime-codex v0.2.1 (*)
      │       │       │       └── (dev) kontor-tests-contract v0.2.1 (*)
      │       │       ├── reqwest v0.13.4 (*)
      │       │       └── wiremock v0.6.5 (*)
      │       ├── hyper-util v0.1.20 (*)
      │       ├── kontor-api v0.2.1 (*)
      │       ├── kontor-daemon v0.2.1 (*)
      │       ├── kontor-runtime-paseo v0.2.1 (*)
      │       ├── rmcp v3.1.2
      │       │   └── kontor-mcp v0.2.1 (*)
      │       ├── softbuffer v0.4.8
      │       │   └── tauri-runtime-wry v2.11.4 (*)
      │       ├── tower v0.5.3
      │       │   ├── axum v0.8.9 (*)
      │       │   ├── kontor-api v0.2.1 (*)
      │       │   ├── (dev) kontor-daemon v0.2.1 (*)
      │       │   ├── (dev) kontor-tests-e2e v0.2.1 (*)
      │       │   ├── reqwest v0.13.4 (*)
      │       │   └── tower-http v0.6.11
      │       │       └── reqwest v0.13.4 (*)
      │       ├── tower-http v0.7.0
      │       │   └── kontor-api v0.2.1 (*)
      │       ├── tracing-subscriber v0.3.23
      │       │   └── kontor-daemon v0.2.1 (*)
      │       └── zbus v5.19.0 (*)
      ├── utoipa-gen v5.5.0
      │   └── utoipa v5.5.0
      │       ├── kontor-api v0.2.1 (*)
      │       └── utoipa-swagger-ui v9.0.2 (*)
      ├── webview2-com-macros v0.8.1
      │   └── webview2-com v0.38.2
      │       ├── tauri v2.11.5 (*)
      │       ├── tauri-runtime v2.11.3 (*)
      │       ├── tauri-runtime-wry v2.11.4 (*)
      │       └── wry v0.55.1 (*)
      ├── windows-implement v0.60.2
      │   ├── webview2-com v0.38.2 (*)
      │   ├── windows-core v0.61.2
      │   │   ├── tao v0.35.3 (*)
      │   │   ├── webview2-com v0.38.2 (*)
      │   │   ├── webview2-com-sys v0.38.2
      │   │   │   └── webview2-com v0.38.2 (*)
      │   │   ├── windows v0.61.3
      │   │   │   ├── tao v0.35.3 (*)
      │   │   │   ├── tauri v2.11.5 (*)
      │   │   │   ├── tauri-runtime v2.11.3 (*)
      │   │   │   ├── tauri-runtime-wry v2.11.4 (*)
      │   │   │   ├── webview2-com v0.38.2 (*)
      │   │   │   ├── webview2-com-sys v0.38.2 (*)
      │   │   │   └── wry v0.55.1 (*)
      │   │   ├── windows-collections v0.2.0
      │   │   │   └── windows v0.61.3 (*)
      │   │   ├── windows-future v0.2.1
      │   │   │   └── windows v0.61.3 (*)
      │   │   ├── windows-numerics v0.2.0
      │   │   │   └── windows v0.61.3 (*)
      │   │   └── wry v0.55.1 (*)
      │   └── windows-core v0.62.2
      │       └── iana-time-zone v0.1.65
      │           └── chrono v0.4.45
      │               ├── icalendar v0.17.13
      │               │   └── kontor-calendar v0.2.1 (*)
      │               ├── rmcp v3.1.2 (*)
      │               └── schemars v1.2.2
      │                   └── rmcp v3.1.2 (*)
      ├── windows-interface v0.59.3
      │   ├── webview2-com v0.38.2 (*)
      │   ├── windows-core v0.61.2 (*)
      │   └── windows-core v0.62.2 (*)
      └── zeroize_derive v1.5.0
          └── zeroize v1.9.0
              ├── aws-lc-rs v1.18.1
              │   ├── kontor-daemon v0.2.1 (*)
              │   ├── rustls v0.23.45
              │   │   ├── hyper-rustls v0.27.9 (*)
              │   │   ├── reqwest v0.13.4 (*)
              │   │   ├── rustls-platform-verifier v0.7.0
              │   │   │   └── reqwest v0.13.4 (*)
              │   │   └── tokio-rustls v0.26.5
              │   │       ├── hyper-rustls v0.27.9 (*)
              │   │       └── reqwest v0.13.4 (*)
              │   └── rustls-webpki v0.103.15
              │       ├── rustls v0.23.45 (*)
              │       └── rustls-platform-verifier v0.7.0 (*)
              ├── chacha20poly1305 v0.10.1
              │   └── iota-crypto v0.23.2 (*)
              ├── cipher v0.4.4
              │   ├── aes v0.8.4
              │   │   ├── aes-gcm v0.10.3
              │   │   │   └── iota-crypto v0.23.2 (*)
              │   │   └── iota-crypto v0.23.2 (*)
              │   ├── aes-gcm v0.10.3 (*)
              │   ├── chacha20 v0.9.1
              │   │   └── chacha20poly1305 v0.10.1 (*)
              │   ├── chacha20poly1305 v0.10.1 (*)
              │   ├── ctr v0.9.2
              │   │   └── aes-gcm v0.10.3 (*)
              │   ├── iota-crypto v0.23.2 (*)
              │   └── salsa20 v0.10.2
              │       └── scrypt v0.11.0
              │           └── iota-crypto v0.23.2 (*)
              ├── crypto-bigint v0.5.5
              │   └── elliptic-curve v0.13.8
              │       ├── ecdsa v0.16.9
              │       │   └── k256 v0.13.4
              │       │       └── iota-crypto v0.23.2 (*)
              │       └── k256 v0.13.4 (*)
              ├── curve25519-dalek v4.1.3 (*)
              ├── der v0.7.10
              │   ├── ecdsa v0.16.9 (*)
              │   ├── sec1 v0.7.3
              │   │   └── elliptic-curve v0.13.8 (*)
              │   └── spki v0.7.3
              │       └── ecdsa v0.16.9 (*)
              ├── ed25519-zebra v4.2.0 (*)
              ├── elliptic-curve v0.13.8 (*)
              ├── generic-array v0.14.7
              │   ├── aead v0.5.2
              │   │   ├── aes-gcm v0.10.3 (*)
              │   │   ├── chacha20poly1305 v0.10.1 (*)
              │   │   └── iota-crypto v0.23.2 (*)
              │   ├── block-buffer v0.10.4
              │   │   └── digest v0.10.7
              │   │       ├── blake2 v0.10.6
              │   │       │   └── iota-crypto v0.23.2 (*)
              │   │       ├── curve25519-dalek v4.1.3 (*)
              │   │       ├── ecdsa v0.16.9 (*)
              │   │       ├── elliptic-curve v0.13.8 (*)
              │   │       ├── hmac v0.12.1
              │   │       │   ├── hkdf v0.12.4
              │   │       │   │   ├── iota-crypto v0.23.2 (*)
              │   │       │   │   └── iota_stronghold v2.1.0 (*)
              │   │       │   ├── iota-crypto v0.23.2 (*)
              │   │       │   ├── pbkdf2 v0.12.2
              │   │       │   │   ├── iota-crypto v0.23.2 (*)
              │   │       │   │   └── scrypt v0.11.0 (*)
              │   │       │   └── rfc6979 v0.4.0
              │   │       │       └── ecdsa v0.16.9 (*)
              │   │       ├── iota-crypto v0.23.2 (*)
              │   │       ├── pbkdf2 v0.12.2 (*)
              │   │       ├── sha2 v0.10.9
              │   │       │   ├── ed25519-zebra v4.2.0 (*)
              │   │       │   ├── iota-crypto v0.23.2 (*)
              │   │       │   ├── k256 v0.13.4 (*)
              │   │       │   ├── scrypt v0.11.0 (*)
              │   │       │   └── tauri-codegen v2.6.3 (*)
              │   │       └── signature v2.2.0
              │   │           ├── ecdsa v0.16.9 (*)
              │   │           └── ed25519 v2.2.3
              │   │               └── ed25519-zebra v4.2.0 (*)
              │   ├── block-padding v0.3.3
              │   │   └── inout v0.1.4
              │   │       └── cipher v0.4.4 (*)
              │   ├── crypto-bigint v0.5.5 (*)
              │   ├── crypto-common v0.1.7
              │   │   ├── aead v0.5.2 (*)
              │   │   ├── cipher v0.4.4 (*)
              │   │   ├── digest v0.10.7 (*)
              │   │   └── universal-hash v0.5.1
              │   │       ├── poly1305 v0.8.0
              │   │       │   └── chacha20poly1305 v0.10.1 (*)
              │   │       └── polyval v0.6.2
              │   │           └── ghash v0.5.1
              │   │               └── aes-gcm v0.10.3 (*)
              │   ├── elliptic-curve v0.13.8 (*)
              │   ├── inout v0.1.4 (*)
              │   ├── iota-crypto v0.23.2 (*)
              │   └── sec1 v0.7.3 (*)
              ├── iota-crypto v0.23.2 (*)
              ├── iota_stronghold v2.1.0 (*)
              ├── kontor-accounts v0.2.1 (*)
              ├── kontor-jira v0.2.1 (*)
              ├── rustls v0.23.45 (*)
              ├── rustls-pki-types v1.15.1
              │   ├── reqwest v0.13.4 (*)
              │   ├── rustls v0.23.45 (*)
              │   ├── rustls-native-certs v0.8.4
              │   │   └── rustls-platform-verifier v0.7.0 (*)
              │   └── rustls-webpki v0.103.15 (*)
              ├── sec1 v0.7.3 (*)
              ├── secrecy v0.10.3
              │   ├── kontor-accounts v0.2.1 (*)
              │   ├── kontor-api v0.2.1 (*)
              │   ├── kontor-daemon v0.2.1 (*)
              │   ├── kontor-jira v0.2.1 (*)
              │   ├── kontor-mcp v0.2.1 (*)
              │   ├── (dev) kontor-runtime-codex v0.2.1 (*)
              │   └── kontor-runtime-paseo v0.2.1 (*)
              ├── stronghold-runtime v2.0.1 (*)
              ├── stronghold_engine v2.0.1 (*)
              ├── tauri-plugin-stronghold v2.3.1 (*)
              ├── windows-native-keyring-store v1.1.0
              │   └── keyring v4.1.6 (*)
              └── x25519-dalek v2.0.1 (*)
    ├ syn v3.0.6
      ├── async-trait v0.1.92
      │   ├── kontor-api v0.2.1
      │   │   ├── (dev) kontor-cli v0.2.1
      │   │   ├── kontor-daemon v0.2.1
      │   │   │   ├── (dev) kontor-cli v0.2.1 (*)
      │   │   │   ├── (dev) kontor-tests-contract v0.2.1
      │   │   │   │   ├── (dev) kontor-runtime-ao v0.2.1
      │   │   │   │   ├── (dev) kontor-runtime-codex v0.2.1
      │   │   │   │   ├── (dev) kontor-runtime-paseo v0.2.1
      │   │   │   │   │   └── kontor-daemon v0.2.1 (*)
      │   │   │   │   └── (dev) kontor-tests-e2e v0.2.1
      │   │   │   └── (dev) kontor-tests-e2e v0.2.1 (*)
      │   │   ├── (dev) kontor-tests-contract v0.2.1 (*)
      │   │   └── (dev) kontor-tests-e2e v0.2.1 (*)
      │   ├── kontor-daemon v0.2.1 (*)
      │   ├── kontor-jira v0.2.1
      │   │   ├── kontor-daemon v0.2.1 (*)
      │   │   └── (dev) kontor-tests-e2e v0.2.1 (*)
      │   ├── kontor-mcp v0.2.1
      │   │   ├── kontor-cli v0.2.1 (*)
      │   │   ├── (dev) kontor-daemon v0.2.1 (*)
      │   │   ├── (dev) kontor-tests-contract v0.2.1 (*)
      │   │   └── (dev) kontor-tests-e2e v0.2.1 (*)
      │   ├── kontor-runtime v0.2.1
      │   │   ├── kontor-accounts v0.2.1
      │   │   │   ├── kontor-daemon v0.2.1 (*)
      │   │   │   ├── kontor-jira v0.2.1 (*)
      │   │   │   ├── kontor-runtime-codex v0.2.1 (*)
      │   │   │   └── (dev) kontor-tests-e2e v0.2.1 (*)
      │   │   ├── kontor-api v0.2.1 (*)
      │   │   ├── (dev) kontor-daemon v0.2.1 (*)
      │   │   ├── kontor-runtime-ao v0.2.1 (*)
      │   │   ├── kontor-runtime-codex v0.2.1 (*)
      │   │   ├── kontor-runtime-paseo v0.2.1 (*)
      │   │   ├── kontor-scheduler v0.2.1
      │   │   │   ├── kontor-accounts v0.2.1 (*)
      │   │   │   ├── kontor-api v0.2.1 (*)
      │   │   │   ├── kontor-calendar v0.2.1
      │   │   │   │   └── kontor-store v0.2.1
      │   │   │   │       ├── (dev) kontor-accounts v0.2.1 (*)
      │   │   │   │       ├── kontor-api v0.2.1 (*)
      │   │   │   │       ├── (dev) kontor-cli v0.2.1 (*)
      │   │   │   │       ├── (dev) kontor-daemon v0.2.1 (*)
      │   │   │   │       ├── (dev) kontor-tests-contract v0.2.1 (*)
      │   │   │   │       └── (dev) kontor-tests-e2e v0.2.1 (*)
      │   │   │   ├── kontor-daemon v0.2.1 (*)
      │   │   │   ├── kontor-store v0.2.1 (*)
      │   │   │   ├── (dev) kontor-tests-contract v0.2.1 (*)
      │   │   │   └── (dev) kontor-tests-e2e v0.2.1 (*)
      │   │   ├── (dev) kontor-store v0.2.1 (*)
      │   │   ├── kontor-teams v0.2.1
      │   │   │   ├── kontor-daemon v0.2.1 (*)
      │   │   │   ├── kontor-profiles v0.2.1
      │   │   │   │   ├── kontor-daemon v0.2.1 (*)
      │   │   │   │   ├── (dev) kontor-store v0.2.1 (*)
      │   │   │   │   ├── (dev) kontor-tests-contract v0.2.1 (*)
      │   │   │   │   └── (dev) kontor-tests-e2e v0.2.1 (*)
      │   │   │   ├── kontor-store v0.2.1 (*)
      │   │   │   ├── (dev) kontor-tests-contract v0.2.1 (*)
      │   │   │   └── (dev) kontor-tests-e2e v0.2.1 (*)
      │   │   ├── kontor-tests-contract v0.2.1 (*)
      │   │   └── (dev) kontor-tests-e2e v0.2.1 (*)
      │   ├── kontor-runtime-ao v0.2.1 (*)
      │   ├── kontor-runtime-codex v0.2.1 (*)
      │   ├── kontor-runtime-paseo v0.2.1 (*)
      │   ├── kontor-teams v0.2.1 (*)
      │   ├── (dev) kontor-tests-e2e v0.2.1 (*)
      │   └── zbus v5.19.0
      │       ├── secret-service v5.2.0
      │       │   └── zbus-secret-service-keyring-store v1.0.1
      │       │       └── keyring v4.1.6
      │       │           └── kontor-accounts v0.2.1 (*)
      │       └── zbus-secret-service-keyring-store v1.0.1 (*)
      ├── clap_derive v4.6.4
      │   └── clap v4.6.6
      │       ├── kontor-cli v0.2.1 (*)
      │       ├── kontor-daemon v0.2.1 (*)
      │       └── kontor-mcp v0.2.1 (*)
      ├── darling_core v0.24.1
      │   ├── darling v0.24.1
      │   │   ├── rmcp-macros v3.4.0
      │   │   │   └── rmcp v3.1.2
      │   │   │       └── kontor-mcp v0.2.1 (*)
      │   │   └── serde_with_macros v3.23.0
      │   │       └── serde_with v3.23.0
      │   │           └── tauri-utils v2.9.3
      │   │               ├── tauri v2.11.5
      │   │               │   ├── kontor-desktop v0.2.1
      │   │               │   └── tauri-plugin-stronghold v2.3.1
      │   │               │       └── kontor-desktop v0.2.1 (*)
      │   │               ├── tauri-build v2.6.3
      │   │               │   ├── (build) kontor-desktop v0.2.1 (*)
      │   │               │   └── (build) tauri v2.11.5 (*)
      │   │               ├── tauri-codegen v2.6.3
      │   │               │   └── tauri-macros v2.6.3
      │   │               │       └── tauri v2.11.5 (*)
      │   │               ├── tauri-macros v2.6.3 (*)
      │   │               ├── tauri-plugin v2.6.3
      │   │               │   └── (build) tauri-plugin-stronghold v2.3.1 (*)
      │   │               ├── tauri-runtime v2.11.3
      │   │               │   ├── tauri v2.11.5 (*)
      │   │               │   └── tauri-runtime-wry v2.11.4
      │   │               │       └── tauri v2.11.5 (*)
      │   │               └── tauri-runtime-wry v2.11.4 (*)
      │   └── darling_macro v0.24.1
      │       └── darling v0.24.1 (*)
      ├── darling_macro v0.24.1 (*)
      ├── displaydoc v0.2.7
      │   ├── icu_collections v2.3.0
      │   │   ├── icu_normalizer v2.3.0
      │   │   │   └── idna_adapter v1.2.2
      │   │   │       └── idna v1.1.0
      │   │   │           └── url v2.5.8
      │   │   │               ├── kontor-api v0.2.1 (*)
      │   │   │               ├── kontor-jira v0.2.1 (*)
      │   │   │               ├── kontor-mcp v0.2.1 (*)
      │   │   │               ├── kontor-runtime-ao v0.2.1 (*)
      │   │   │               ├── reqwest v0.13.4
      │   │   │               │   ├── kontor-calendar v0.2.1 (*)
      │   │   │               │   ├── (dev) kontor-cli v0.2.1 (*)
      │   │   │               │   ├── kontor-daemon v0.2.1 (*)
      │   │   │               │   ├── kontor-jira v0.2.1 (*)
      │   │   │               │   ├── kontor-mcp v0.2.1 (*)
      │   │   │               │   ├── kontor-runtime-ao v0.2.1 (*)
      │   │   │               │   ├── kontor-runtime-codex v0.2.1 (*)
      │   │   │               │   └── kontor-runtime-paseo v0.2.1 (*)
      │   │   │               ├── schemars v0.8.22
      │   │   │               │   ├── tauri-build v2.6.3 (*)
      │   │   │               │   ├── tauri-plugin v2.6.3 (*)
      │   │   │               │   └── tauri-utils v2.9.3 (*)
      │   │   │               ├── tao v0.35.3
      │   │   │               │   └── tauri-runtime-wry v2.11.4 (*)
      │   │   │               ├── tauri v2.11.5 (*)
      │   │   │               ├── tauri-codegen v2.6.3 (*)
      │   │   │               ├── tauri-runtime v2.11.3 (*)
      │   │   │               ├── tauri-runtime-wry v2.11.4 (*)
      │   │   │               ├── tauri-utils v2.9.3 (*)
      │   │   │               ├── tower-http v0.6.11
      │   │   │               │   └── reqwest v0.13.4 (*)
      │   │   │               ├── urlpattern v0.3.0
      │   │   │               │   └── tauri-utils v2.9.3 (*)
      │   │   │               ├── (build) utoipa-swagger-ui v9.0.2
      │   │   │               │   └── kontor-api v0.2.1 (*)
      │   │   │               ├── wiremock v0.6.5
      │   │   │               │   ├── (dev) kontor-daemon v0.2.1 (*)
      │   │   │               │   ├── (dev) kontor-jira v0.2.1 (*)
      │   │   │               │   ├── (dev) kontor-runtime-codex v0.2.1 (*)
      │   │   │               │   └── (dev) kontor-tests-contract v0.2.1 (*)
      │   │   │               └── wry v0.55.1
      │   │   │                   └── tauri-runtime-wry v2.11.4 (*)
      │   │   └── icu_properties v2.3.0
      │   │       └── idna_adapter v1.2.2 (*)
      │   ├── icu_locale_core v2.3.0
      │   │   ├── icu_properties v2.3.0 (*)
      │   │   └── icu_provider v2.3.1
      │   │       ├── icu_normalizer v2.3.0 (*)
      │   │       └── icu_properties v2.3.0 (*)
      │   ├── icu_properties v2.3.0 (*)
      │   ├── icu_provider v2.3.1 (*)
      │   ├── tinystr v0.8.4
      │   │   └── icu_locale_core v2.3.0 (*)
      │   └── zerotrie v0.2.5
      │       ├── icu_properties v2.3.0 (*)
      │       └── icu_provider v2.3.1 (*)
      ├── foreign-types-macros v0.2.4
      │   └── foreign-types v0.5.0
      │       └── core-graphics v0.25.0
      │           └── tao v0.35.3 (*)
      ├── futures-macro v0.3.34
      │   └── futures-util v0.3.34
      │       ├── axum v0.8.9
      │       │   ├── kontor-api v0.2.1 (*)
      │       │   ├── (dev) kontor-cli v0.2.1 (*)
      │       │   ├── kontor-daemon v0.2.1 (*)
      │       │   └── (dev) kontor-tests-e2e v0.2.1 (*)
      │       ├── futures v0.3.33
      │       │   ├── kontor-api v0.2.1 (*)
      │       │   ├── kontor-daemon v0.2.1 (*)
      │       │   ├── kontor-jira v0.2.1 (*)
      │       │   ├── kontor-mcp v0.2.1 (*)
      │       │   ├── kontor-runtime-paseo v0.2.1 (*)
      │       │   ├── (dev) kontor-tests-e2e v0.2.1 (*)
      │       │   ├── rmcp v3.1.2 (*)
      │       │   └── wiremock v0.6.5 (*)
      │       ├── futures-executor v0.3.34
      │       │   ├── futures v0.3.33 (*)
      │       │   └── glib v0.18.5
      │       │       ├── atk v0.18.2
      │       │       │   └── gtk v0.18.2
      │       │       │       ├── muda v0.19.3
      │       │       │       │   └── tauri v2.11.5 (*)
      │       │       │       ├── tao v0.35.3 (*)
      │       │       │       ├── tauri v2.11.5 (*)
      │       │       │       ├── tauri-runtime v2.11.3 (*)
      │       │       │       ├── tauri-runtime-wry v2.11.4 (*)
      │       │       │       ├── webkit2gtk v2.0.2
      │       │       │       │   ├── tauri v2.11.5 (*)
      │       │       │       │   ├── tauri-runtime v2.11.3 (*)
      │       │       │       │   ├── tauri-runtime-wry v2.11.4 (*)
      │       │       │       │   └── wry v0.55.1 (*)
      │       │       │       └── wry v0.55.1 (*)
      │       │       ├── cairo-rs v0.18.5
      │       │       │   ├── gdk v0.18.2
      │       │       │   │   ├── gdkx11 v0.18.2
      │       │       │   │   │   └── wry v0.55.1 (*)
      │       │       │   │   ├── gtk v0.18.2 (*)
      │       │       │   │   └── webkit2gtk v2.0.2 (*)
      │       │       │   ├── gtk v0.18.2 (*)
      │       │       │   └── webkit2gtk v2.0.2 (*)
      │       │       ├── gdk v0.18.2 (*)
      │       │       ├── gdk-pixbuf v0.18.5
      │       │       │   ├── gdk v0.18.2 (*)
      │       │       │   └── gtk v0.18.2 (*)
      │       │       ├── gdkx11 v0.18.2 (*)
      │       │       ├── gio v0.18.4
      │       │       │   ├── gdk v0.18.2 (*)
      │       │       │   ├── gdk-pixbuf v0.18.5 (*)
      │       │       │   ├── gdkx11 v0.18.2 (*)
      │       │       │   ├── gtk v0.18.2 (*)
      │       │       │   ├── pango v0.18.3
      │       │       │   │   ├── gdk v0.18.2 (*)
      │       │       │   │   └── gtk v0.18.2 (*)
      │       │       │   ├── soup3 v0.5.0
      │       │       │   │   ├── webkit2gtk v2.0.2 (*)
      │       │       │   │   └── wry v0.55.1 (*)
      │       │       │   └── webkit2gtk v2.0.2 (*)
      │       │       ├── gtk v0.18.2 (*)
      │       │       ├── javascriptcore-rs v1.1.2
      │       │       │   ├── webkit2gtk v2.0.2 (*)
      │       │       │   └── wry v0.55.1 (*)
      │       │       ├── pango v0.18.3 (*)
      │       │       ├── soup3 v0.5.0 (*)
      │       │       └── webkit2gtk v2.0.2 (*)
      │       ├── gio v0.18.4 (*)
      │       ├── glib v0.18.5 (*)
      │       ├── hyper-util v0.1.20
      │       │   ├── axum v0.8.9 (*)
      │       │   ├── hyper-rustls v0.27.9
      │       │   │   └── reqwest v0.13.4 (*)
      │       │   ├── reqwest v0.13.4 (*)
      │       │   └── wiremock v0.6.5 (*)
      │       ├── reqwest v0.13.4 (*)
      │       ├── secret-service v5.2.0 (*)
      │       ├── tokio-tungstenite v0.30.0
      │       │   └── kontor-runtime-paseo v0.2.1 (*)
      │       ├── tower v0.5.3
      │       │   ├── axum v0.8.9 (*)
      │       │   ├── kontor-api v0.2.1 (*)
      │       │   ├── (dev) kontor-daemon v0.2.1 (*)
      │       │   ├── (dev) kontor-tests-e2e v0.2.1 (*)
      │       │   ├── reqwest v0.13.4 (*)
      │       │   └── tower-http v0.6.11 (*)
      │       └── tower-http v0.6.11 (*)
      ├── ref-cast-impl v1.0.27
      │   └── ref-cast v1.0.27
      │       └── schemars v1.2.2
      │           └── rmcp v3.1.2 (*)
      ├── rmcp-macros v3.4.0 (*)
      ├── schemars_derive v1.2.2
      │   └── schemars v1.2.2 (*)
      ├── serde_derive v1.0.229
      │   ├── serde v1.0.229
      │   │   ├── assert-json-diff v2.0.2
      │   │   │   └── wiremock v0.6.5 (*)
      │   │   ├── bincode v1.3.3
      │   │   │   └── iota_stronghold v2.1.0
      │   │   │       └── tauri-plugin-stronghold v2.3.1 (*)
      │   │   ├── cargo-platform v0.1.9
      │   │   │   └── cargo_metadata v0.19.2
      │   │   │       └── tauri-utils v2.9.3 (*)
      │   │   ├── cargo_metadata v0.19.2 (*)
      │   │   ├── cargo_toml v0.22.3
      │   │   │   └── tauri-build v2.6.3 (*)
      │   │   ├── chrono v0.4.45
      │   │   │   ├── icalendar v0.17.13
      │   │   │   │   └── kontor-calendar v0.2.1 (*)
      │   │   │   ├── rmcp v3.1.2 (*)
      │   │   │   └── schemars v1.2.2 (*)
      │   │   ├── dpi v0.1.2
      │   │   │   ├── muda v0.19.3 (*)
      │   │   │   ├── tao v0.35.3 (*)
      │   │   │   ├── tauri-runtime v2.11.3 (*)
      │   │   │   └── wry v0.55.1 (*)
      │   │   ├── enumflags2 v0.7.12
      │   │   │   ├── zbus v5.19.0 (*)
      │   │   │   └── zvariant v5.15.0
      │   │   │       ├── zbus v5.19.0 (*)
      │   │   │       ├── zbus_macros v5.19.0
      │   │   │       │   └── zbus v5.19.0 (*)
      │   │   │       └── zbus_names v4.3.4
      │   │   │           ├── zbus v5.19.0 (*)
      │   │   │           └── zbus_macros v5.19.0 (*)
      │   │   ├── indexmap v1.9.3
      │   │   │   └── schemars v0.8.22 (*)
      │   │   ├── iota_stronghold v2.1.0 (*)
      │   │   ├── json-patch v3.0.1
      │   │   │   ├── tauri-build v2.6.3 (*)
      │   │   │   ├── tauri-codegen v2.6.3 (*)
      │   │   │   └── tauri-utils v2.9.3 (*)
      │   │   ├── jsonptr v0.6.3
      │   │   │   └── json-patch v3.0.1 (*)
      │   │   ├── keyboard-types v0.7.0
      │   │   │   └── muda v0.19.3 (*)
      │   │   ├── kontor-accounts v0.2.1 (*)
      │   │   ├── kontor-api v0.2.1 (*)
      │   │   ├── kontor-calendar v0.2.1 (*)
      │   │   ├── kontor-context v0.2.1
      │   │   │   ├── kontor-daemon v0.2.1 (*)
      │   │   │   ├── kontor-teams v0.2.1 (*)
      │   │   │   └── (dev) kontor-tests-e2e v0.2.1 (*)
      │   │   ├── kontor-core v0.2.1
      │   │   │   ├── kontor-accounts v0.2.1 (*)
      │   │   │   ├── kontor-api v0.2.1 (*)
      │   │   │   ├── kontor-calendar v0.2.1 (*)
      │   │   │   ├── (dev) kontor-cli v0.2.1 (*)
      │   │   │   ├── (dev) kontor-context v0.2.1 (*)
      │   │   │   ├── kontor-daemon v0.2.1 (*)
      │   │   │   ├── kontor-intake v0.2.1
      │   │   │   │   └── (dev) kontor-tests-e2e v0.2.1 (*)
      │   │   │   ├── kontor-jira v0.2.1 (*)
      │   │   │   ├── kontor-mcp v0.2.1 (*)
      │   │   │   ├── kontor-policy v0.2.1
      │   │   │   │   ├── kontor-daemon v0.2.1 (*)
      │   │   │   │   ├── kontor-scheduler v0.2.1 (*)
      │   │   │   │   ├── (dev) kontor-store v0.2.1 (*)
      │   │   │   │   ├── (dev) kontor-tests-contract v0.2.1 (*)
      │   │   │   │   └── (dev) kontor-tests-e2e v0.2.1 (*)
      │   │   │   ├── kontor-profiles v0.2.1 (*)
      │   │   │   ├── kontor-runtime v0.2.1 (*)
      │   │   │   ├── kontor-runtime-ao v0.2.1 (*)
      │   │   │   ├── kontor-runtime-codex v0.2.1 (*)
      │   │   │   ├── kontor-runtime-paseo v0.2.1 (*)
      │   │   │   ├── kontor-scheduler v0.2.1 (*)
      │   │   │   ├── kontor-store v0.2.1 (*)
      │   │   │   ├── kontor-teams v0.2.1 (*)
      │   │   │   ├── kontor-tests-contract v0.2.1 (*)
      │   │   │   └── kontor-tests-e2e v0.2.1 (*)
      │   │   ├── kontor-daemon v0.2.1 (*)
      │   │   ├── kontor-desktop v0.2.1 (*)
      │   │   ├── kontor-intake v0.2.1 (*)
      │   │   ├── kontor-jira v0.2.1 (*)
      │   │   ├── kontor-mcp v0.2.1 (*)
      │   │   ├── kontor-policy v0.2.1 (*)
      │   │   ├── kontor-profiles v0.2.1 (*)
      │   │   ├── kontor-runtime v0.2.1 (*)
      │   │   ├── kontor-runtime-ao v0.2.1 (*)
      │   │   ├── kontor-runtime-codex v0.2.1 (*)
      │   │   ├── kontor-runtime-paseo v0.2.1 (*)
      │   │   ├── kontor-scheduler v0.2.1 (*)
      │   │   ├── kontor-store v0.2.1 (*)
      │   │   ├── kontor-teams v0.2.1 (*)
      │   │   ├── kontor-tests-e2e v0.2.1 (*)
      │   │   ├── muda v0.19.3 (*)
      │   │   ├── plist v1.10.1
      │   │   │   ├── tauri v2.11.5 (*)
      │   │   │   ├── tauri-codegen v2.6.3 (*)
      │   │   │   ├── tauri-plugin v2.6.3 (*)
      │   │   │   └── tauri-utils v2.9.3 (*)
      │   │   ├── reqwest v0.13.4 (*)
      │   │   ├── rmcp v3.1.2 (*)
      │   │   ├── schemars v0.8.22 (*)
      │   │   ├── schemars v1.2.2 (*)
      │   │   ├── secret-service v5.2.0 (*)
      │   │   ├── serde_spanned v0.6.9
      │   │   │   ├── toml v0.8.2
      │   │   │   │   └── system-deps v6.2.2
      │   │   │   │       ├── (build) atk-sys v0.18.2
      │   │   │   │       │   ├── atk v0.18.2 (*)
      │   │   │   │       │   └── gtk-sys v0.18.2
      │   │   │   │       │       ├── gtk v0.18.2 (*)
      │   │   │   │       │       ├── webkit2gtk v2.0.2 (*)
      │   │   │   │       │       └── webkit2gtk-sys v2.0.2
      │   │   │   │       │           ├── webkit2gtk v2.0.2 (*)
      │   │   │   │       │           └── wry v0.55.1 (*)
      │   │   │   │       ├── (build) cairo-sys-rs v0.18.2
      │   │   │   │       │   ├── cairo-rs v0.18.5 (*)
      │   │   │   │       │   ├── gdk-sys v0.18.2
      │   │   │   │       │   │   ├── gdk v0.18.2 (*)
      │   │   │   │       │   │   ├── gdkwayland-sys v0.18.2
      │   │   │   │       │   │   │   └── tao v0.35.3 (*)
      │   │   │   │       │   │   ├── gdkx11-sys v0.18.2
      │   │   │   │       │   │   │   ├── gdkx11 v0.18.2 (*)
      │   │   │   │       │   │   │   └── tao v0.35.3 (*)
      │   │   │   │       │   │   ├── gtk-sys v0.18.2 (*)
      │   │   │   │       │   │   ├── webkit2gtk v2.0.2 (*)
      │   │   │   │       │   │   └── webkit2gtk-sys v2.0.2 (*)
      │   │   │   │       │   ├── gtk-sys v0.18.2 (*)
      │   │   │   │       │   └── webkit2gtk-sys v2.0.2 (*)
      │   │   │   │       ├── (build) gdk-pixbuf-sys v0.18.0
      │   │   │   │       │   ├── gdk-pixbuf v0.18.5 (*)
      │   │   │   │       │   ├── gdk-sys v0.18.2 (*)
      │   │   │   │       │   └── gtk-sys v0.18.2 (*)
      │   │   │   │       ├── (build) gdk-sys v0.18.2 (*)
      │   │   │   │       ├── (build) gdkwayland-sys v0.18.2 (*)
      │   │   │   │       ├── (build) gdkx11-sys v0.18.2 (*)
      │   │   │   │       ├── (build) gio-sys v0.18.1
      │   │   │   │       │   ├── gdk-pixbuf-sys v0.18.0 (*)
      │   │   │   │       │   ├── gdk-sys v0.18.2 (*)
      │   │   │   │       │   ├── gio v0.18.4 (*)
      │   │   │   │       │   ├── glib v0.18.5 (*)
      │   │   │   │       │   ├── gtk-sys v0.18.2 (*)
      │   │   │   │       │   ├── soup3-sys v0.5.0
      │   │   │   │       │   │   ├── soup3 v0.5.0 (*)
      │   │   │   │       │   │   └── webkit2gtk-sys v2.0.2 (*)
      │   │   │   │       │   ├── webkit2gtk v2.0.2 (*)
      │   │   │   │       │   └── webkit2gtk-sys v2.0.2 (*)
      │   │   │   │       ├── (build) glib-sys v0.18.1
      │   │   │   │       │   ├── atk-sys v0.18.2 (*)
      │   │   │   │       │   ├── cairo-sys-rs v0.18.2 (*)
      │   │   │   │       │   ├── gdk-pixbuf-sys v0.18.0 (*)
      │   │   │   │       │   ├── gdk-sys v0.18.2 (*)
      │   │   │   │       │   ├── gdkwayland-sys v0.18.2 (*)
      │   │   │   │       │   ├── gdkx11-sys v0.18.2 (*)
      │   │   │   │       │   ├── gio-sys v0.18.1 (*)
      │   │   │   │       │   ├── glib v0.18.5 (*)
      │   │   │   │       │   ├── gobject-sys v0.18.0
      │   │   │   │       │   │   ├── atk-sys v0.18.2 (*)
      │   │   │   │       │   │   ├── gdk-pixbuf-sys v0.18.0 (*)
      │   │   │   │       │   │   ├── gdk-sys v0.18.2 (*)
      │   │   │   │       │   │   ├── gdkwayland-sys v0.18.2 (*)
      │   │   │   │       │   │   ├── gio-sys v0.18.1 (*)
      │   │   │   │       │   │   ├── glib v0.18.5 (*)
      │   │   │   │       │   │   ├── gtk-sys v0.18.2 (*)
      │   │   │   │       │   │   ├── javascriptcore-rs-sys v1.1.1
      │   │   │   │       │   │   │   ├── javascriptcore-rs v1.1.2 (*)
      │   │   │   │       │   │   │   └── webkit2gtk-sys v2.0.2 (*)
      │   │   │   │       │   │   ├── pango-sys v0.18.0
      │   │   │   │       │   │   │   ├── gdk-sys v0.18.2 (*)
      │   │   │   │       │   │   │   ├── gtk-sys v0.18.2 (*)
      │   │   │   │       │   │   │   └── pango v0.18.3 (*)
      │   │   │   │       │   │   ├── soup3-sys v0.5.0 (*)
      │   │   │   │       │   │   ├── webkit2gtk v2.0.2 (*)
      │   │   │   │       │   │   └── webkit2gtk-sys v2.0.2 (*)
      │   │   │   │       │   ├── gtk-sys v0.18.2 (*)
      │   │   │   │       │   ├── javascriptcore-rs-sys v1.1.1 (*)
      │   │   │   │       │   ├── pango-sys v0.18.0 (*)
      │   │   │   │       │   ├── soup3-sys v0.5.0 (*)
      │   │   │   │       │   ├── webkit2gtk v2.0.2 (*)
      │   │   │   │       │   └── webkit2gtk-sys v2.0.2 (*)
      │   │   │   │       ├── (build) gobject-sys v0.18.0 (*)
      │   │   │   │       ├── (build) gtk-sys v0.18.2 (*)
      │   │   │   │       ├── (build) javascriptcore-rs-sys v1.1.1 (*)
      │   │   │   │       ├── (build) pango-sys v0.18.0 (*)
      │   │   │   │       ├── (build) soup3-sys v0.5.0 (*)
      │   │   │   │       └── (build) webkit2gtk-sys v2.0.2 (*)
      │   │   │   └── toml_edit v0.20.2
      │   │   │       ├── proc-macro-crate v2.0.2
      │   │   │       │   └── glib-macros v0.18.5
      │   │   │       │       └── glib v0.18.5 (*)
      │   │   │       └── toml v0.8.2 (*)
      │   │   ├── serde_urlencoded v0.7.1
      │   │   │   └── axum v0.8.9 (*)
      │   │   ├── serde_yaml_ng v0.10.0
      │   │   │   ├── kontor-accounts v0.2.1 (*)
      │   │   │   └── kontor-daemon v0.2.1 (*)
      │   │   ├── serialize-to-javascript v0.1.2
      │   │   │   └── tauri v2.11.5 (*)
      │   │   ├── stronghold-runtime v2.0.1
      │   │   │   └── stronghold_engine v2.0.1
      │   │   │       └── iota_stronghold v2.1.0 (*)
      │   │   ├── stronghold_engine v2.0.1 (*)
      │   │   ├── swift-rs v1.0.8
      │   │   │   └── tauri-utils v2.9.3 (*)
      │   │   ├── tauri v2.11.5 (*)
      │   │   ├── tauri-build v2.6.3 (*)
      │   │   ├── tauri-codegen v2.6.3 (*)
      │   │   ├── tauri-plugin v2.6.3 (*)
      │   │   ├── tauri-plugin-stronghold v2.3.1 (*)
      │   │   ├── tauri-runtime v2.11.3 (*)
      │   │   ├── tauri-utils v2.9.3 (*)
      │   │   ├── toml v0.8.2 (*)
      │   │   ├── toml_datetime v0.6.3
      │   │   │   ├── proc-macro-crate v2.0.2 (*)
      │   │   │   ├── toml v0.8.2 (*)
      │   │   │   ├── toml_edit v0.19.15
      │   │   │   │   └── proc-macro-crate v1.3.1
      │   │   │   │       └── gtk3-macros v0.18.2
      │   │   │   │           └── gtk v0.18.2 (*)
      │   │   │   └── toml_edit v0.20.2 (*)
      │   │   ├── toml_edit v0.20.2 (*)
      │   │   ├── url v2.5.8 (*)
      │   │   ├── urlpattern v0.3.0 (*)
      │   │   ├── utoipa v5.5.0
      │   │   │   ├── kontor-api v0.2.1 (*)
      │   │   │   └── utoipa-swagger-ui v9.0.2 (*)
      │   │   ├── utoipa-swagger-ui v9.0.2 (*)
      │   │   ├── wiremock v0.6.5 (*)
      │   │   ├── zbus v5.19.0 (*)
      │   │   ├── zbus_names v4.3.4 (*)
      │   │   ├── zcheapstr v1.1.0
      │   │   │   └── zvariant v5.15.0 (*)
      │   │   ├── zeroize v1.9.0
      │   │   │   ├── aws-lc-rs v1.18.1
      │   │   │   │   ├── kontor-daemon v0.2.1 (*)
      │   │   │   │   ├── rustls v0.23.45
      │   │   │   │   │   ├── hyper-rustls v0.27.9 (*)
      │   │   │   │   │   ├── reqwest v0.13.4 (*)
      │   │   │   │   │   ├── rustls-platform-verifier v0.7.0
      │   │   │   │   │   │   └── reqwest v0.13.4 (*)
      │   │   │   │   │   └── tokio-rustls v0.26.5
      │   │   │   │   │       ├── hyper-rustls v0.27.9 (*)
      │   │   │   │   │       └── reqwest v0.13.4 (*)
      │   │   │   │   └── rustls-webpki v0.103.15
      │   │   │   │       ├── rustls v0.23.45 (*)
      │   │   │   │       └── rustls-platform-verifier v0.7.0 (*)
      │   │   │   ├── chacha20poly1305 v0.10.1
      │   │   │   │   └── iota-crypto v0.23.2
      │   │   │   │       ├── iota_stronghold v2.1.0 (*)
      │   │   │   │       ├── stronghold-runtime v2.0.1 (*)
      │   │   │   │       ├── stronghold_engine v2.0.1 (*)
      │   │   │   │       └── tauri-plugin-stronghold v2.3.1 (*)
      │   │   │   ├── cipher v0.4.4
      │   │   │   │   ├── aes v0.8.4
      │   │   │   │   │   ├── aes-gcm v0.10.3
      │   │   │   │   │   │   └── iota-crypto v0.23.2 (*)
      │   │   │   │   │   └── iota-crypto v0.23.2 (*)
      │   │   │   │   ├── aes-gcm v0.10.3 (*)
      │   │   │   │   ├── chacha20 v0.9.1
      │   │   │   │   │   └── chacha20poly1305 v0.10.1 (*)
      │   │   │   │   ├── chacha20poly1305 v0.10.1 (*)
      │   │   │   │   ├── ctr v0.9.2
      │   │   │   │   │   └── aes-gcm v0.10.3 (*)
      │   │   │   │   ├── iota-crypto v0.23.2 (*)
      │   │   │   │   └── salsa20 v0.10.2
      │   │   │   │       └── scrypt v0.11.0
      │   │   │   │           └── iota-crypto v0.23.2 (*)
      │   │   │   ├── crypto-bigint v0.5.5
      │   │   │   │   └── elliptic-curve v0.13.8
      │   │   │   │       ├── ecdsa v0.16.9
      │   │   │   │       │   └── k256 v0.13.4
      │   │   │   │       │       └── iota-crypto v0.23.2 (*)
      │   │   │   │       └── k256 v0.13.4 (*)
      │   │   │   ├── curve25519-dalek v4.1.3
      │   │   │   │   ├── ed25519-zebra v4.2.0
      │   │   │   │   │   └── iota-crypto v0.23.2 (*)
      │   │   │   │   ├── iota-crypto v0.23.2 (*)
      │   │   │   │   └── x25519-dalek v2.0.1
      │   │   │   │       └── iota-crypto v0.23.2 (*)
      │   │   │   ├── der v0.7.10
      │   │   │   │   ├── ecdsa v0.16.9 (*)
      │   │   │   │   ├── sec1 v0.7.3
      │   │   │   │   │   └── elliptic-curve v0.13.8 (*)
      │   │   │   │   └── spki v0.7.3
      │   │   │   │       └── ecdsa v0.16.9 (*)
      │   │   │   ├── ed25519-zebra v4.2.0 (*)
      │   │   │   ├── elliptic-curve v0.13.8 (*)
      │   │   │   ├── generic-array v0.14.7
      │   │   │   │   ├── aead v0.5.2
      │   │   │   │   │   ├── aes-gcm v0.10.3 (*)
      │   │   │   │   │   ├── chacha20poly1305 v0.10.1 (*)
      │   │   │   │   │   └── iota-crypto v0.23.2 (*)
      │   │   │   │   ├── block-buffer v0.10.4
      │   │   │   │   │   └── digest v0.10.7
      │   │   │   │   │       ├── blake2 v0.10.6
      │   │   │   │   │       │   └── iota-crypto v0.23.2 (*)
      │   │   │   │   │       ├── curve25519-dalek v4.1.3 (*)
      │   │   │   │   │       ├── ecdsa v0.16.9 (*)
      │   │   │   │   │       ├── elliptic-curve v0.13.8 (*)
      │   │   │   │   │       ├── hmac v0.12.1
      │   │   │   │   │       │   ├── hkdf v0.12.4
      │   │   │   │   │       │   │   ├── iota-crypto v0.23.2 (*)
      │   │   │   │   │       │   │   └── iota_stronghold v2.1.0 (*)
      │   │   │   │   │       │   ├── iota-crypto v0.23.2 (*)
      │   │   │   │   │       │   ├── pbkdf2 v0.12.2
      │   │   │   │   │       │   │   ├── iota-crypto v0.23.2 (*)
      │   │   │   │   │       │   │   └── scrypt v0.11.0 (*)
      │   │   │   │   │       │   └── rfc6979 v0.4.0
      │   │   │   │   │       │       └── ecdsa v0.16.9 (*)
      │   │   │   │   │       ├── iota-crypto v0.23.2 (*)
      │   │   │   │   │       ├── pbkdf2 v0.12.2 (*)
      │   │   │   │   │       ├── sha2 v0.10.9
      │   │   │   │   │       │   ├── ed25519-zebra v4.2.0 (*)
      │   │   │   │   │       │   ├── iota-crypto v0.23.2 (*)
      │   │   │   │   │       │   ├── k256 v0.13.4 (*)
      │   │   │   │   │       │   ├── scrypt v0.11.0 (*)
      │   │   │   │   │       │   └── tauri-codegen v2.6.3 (*)
      │   │   │   │   │       └── signature v2.2.0
      │   │   │   │   │           ├── ecdsa v0.16.9 (*)
      │   │   │   │   │           └── ed25519 v2.2.3
      │   │   │   │   │               └── ed25519-zebra v4.2.0 (*)
      │   │   │   │   ├── block-padding v0.3.3
      │   │   │   │   │   └── inout v0.1.4
      │   │   │   │   │       └── cipher v0.4.4 (*)
      │   │   │   │   ├── crypto-bigint v0.5.5 (*)
      │   │   │   │   ├── crypto-common v0.1.7
      │   │   │   │   │   ├── aead v0.5.2 (*)
      │   │   │   │   │   ├── cipher v0.4.4 (*)
      │   │   │   │   │   ├── digest v0.10.7 (*)
      │   │   │   │   │   └── universal-hash v0.5.1
      │   │   │   │   │       ├── poly1305 v0.8.0
      │   │   │   │   │       │   └── chacha20poly1305 v0.10.1 (*)
      │   │   │   │   │       └── polyval v0.6.2
      │   │   │   │   │           └── ghash v0.5.1
      │   │   │   │   │               └── aes-gcm v0.10.3 (*)
      │   │   │   │   ├── elliptic-curve v0.13.8 (*)
      │   │   │   │   ├── inout v0.1.4 (*)
      │   │   │   │   ├── iota-crypto v0.23.2 (*)
      │   │   │   │   └── sec1 v0.7.3 (*)
      │   │   │   ├── iota-crypto v0.23.2 (*)
      │   │   │   ├── iota_stronghold v2.1.0 (*)
      │   │   │   ├── kontor-accounts v0.2.1 (*)
      │   │   │   ├── kontor-jira v0.2.1 (*)
      │   │   │   ├── rustls v0.23.45 (*)
      │   │   │   ├── rustls-pki-types v1.15.1
      │   │   │   │   ├── reqwest v0.13.4 (*)
      │   │   │   │   ├── rustls v0.23.45 (*)
      │   │   │   │   ├── rustls-native-certs v0.8.4
      │   │   │   │   │   └── rustls-platform-verifier v0.7.0 (*)
      │   │   │   │   └── rustls-webpki v0.103.15 (*)
      │   │   │   ├── sec1 v0.7.3 (*)
      │   │   │   ├── secrecy v0.10.3
      │   │   │   │   ├── kontor-accounts v0.2.1 (*)
      │   │   │   │   ├── kontor-api v0.2.1 (*)
      │   │   │   │   ├── kontor-daemon v0.2.1 (*)
      │   │   │   │   ├── kontor-jira v0.2.1 (*)
      │   │   │   │   ├── kontor-mcp v0.2.1 (*)
      │   │   │   │   ├── (dev) kontor-runtime-codex v0.2.1 (*)
      │   │   │   │   └── kontor-runtime-paseo v0.2.1 (*)
      │   │   │   ├── stronghold-runtime v2.0.1 (*)
      │   │   │   ├── stronghold_engine v2.0.1 (*)
      │   │   │   ├── tauri-plugin-stronghold v2.3.1 (*)
      │   │   │   ├── windows-native-keyring-store v1.1.0
      │   │   │   │   └── keyring v4.1.6 (*)
      │   │   │   └── x25519-dalek v2.0.1 (*)
      │   │   ├── zvariant v5.15.0 (*)
      │   │   └── zvariant_utils v4.2.0
      │   │       ├── zbus_macros v5.19.0 (*)
      │   │       ├── zvariant v5.15.0 (*)
      │   │       └── zvariant_derive v5.15.0
      │   │           └── zvariant v5.15.0 (*)
      │   └── url v2.5.8 (*)
      ├── serde_derive_internals v0.30.0
      │   └── schemars_derive v1.2.2 (*)
      ├── serde_repr v0.1.21
      │   ├── tauri v2.11.5 (*)
      │   └── zbus v5.19.0 (*)
      ├── serde_with_macros v3.23.0 (*)
      ├── synstructure v0.14.0
      │   ├── yoke-derive v0.8.3
      │   │   └── yoke v0.8.3
      │   │       ├── icu_collections v2.3.0 (*)
      │   │       ├── icu_provider v2.3.1 (*)
      │   │       ├── zerotrie v0.2.5 (*)
      │   │       └── zerovec v0.11.8
      │   │           ├── icu_collections v2.3.0 (*)
      │   │           ├── icu_locale_core v2.3.0 (*)
      │   │           ├── icu_normalizer v2.3.0 (*)
      │   │           ├── icu_properties v2.3.0 (*)
      │   │           ├── icu_provider v2.3.1 (*)
      │   │           ├── potential_utf v0.1.6
      │   │           │   └── icu_collections v2.3.0 (*)
      │   │           └── tinystr v0.8.4 (*)
      │   └── zerofrom-derive v0.1.8
      │       └── zerofrom v0.1.8
      │           ├── icu_collections v2.3.0 (*)
      │           ├── icu_provider v2.3.1 (*)
      │           ├── yoke v0.8.3 (*)
      │           ├── zerotrie v0.2.5 (*)
      │           └── zerovec v0.11.8 (*)
      ├── thiserror-impl v2.0.20
      │   └── thiserror v2.0.20
      │       ├── cargo_metadata v0.19.2 (*)
      │       ├── kontor-accounts v0.2.1 (*)
      │       ├── kontor-api v0.2.1 (*)
      │       ├── kontor-calendar v0.2.1 (*)
      │       ├── kontor-core v0.2.1 (*)
      │       ├── kontor-daemon v0.2.1 (*)
      │       ├── kontor-intake v0.2.1 (*)
      │       ├── kontor-jira v0.2.1 (*)
      │       ├── kontor-mcp v0.2.1 (*)
      │       ├── kontor-policy v0.2.1 (*)
      │       ├── kontor-runtime v0.2.1 (*)
      │       ├── kontor-scheduler v0.2.1 (*)
      │       ├── kontor-store v0.2.1 (*)
      │       ├── muda v0.19.3 (*)
      │       ├── rmcp v3.1.2 (*)
      │       ├── tauri v2.11.5 (*)
      │       ├── tauri-codegen v2.6.3 (*)
      │       ├── tauri-plugin-stronghold v2.3.1 (*)
      │       ├── tauri-runtime v2.11.3 (*)
      │       ├── tauri-utils v2.9.3 (*)
      │       ├── tungstenite v0.30.0
      │       │   └── tokio-tungstenite v0.30.0 (*)
      │       ├── (build) webview2-com-sys v0.38.2
      │       │   └── webview2-com v0.38.2
      │       │       ├── tauri v2.11.5 (*)
      │       │       ├── tauri-runtime v2.11.3 (*)
      │       │       ├── tauri-runtime-wry v2.11.4 (*)
      │       │       └── wry v0.55.1 (*)
      │       └── wry v0.55.1 (*)
      ├── tokio-macros v2.7.2
      │   └── tokio v1.53.1
      │       ├── axum v0.8.9 (*)
      │       ├── deadpool v0.12.3
      │       │   └── wiremock v0.6.5 (*)
      │       ├── h2 v0.4.19
      │       │   └── hyper v1.11.1
      │       │       ├── axum v0.8.9 (*)
      │       │       ├── hyper-rustls v0.27.9 (*)
      │       │       ├── hyper-util v0.1.20 (*)
      │       │       ├── reqwest v0.13.4 (*)
      │       │       └── wiremock v0.6.5 (*)
      │       ├── hyper v1.11.1 (*)
      │       ├── hyper-rustls v0.27.9 (*)
      │       ├── hyper-util v0.1.20 (*)
      │       ├── kontor-api v0.2.1 (*)
      │       ├── (dev) kontor-cli v0.2.1 (*)
      │       ├── (dev) kontor-daemon v0.2.1 (*)
      │       ├── kontor-jira v0.2.1 (*)
      │       ├── (dev) kontor-mcp v0.2.1 (*)
      │       ├── (dev) kontor-runtime v0.2.1 (*)
      │       ├── (dev) kontor-runtime-ao v0.2.1 (*)
      │       ├── (dev) kontor-runtime-codex v0.2.1 (*)
      │       ├── kontor-runtime-paseo v0.2.1 (*)
      │       ├── kontor-scheduler v0.2.1 (*)
      │       ├── (dev) kontor-teams v0.2.1 (*)
      │       ├── (dev) kontor-tests-contract v0.2.1 (*)
      │       ├── (dev) kontor-tests-e2e v0.2.1 (*)
      │       ├── reqwest v0.13.4 (*)
      │       ├── rmcp v3.1.2 (*)
      │       ├── tauri v2.11.5 (*)
      │       ├── tokio-rustls v0.26.5 (*)
      │       ├── tokio-stream v0.1.19
      │       │   └── kontor-api v0.2.1 (*)
      │       ├── tokio-tungstenite v0.30.0 (*)
      │       ├── tokio-util v0.7.19
      │       │   ├── h2 v0.4.19 (*)
      │       │   ├── reqwest v0.13.4 (*)
      │       │   └── rmcp v3.1.2 (*)
      │       ├── tower v0.5.3 (*)
      │       └── wiremock v0.6.5 (*)
      ├── yoke-derive v0.8.3 (*)
      ├── zbus_macros v5.19.0 (*)
      ├── zerofrom-derive v0.1.8 (*)
      ├── zerovec-derive v0.11.6
      │   └── zerovec v0.11.8 (*)
      ├── zvariant_derive v5.15.0 (*)
      └── zvariant_utils v4.2.0 (*)

warning[duplicate]: found 2 duplicate entries for crate 'thiserror'
    ┌─ /Users/igor/.paseo/worktrees/0n8yzbno/feat-asma-8156-typed-experience-contract-and/Cargo.lock:512:1
    │
512 │ ╭ thiserror 1.0.69 registry+https://github.com/rust-lang/crates.io-index
513 │ │ thiserror 2.0.20 registry+https://github.com/rust-lang/crates.io-index
    │ ╰──────────────────────────────────────────────────────────────────────┘ lock entries
    │
    ├ thiserror v1.0.69
      ├── cairo-rs v0.18.5
      │   ├── gdk v0.18.2
      │   │   ├── gdkx11 v0.18.2
      │   │   │   └── wry v0.55.1
      │   │   │       └── tauri-runtime-wry v2.11.4
      │   │   │           └── tauri v2.11.5
      │   │   │               ├── kontor-desktop v0.2.1
      │   │   │               └── tauri-plugin-stronghold v2.3.1
      │   │   │                   └── kontor-desktop v0.2.1 (*)
      │   │   ├── gtk v0.18.2
      │   │   │   ├── muda v0.19.3
      │   │   │   │   └── tauri v2.11.5 (*)
      │   │   │   ├── tao v0.35.3
      │   │   │   │   └── tauri-runtime-wry v2.11.4 (*)
      │   │   │   ├── tauri v2.11.5 (*)
      │   │   │   ├── tauri-runtime v2.11.3
      │   │   │   │   ├── tauri v2.11.5 (*)
      │   │   │   │   └── tauri-runtime-wry v2.11.4 (*)
      │   │   │   ├── tauri-runtime-wry v2.11.4 (*)
      │   │   │   ├── webkit2gtk v2.0.2
      │   │   │   │   ├── tauri v2.11.5 (*)
      │   │   │   │   ├── tauri-runtime v2.11.3 (*)
      │   │   │   │   ├── tauri-runtime-wry v2.11.4 (*)
      │   │   │   │   └── wry v0.55.1 (*)
      │   │   │   └── wry v0.55.1 (*)
      │   │   └── webkit2gtk v2.0.2 (*)
      │   ├── gtk v0.18.2 (*)
      │   └── webkit2gtk v2.0.2 (*)
      ├── gio v0.18.4
      │   ├── gdk v0.18.2 (*)
      │   ├── gdk-pixbuf v0.18.5
      │   │   ├── gdk v0.18.2 (*)
      │   │   └── gtk v0.18.2 (*)
      │   ├── gdkx11 v0.18.2 (*)
      │   ├── gtk v0.18.2 (*)
      │   ├── pango v0.18.3
      │   │   ├── gdk v0.18.2 (*)
      │   │   └── gtk v0.18.2 (*)
      │   ├── soup3 v0.5.0
      │   │   ├── webkit2gtk v2.0.2 (*)
      │   │   └── wry v0.55.1 (*)
      │   └── webkit2gtk v2.0.2 (*)
      ├── glib v0.18.5
      │   ├── atk v0.18.2
      │   │   └── gtk v0.18.2 (*)
      │   ├── cairo-rs v0.18.5 (*)
      │   ├── gdk v0.18.2 (*)
      │   ├── gdk-pixbuf v0.18.5 (*)
      │   ├── gdkx11 v0.18.2 (*)
      │   ├── gio v0.18.4 (*)
      │   ├── gtk v0.18.2 (*)
      │   ├── javascriptcore-rs v1.1.2
      │   │   ├── webkit2gtk v2.0.2 (*)
      │   │   └── wry v0.55.1 (*)
      │   ├── pango v0.18.3 (*)
      │   ├── soup3 v0.5.0 (*)
      │   └── webkit2gtk v2.0.2 (*)
      ├── iota_stronghold v2.1.0
      │   └── tauri-plugin-stronghold v2.3.1 (*)
      ├── json-patch v3.0.1
      │   ├── tauri-build v2.6.3
      │   │   ├── (build) kontor-desktop v0.2.1 (*)
      │   │   └── (build) tauri v2.11.5 (*)
      │   ├── tauri-codegen v2.6.3
      │   │   └── tauri-macros v2.6.3
      │   │       └── tauri v2.11.5 (*)
      │   └── tauri-utils v2.9.3
      │       ├── tauri v2.11.5 (*)
      │       ├── tauri-build v2.6.3 (*)
      │       ├── tauri-codegen v2.6.3 (*)
      │       ├── tauri-macros v2.6.3 (*)
      │       ├── tauri-plugin v2.6.3
      │       │   └── (build) tauri-plugin-stronghold v2.3.1 (*)
      │       ├── tauri-runtime v2.11.3 (*)
      │       └── tauri-runtime-wry v2.11.4 (*)
      ├── stronghold-runtime v2.0.1
      │   └── stronghold_engine v2.0.1
      │       └── iota_stronghold v2.1.0 (*)
      └── stronghold_engine v2.0.1 (*)
    ├ thiserror v2.0.20
      ├── cargo_metadata v0.19.2
      │   └── tauri-utils v2.9.3
      │       ├── tauri v2.11.5
      │       │   ├── kontor-desktop v0.2.1
      │       │   └── tauri-plugin-stronghold v2.3.1
      │       │       └── kontor-desktop v0.2.1 (*)
      │       ├── tauri-build v2.6.3
      │       │   ├── (build) kontor-desktop v0.2.1 (*)
      │       │   └── (build) tauri v2.11.5 (*)
      │       ├── tauri-codegen v2.6.3
      │       │   └── tauri-macros v2.6.3
      │       │       └── tauri v2.11.5 (*)
      │       ├── tauri-macros v2.6.3 (*)
      │       ├── tauri-plugin v2.6.3
      │       │   └── (build) tauri-plugin-stronghold v2.3.1 (*)
      │       ├── tauri-runtime v2.11.3
      │       │   ├── tauri v2.11.5 (*)
      │       │   └── tauri-runtime-wry v2.11.4
      │       │       └── tauri v2.11.5 (*)
      │       └── tauri-runtime-wry v2.11.4 (*)
      ├── kontor-accounts v0.2.1
      │   ├── kontor-daemon v0.2.1
      │   │   ├── (dev) kontor-cli v0.2.1
      │   │   ├── (dev) kontor-tests-contract v0.2.1
      │   │   │   ├── (dev) kontor-runtime-ao v0.2.1
      │   │   │   ├── (dev) kontor-runtime-codex v0.2.1
      │   │   │   ├── (dev) kontor-runtime-paseo v0.2.1
      │   │   │   │   └── kontor-daemon v0.2.1 (*)
      │   │   │   └── (dev) kontor-tests-e2e v0.2.1
      │   │   └── (dev) kontor-tests-e2e v0.2.1 (*)
      │   ├── kontor-jira v0.2.1
      │   │   ├── kontor-daemon v0.2.1 (*)
      │   │   └── (dev) kontor-tests-e2e v0.2.1 (*)
      │   ├── kontor-runtime-codex v0.2.1 (*)
      │   └── (dev) kontor-tests-e2e v0.2.1 (*)
      ├── kontor-api v0.2.1
      │   ├── (dev) kontor-cli v0.2.1 (*)
      │   ├── kontor-daemon v0.2.1 (*)
      │   ├── (dev) kontor-tests-contract v0.2.1 (*)
      │   └── (dev) kontor-tests-e2e v0.2.1 (*)
      ├── kontor-calendar v0.2.1
      │   └── kontor-store v0.2.1
      │       ├── (dev) kontor-accounts v0.2.1 (*)
      │       ├── kontor-api v0.2.1 (*)
      │       ├── (dev) kontor-cli v0.2.1 (*)
      │       ├── (dev) kontor-daemon v0.2.1 (*)
      │       ├── (dev) kontor-tests-contract v0.2.1 (*)
      │       └── (dev) kontor-tests-e2e v0.2.1 (*)
      ├── kontor-core v0.2.1
      │   ├── kontor-accounts v0.2.1 (*)
      │   ├── kontor-api v0.2.1 (*)
      │   ├── kontor-calendar v0.2.1 (*)
      │   ├── (dev) kontor-cli v0.2.1 (*)
      │   ├── (dev) kontor-context v0.2.1
      │   │   ├── kontor-daemon v0.2.1 (*)
      │   │   ├── kontor-teams v0.2.1
      │   │   │   ├── kontor-daemon v0.2.1 (*)
      │   │   │   ├── kontor-profiles v0.2.1
      │   │   │   │   ├── kontor-daemon v0.2.1 (*)
      │   │   │   │   ├── (dev) kontor-store v0.2.1 (*)
      │   │   │   │   ├── (dev) kontor-tests-contract v0.2.1 (*)
      │   │   │   │   └── (dev) kontor-tests-e2e v0.2.1 (*)
      │   │   │   ├── kontor-store v0.2.1 (*)
      │   │   │   ├── (dev) kontor-tests-contract v0.2.1 (*)
      │   │   │   └── (dev) kontor-tests-e2e v0.2.1 (*)
      │   │   └── (dev) kontor-tests-e2e v0.2.1 (*)
      │   ├── kontor-daemon v0.2.1 (*)
      │   ├── kontor-intake v0.2.1
      │   │   └── (dev) kontor-tests-e2e v0.2.1 (*)
      │   ├── kontor-jira v0.2.1 (*)
      │   ├── kontor-mcp v0.2.1
      │   │   ├── kontor-cli v0.2.1 (*)
      │   │   ├── (dev) kontor-daemon v0.2.1 (*)
      │   │   ├── (dev) kontor-tests-contract v0.2.1 (*)
      │   │   └── (dev) kontor-tests-e2e v0.2.1 (*)
      │   ├── kontor-policy v0.2.1
      │   │   ├── kontor-daemon v0.2.1 (*)
      │   │   ├── kontor-scheduler v0.2.1
      │   │   │   ├── kontor-accounts v0.2.1 (*)
      │   │   │   ├── kontor-api v0.2.1 (*)
      │   │   │   ├── kontor-calendar v0.2.1 (*)
      │   │   │   ├── kontor-daemon v0.2.1 (*)
      │   │   │   ├── kontor-store v0.2.1 (*)
      │   │   │   ├── (dev) kontor-tests-contract v0.2.1 (*)
      │   │   │   └── (dev) kontor-tests-e2e v0.2.1 (*)
      │   │   ├── (dev) kontor-store v0.2.1 (*)
      │   │   ├── (dev) kontor-tests-contract v0.2.1 (*)
      │   │   └── (dev) kontor-tests-e2e v0.2.1 (*)
      │   ├── kontor-profiles v0.2.1 (*)
      │   ├── kontor-runtime v0.2.1
      │   │   ├── kontor-accounts v0.2.1 (*)
      │   │   ├── kontor-api v0.2.1 (*)
      │   │   ├── (dev) kontor-daemon v0.2.1 (*)
      │   │   ├── kontor-runtime-ao v0.2.1 (*)
      │   │   ├── kontor-runtime-codex v0.2.1 (*)
      │   │   ├── kontor-runtime-paseo v0.2.1 (*)
      │   │   ├── kontor-scheduler v0.2.1 (*)
      │   │   ├── (dev) kontor-store v0.2.1 (*)
      │   │   ├── kontor-teams v0.2.1 (*)
      │   │   ├── kontor-tests-contract v0.2.1 (*)
      │   │   └── (dev) kontor-tests-e2e v0.2.1 (*)
      │   ├── kontor-runtime-ao v0.2.1 (*)
      │   ├── kontor-runtime-codex v0.2.1 (*)
      │   ├── kontor-runtime-paseo v0.2.1 (*)
      │   ├── kontor-scheduler v0.2.1 (*)
      │   ├── kontor-store v0.2.1 (*)
      │   ├── kontor-teams v0.2.1 (*)
      │   ├── kontor-tests-contract v0.2.1 (*)
      │   └── kontor-tests-e2e v0.2.1 (*)
      ├── kontor-daemon v0.2.1 (*)
      ├── kontor-intake v0.2.1 (*)
      ├── kontor-jira v0.2.1 (*)
      ├── kontor-mcp v0.2.1 (*)
      ├── kontor-policy v0.2.1 (*)
      ├── kontor-runtime v0.2.1 (*)
      ├── kontor-scheduler v0.2.1 (*)
      ├── kontor-store v0.2.1 (*)
      ├── muda v0.19.3
      │   └── tauri v2.11.5 (*)
      ├── rmcp v3.1.2
      │   └── kontor-mcp v0.2.1 (*)
      ├── tauri v2.11.5 (*)
      ├── tauri-codegen v2.6.3 (*)
      ├── tauri-plugin-stronghold v2.3.1 (*)
      ├── tauri-runtime v2.11.3 (*)
      ├── tauri-utils v2.9.3 (*)
      ├── tungstenite v0.30.0
      │   └── tokio-tungstenite v0.30.0
      │       └── kontor-runtime-paseo v0.2.1 (*)
      ├── (build) webview2-com-sys v0.38.2
      │   └── webview2-com v0.38.2
      │       ├── tauri v2.11.5 (*)
      │       ├── tauri-runtime v2.11.3 (*)
      │       ├── tauri-runtime-wry v2.11.4 (*)
      │       └── wry v0.55.1
      │           └── tauri-runtime-wry v2.11.4 (*)
      └── wry v0.55.1 (*)

warning[duplicate]: found 2 duplicate entries for crate 'thiserror-impl'
    ┌─ /Users/igor/.paseo/worktrees/0n8yzbno/feat-asma-8156-typed-experience-contract-and/Cargo.lock:514:1
    │
514 │ ╭ thiserror-impl 1.0.69 registry+https://github.com/rust-lang/crates.io-index
515 │ │ thiserror-impl 2.0.20 registry+https://github.com/rust-lang/crates.io-index
    │ ╰───────────────────────────────────────────────────────────────────────────┘ lock entries
    │
    ├ thiserror-impl v1.0.69
      └── thiserror v1.0.69
          ├── cairo-rs v0.18.5
          │   ├── gdk v0.18.2
          │   │   ├── gdkx11 v0.18.2
          │   │   │   └── wry v0.55.1
          │   │   │       └── tauri-runtime-wry v2.11.4
          │   │   │           └── tauri v2.11.5
          │   │   │               ├── kontor-desktop v0.2.1
          │   │   │               └── tauri-plugin-stronghold v2.3.1
          │   │   │                   └── kontor-desktop v0.2.1 (*)
          │   │   ├── gtk v0.18.2
          │   │   │   ├── muda v0.19.3
          │   │   │   │   └── tauri v2.11.5 (*)
          │   │   │   ├── tao v0.35.3
          │   │   │   │   └── tauri-runtime-wry v2.11.4 (*)
          │   │   │   ├── tauri v2.11.5 (*)
          │   │   │   ├── tauri-runtime v2.11.3
          │   │   │   │   ├── tauri v2.11.5 (*)
          │   │   │   │   └── tauri-runtime-wry v2.11.4 (*)
          │   │   │   ├── tauri-runtime-wry v2.11.4 (*)
          │   │   │   ├── webkit2gtk v2.0.2
          │   │   │   │   ├── tauri v2.11.5 (*)
          │   │   │   │   ├── tauri-runtime v2.11.3 (*)
          │   │   │   │   ├── tauri-runtime-wry v2.11.4 (*)
          │   │   │   │   └── wry v0.55.1 (*)
          │   │   │   └── wry v0.55.1 (*)
          │   │   └── webkit2gtk v2.0.2 (*)
          │   ├── gtk v0.18.2 (*)
          │   └── webkit2gtk v2.0.2 (*)
          ├── gio v0.18.4
          │   ├── gdk v0.18.2 (*)
          │   ├── gdk-pixbuf v0.18.5
          │   │   ├── gdk v0.18.2 (*)
          │   │   └── gtk v0.18.2 (*)
          │   ├── gdkx11 v0.18.2 (*)
          │   ├── gtk v0.18.2 (*)
          │   ├── pango v0.18.3
          │   │   ├── gdk v0.18.2 (*)
          │   │   └── gtk v0.18.2 (*)
          │   ├── soup3 v0.5.0
          │   │   ├── webkit2gtk v2.0.2 (*)
          │   │   └── wry v0.55.1 (*)
          │   └── webkit2gtk v2.0.2 (*)
          ├── glib v0.18.5
          │   ├── atk v0.18.2
          │   │   └── gtk v0.18.2 (*)
          │   ├── cairo-rs v0.18.5 (*)
          │   ├── gdk v0.18.2 (*)
          │   ├── gdk-pixbuf v0.18.5 (*)
          │   ├── gdkx11 v0.18.2 (*)
          │   ├── gio v0.18.4 (*)
          │   ├── gtk v0.18.2 (*)
          │   ├── javascriptcore-rs v1.1.2
          │   │   ├── webkit2gtk v2.0.2 (*)
          │   │   └── wry v0.55.1 (*)
          │   ├── pango v0.18.3 (*)
          │   ├── soup3 v0.5.0 (*)
          │   └── webkit2gtk v2.0.2 (*)
          ├── iota_stronghold v2.1.0
          │   └── tauri-plugin-stronghold v2.3.1 (*)
          ├── json-patch v3.0.1
          │   ├── tauri-build v2.6.3
          │   │   ├── (build) kontor-desktop v0.2.1 (*)
          │   │   └── (build) tauri v2.11.5 (*)
          │   ├── tauri-codegen v2.6.3
          │   │   └── tauri-macros v2.6.3
          │   │       └── tauri v2.11.5 (*)
          │   └── tauri-utils v2.9.3
          │       ├── tauri v2.11.5 (*)
          │       ├── tauri-build v2.6.3 (*)
          │       ├── tauri-codegen v2.6.3 (*)
          │       ├── tauri-macros v2.6.3 (*)
          │       ├── tauri-plugin v2.6.3
          │       │   └── (build) tauri-plugin-stronghold v2.3.1 (*)
          │       ├── tauri-runtime v2.11.3 (*)
          │       └── tauri-runtime-wry v2.11.4 (*)
          ├── stronghold-runtime v2.0.1
          │   └── stronghold_engine v2.0.1
          │       └── iota_stronghold v2.1.0 (*)
          └── stronghold_engine v2.0.1 (*)
    ├ thiserror-impl v2.0.20
      └── thiserror v2.0.20
          ├── cargo_metadata v0.19.2
          │   └── tauri-utils v2.9.3
          │       ├── tauri v2.11.5
          │       │   ├── kontor-desktop v0.2.1
          │       │   └── tauri-plugin-stronghold v2.3.1
          │       │       └── kontor-desktop v0.2.1 (*)
          │       ├── tauri-build v2.6.3
          │       │   ├── (build) kontor-desktop v0.2.1 (*)
          │       │   └── (build) tauri v2.11.5 (*)
          │       ├── tauri-codegen v2.6.3
          │       │   └── tauri-macros v2.6.3
          │       │       └── tauri v2.11.5 (*)
          │       ├── tauri-macros v2.6.3 (*)
          │       ├── tauri-plugin v2.6.3
          │       │   └── (build) tauri-plugin-stronghold v2.3.1 (*)
          │       ├── tauri-runtime v2.11.3
          │       │   ├── tauri v2.11.5 (*)
          │       │   └── tauri-runtime-wry v2.11.4
          │       │       └── tauri v2.11.5 (*)
          │       └── tauri-runtime-wry v2.11.4 (*)
          ├── kontor-accounts v0.2.1
          │   ├── kontor-daemon v0.2.1
          │   │   ├── (dev) kontor-cli v0.2.1
          │   │   ├── (dev) kontor-tests-contract v0.2.1
          │   │   │   ├── (dev) kontor-runtime-ao v0.2.1
          │   │   │   ├── (dev) kontor-runtime-codex v0.2.1
          │   │   │   ├── (dev) kontor-runtime-paseo v0.2.1
          │   │   │   │   └── kontor-daemon v0.2.1 (*)
          │   │   │   └── (dev) kontor-tests-e2e v0.2.1
          │   │   └── (dev) kontor-tests-e2e v0.2.1 (*)
          │   ├── kontor-jira v0.2.1
          │   │   ├── kontor-daemon v0.2.1 (*)
          │   │   └── (dev) kontor-tests-e2e v0.2.1 (*)
          │   ├── kontor-runtime-codex v0.2.1 (*)
          │   └── (dev) kontor-tests-e2e v0.2.1 (*)
          ├── kontor-api v0.2.1
          │   ├── (dev) kontor-cli v0.2.1 (*)
          │   ├── kontor-daemon v0.2.1 (*)
          │   ├── (dev) kontor-tests-contract v0.2.1 (*)
          │   └── (dev) kontor-tests-e2e v0.2.1 (*)
          ├── kontor-calendar v0.2.1
          │   └── kontor-store v0.2.1
          │       ├── (dev) kontor-accounts v0.2.1 (*)
          │       ├── kontor-api v0.2.1 (*)
          │       ├── (dev) kontor-cli v0.2.1 (*)
          │       ├── (dev) kontor-daemon v0.2.1 (*)
          │       ├── (dev) kontor-tests-contract v0.2.1 (*)
          │       └── (dev) kontor-tests-e2e v0.2.1 (*)
          ├── kontor-core v0.2.1
          │   ├── kontor-accounts v0.2.1 (*)
          │   ├── kontor-api v0.2.1 (*)
          │   ├── kontor-calendar v0.2.1 (*)
          │   ├── (dev) kontor-cli v0.2.1 (*)
          │   ├── (dev) kontor-context v0.2.1
          │   │   ├── kontor-daemon v0.2.1 (*)
          │   │   ├── kontor-teams v0.2.1
          │   │   │   ├── kontor-daemon v0.2.1 (*)
          │   │   │   ├── kontor-profiles v0.2.1
          │   │   │   │   ├── kontor-daemon v0.2.1 (*)
          │   │   │   │   ├── (dev) kontor-store v0.2.1 (*)
          │   │   │   │   ├── (dev) kontor-tests-contract v0.2.1 (*)
          │   │   │   │   └── (dev) kontor-tests-e2e v0.2.1 (*)
          │   │   │   ├── kontor-store v0.2.1 (*)
          │   │   │   ├── (dev) kontor-tests-contract v0.2.1 (*)
          │   │   │   └── (dev) kontor-tests-e2e v0.2.1 (*)
          │   │   └── (dev) kontor-tests-e2e v0.2.1 (*)
          │   ├── kontor-daemon v0.2.1 (*)
          │   ├── kontor-intake v0.2.1
          │   │   └── (dev) kontor-tests-e2e v0.2.1 (*)
          │   ├── kontor-jira v0.2.1 (*)
          │   ├── kontor-mcp v0.2.1
          │   │   ├── kontor-cli v0.2.1 (*)
          │   │   ├── (dev) kontor-daemon v0.2.1 (*)
          │   │   ├── (dev) kontor-tests-contract v0.2.1 (*)
          │   │   └── (dev) kontor-tests-e2e v0.2.1 (*)
          │   ├── kontor-policy v0.2.1
          │   │   ├── kontor-daemon v0.2.1 (*)
          │   │   ├── kontor-scheduler v0.2.1
          │   │   │   ├── kontor-accounts v0.2.1 (*)
          │   │   │   ├── kontor-api v0.2.1 (*)
          │   │   │   ├── kontor-calendar v0.2.1 (*)
          │   │   │   ├── kontor-daemon v0.2.1 (*)
          │   │   │   ├── kontor-store v0.2.1 (*)
          │   │   │   ├── (dev) kontor-tests-contract v0.2.1 (*)
          │   │   │   └── (dev) kontor-tests-e2e v0.2.1 (*)
          │   │   ├── (dev) kontor-store v0.2.1 (*)
          │   │   ├── (dev) kontor-tests-contract v0.2.1 (*)
          │   │   └── (dev) kontor-tests-e2e v0.2.1 (*)
          │   ├── kontor-profiles v0.2.1 (*)
          │   ├── kontor-runtime v0.2.1
          │   │   ├── kontor-accounts v0.2.1 (*)
          │   │   ├── kontor-api v0.2.1 (*)
          │   │   ├── (dev) kontor-daemon v0.2.1 (*)
          │   │   ├── kontor-runtime-ao v0.2.1 (*)
          │   │   ├── kontor-runtime-codex v0.2.1 (*)
          │   │   ├── kontor-runtime-paseo v0.2.1 (*)
          │   │   ├── kontor-scheduler v0.2.1 (*)
          │   │   ├── (dev) kontor-store v0.2.1 (*)
          │   │   ├── kontor-teams v0.2.1 (*)
          │   │   ├── kontor-tests-contract v0.2.1 (*)
          │   │   └── (dev) kontor-tests-e2e v0.2.1 (*)
          │   ├── kontor-runtime-ao v0.2.1 (*)
          │   ├── kontor-runtime-codex v0.2.1 (*)
          │   ├── kontor-runtime-paseo v0.2.1 (*)
          │   ├── kontor-scheduler v0.2.1 (*)
          │   ├── kontor-store v0.2.1 (*)
          │   ├── kontor-teams v0.2.1 (*)
          │   ├── kontor-tests-contract v0.2.1 (*)
          │   └── kontor-tests-e2e v0.2.1 (*)
          ├── kontor-daemon v0.2.1 (*)
          ├── kontor-intake v0.2.1 (*)
          ├── kontor-jira v0.2.1 (*)
          ├── kontor-mcp v0.2.1 (*)
          ├── kontor-policy v0.2.1 (*)
          ├── kontor-runtime v0.2.1 (*)
          ├── kontor-scheduler v0.2.1 (*)
          ├── kontor-store v0.2.1 (*)
          ├── muda v0.19.3
          │   └── tauri v2.11.5 (*)
          ├── rmcp v3.1.2
          │   └── kontor-mcp v0.2.1 (*)
          ├── tauri v2.11.5 (*)
          ├── tauri-codegen v2.6.3 (*)
          ├── tauri-plugin-stronghold v2.3.1 (*)
          ├── tauri-runtime v2.11.3 (*)
          ├── tauri-utils v2.9.3 (*)
          ├── tungstenite v0.30.0
          │   └── tokio-tungstenite v0.30.0
          │       └── kontor-runtime-paseo v0.2.1 (*)
          ├── (build) webview2-com-sys v0.38.2
          │   └── webview2-com v0.38.2
          │       ├── tauri v2.11.5 (*)
          │       ├── tauri-runtime v2.11.3 (*)
          │       ├── tauri-runtime-wry v2.11.4 (*)
          │       └── wry v0.55.1
          │           └── tauri-runtime-wry v2.11.4 (*)
          └── wry v0.55.1 (*)

warning[duplicate]: found 3 duplicate entries for crate 'toml'
    ┌─ /Users/igor/.paseo/worktrees/0n8yzbno/feat-asma-8156-typed-experience-contract-and/Cargo.lock:530:1
    │
530 │ ╭ toml 0.8.2 registry+https://github.com/rust-lang/crates.io-index
531 │ │ toml 0.9.12+spec-1.1.0 registry+https://github.com/rust-lang/crates.io-index
532 │ │ toml 1.1.6+spec-1.1.0 registry+https://github.com/rust-lang/crates.io-index
    │ ╰───────────────────────────────────────────────────────────────────────────┘ lock entries
    │
    ├ toml v0.8.2
      └── system-deps v6.2.2
          ├── (build) atk-sys v0.18.2
          │   ├── atk v0.18.2
          │   │   └── gtk v0.18.2
          │   │       ├── muda v0.19.3
          │   │       │   └── tauri v2.11.5
          │   │       │       ├── kontor-desktop v0.2.1
          │   │       │       └── tauri-plugin-stronghold v2.3.1
          │   │       │           └── kontor-desktop v0.2.1 (*)
          │   │       ├── tao v0.35.3
          │   │       │   └── tauri-runtime-wry v2.11.4
          │   │       │       └── tauri v2.11.5 (*)
          │   │       ├── tauri v2.11.5 (*)
          │   │       ├── tauri-runtime v2.11.3
          │   │       │   ├── tauri v2.11.5 (*)
          │   │       │   └── tauri-runtime-wry v2.11.4 (*)
          │   │       ├── tauri-runtime-wry v2.11.4 (*)
          │   │       ├── webkit2gtk v2.0.2
          │   │       │   ├── tauri v2.11.5 (*)
          │   │       │   ├── tauri-runtime v2.11.3 (*)
          │   │       │   ├── tauri-runtime-wry v2.11.4 (*)
          │   │       │   └── wry v0.55.1
          │   │       │       └── tauri-runtime-wry v2.11.4 (*)
          │   │       └── wry v0.55.1 (*)
          │   └── gtk-sys v0.18.2
          │       ├── gtk v0.18.2 (*)
          │       ├── webkit2gtk v2.0.2 (*)
          │       └── webkit2gtk-sys v2.0.2
          │           ├── webkit2gtk v2.0.2 (*)
          │           └── wry v0.55.1 (*)
          ├── (build) cairo-sys-rs v0.18.2
          │   ├── cairo-rs v0.18.5
          │   │   ├── gdk v0.18.2
          │   │   │   ├── gdkx11 v0.18.2
          │   │   │   │   └── wry v0.55.1 (*)
          │   │   │   ├── gtk v0.18.2 (*)
          │   │   │   └── webkit2gtk v2.0.2 (*)
          │   │   ├── gtk v0.18.2 (*)
          │   │   └── webkit2gtk v2.0.2 (*)
          │   ├── gdk-sys v0.18.2
          │   │   ├── gdk v0.18.2 (*)
          │   │   ├── gdkwayland-sys v0.18.2
          │   │   │   └── tao v0.35.3 (*)
          │   │   ├── gdkx11-sys v0.18.2
          │   │   │   ├── gdkx11 v0.18.2 (*)
          │   │   │   └── tao v0.35.3 (*)
          │   │   ├── gtk-sys v0.18.2 (*)
          │   │   ├── webkit2gtk v2.0.2 (*)
          │   │   └── webkit2gtk-sys v2.0.2 (*)
          │   ├── gtk-sys v0.18.2 (*)
          │   └── webkit2gtk-sys v2.0.2 (*)
          ├── (build) gdk-pixbuf-sys v0.18.0
          │   ├── gdk-pixbuf v0.18.5
          │   │   ├── gdk v0.18.2 (*)
          │   │   └── gtk v0.18.2 (*)
          │   ├── gdk-sys v0.18.2 (*)
          │   └── gtk-sys v0.18.2 (*)
          ├── (build) gdk-sys v0.18.2 (*)
          ├── (build) gdkwayland-sys v0.18.2 (*)
          ├── (build) gdkx11-sys v0.18.2 (*)
          ├── (build) gio-sys v0.18.1
          │   ├── gdk-pixbuf-sys v0.18.0 (*)
          │   ├── gdk-sys v0.18.2 (*)
          │   ├── gio v0.18.4
          │   │   ├── gdk v0.18.2 (*)
          │   │   ├── gdk-pixbuf v0.18.5 (*)
          │   │   ├── gdkx11 v0.18.2 (*)
          │   │   ├── gtk v0.18.2 (*)
          │   │   ├── pango v0.18.3
          │   │   │   ├── gdk v0.18.2 (*)
          │   │   │   └── gtk v0.18.2 (*)
          │   │   ├── soup3 v0.5.0
          │   │   │   ├── webkit2gtk v2.0.2 (*)
          │   │   │   └── wry v0.55.1 (*)
          │   │   └── webkit2gtk v2.0.2 (*)
          │   ├── glib v0.18.5
          │   │   ├── atk v0.18.2 (*)
          │   │   ├── cairo-rs v0.18.5 (*)
          │   │   ├── gdk v0.18.2 (*)
          │   │   ├── gdk-pixbuf v0.18.5 (*)
          │   │   ├── gdkx11 v0.18.2 (*)
          │   │   ├── gio v0.18.4 (*)
          │   │   ├── gtk v0.18.2 (*)
          │   │   ├── javascriptcore-rs v1.1.2
          │   │   │   ├── webkit2gtk v2.0.2 (*)
          │   │   │   └── wry v0.55.1 (*)
          │   │   ├── pango v0.18.3 (*)
          │   │   ├── soup3 v0.5.0 (*)
          │   │   └── webkit2gtk v2.0.2 (*)
          │   ├── gtk-sys v0.18.2 (*)
          │   ├── soup3-sys v0.5.0
          │   │   ├── soup3 v0.5.0 (*)
          │   │   └── webkit2gtk-sys v2.0.2 (*)
          │   ├── webkit2gtk v2.0.2 (*)
          │   └── webkit2gtk-sys v2.0.2 (*)
          ├── (build) glib-sys v0.18.1
          │   ├── atk-sys v0.18.2 (*)
          │   ├── cairo-sys-rs v0.18.2 (*)
          │   ├── gdk-pixbuf-sys v0.18.0 (*)
          │   ├── gdk-sys v0.18.2 (*)
          │   ├── gdkwayland-sys v0.18.2 (*)
          │   ├── gdkx11-sys v0.18.2 (*)
          │   ├── gio-sys v0.18.1 (*)
          │   ├── glib v0.18.5 (*)
          │   ├── gobject-sys v0.18.0
          │   │   ├── atk-sys v0.18.2 (*)
          │   │   ├── gdk-pixbuf-sys v0.18.0 (*)
          │   │   ├── gdk-sys v0.18.2 (*)
          │   │   ├── gdkwayland-sys v0.18.2 (*)
          │   │   ├── gio-sys v0.18.1 (*)
          │   │   ├── glib v0.18.5 (*)
          │   │   ├── gtk-sys v0.18.2 (*)
          │   │   ├── javascriptcore-rs-sys v1.1.1
          │   │   │   ├── javascriptcore-rs v1.1.2 (*)
          │   │   │   └── webkit2gtk-sys v2.0.2 (*)
          │   │   ├── pango-sys v0.18.0
          │   │   │   ├── gdk-sys v0.18.2 (*)
          │   │   │   ├── gtk-sys v0.18.2 (*)
          │   │   │   └── pango v0.18.3 (*)
          │   │   ├── soup3-sys v0.5.0 (*)
          │   │   ├── webkit2gtk v2.0.2 (*)
          │   │   └── webkit2gtk-sys v2.0.2 (*)
          │   ├── gtk-sys v0.18.2 (*)
          │   ├── javascriptcore-rs-sys v1.1.1 (*)
          │   ├── pango-sys v0.18.0 (*)
          │   ├── soup3-sys v0.5.0 (*)
          │   ├── webkit2gtk v2.0.2 (*)
          │   └── webkit2gtk-sys v2.0.2 (*)
          ├── (build) gobject-sys v0.18.0 (*)
          ├── (build) gtk-sys v0.18.2 (*)
          ├── (build) javascriptcore-rs-sys v1.1.1 (*)
          ├── (build) pango-sys v0.18.0 (*)
          ├── (build) soup3-sys v0.5.0 (*)
          └── (build) webkit2gtk-sys v2.0.2 (*)
    ├ toml v0.9.12+spec-1.1.0
      └── cargo_toml v0.22.3
          └── tauri-build v2.6.3
              ├── (build) kontor-desktop v0.2.1
              └── (build) tauri v2.11.5
                  ├── kontor-desktop v0.2.1 (*)
                  └── tauri-plugin-stronghold v2.3.1
                      └── kontor-desktop v0.2.1 (*)
    ├ toml v1.1.6+spec-1.1.0
      ├── embed-resource v3.0.11
      │   └── tauri-winres v0.3.6
      │       └── tauri-build v2.6.3
      │           ├── (build) kontor-desktop v0.2.1
      │           └── (build) tauri v2.11.5
      │               ├── kontor-desktop v0.2.1 (*)
      │               └── tauri-plugin-stronghold v2.3.1
      │                   └── kontor-desktop v0.2.1 (*)
      ├── tauri-utils v2.9.3
      │   ├── tauri v2.11.5 (*)
      │   ├── tauri-build v2.6.3 (*)
      │   ├── tauri-codegen v2.6.3
      │   │   └── tauri-macros v2.6.3
      │   │       └── tauri v2.11.5 (*)
      │   ├── tauri-macros v2.6.3 (*)
      │   ├── tauri-plugin v2.6.3
      │   │   └── (build) tauri-plugin-stronghold v2.3.1 (*)
      │   ├── tauri-runtime v2.11.3
      │   │   ├── tauri v2.11.5 (*)
      │   │   └── tauri-runtime-wry v2.11.4
      │   │       └── tauri v2.11.5 (*)
      │   └── tauri-runtime-wry v2.11.4 (*)
      └── tauri-winres v0.3.6 (*)

warning[duplicate]: found 3 duplicate entries for crate 'toml_datetime'
    ┌─ /Users/igor/.paseo/worktrees/0n8yzbno/feat-asma-8156-typed-experience-contract-and/Cargo.lock:533:1
    │
533 │ ╭ toml_datetime 0.6.3 registry+https://github.com/rust-lang/crates.io-index
534 │ │ toml_datetime 0.7.5+spec-1.1.0 registry+https://github.com/rust-lang/crates.io-index
535 │ │ toml_datetime 1.1.1+spec-1.1.0 registry+https://github.com/rust-lang/crates.io-index
    │ ╰────────────────────────────────────────────────────────────────────────────────────┘ lock entries
    │
    ├ toml_datetime v0.6.3
      ├── proc-macro-crate v2.0.2
      │   └── glib-macros v0.18.5
      │       └── glib v0.18.5
      │           ├── atk v0.18.2
      │           │   └── gtk v0.18.2
      │           │       ├── muda v0.19.3
      │           │       │   └── tauri v2.11.5
      │           │       │       ├── kontor-desktop v0.2.1
      │           │       │       └── tauri-plugin-stronghold v2.3.1
      │           │       │           └── kontor-desktop v0.2.1 (*)
      │           │       ├── tao v0.35.3
      │           │       │   └── tauri-runtime-wry v2.11.4
      │           │       │       └── tauri v2.11.5 (*)
      │           │       ├── tauri v2.11.5 (*)
      │           │       ├── tauri-runtime v2.11.3
      │           │       │   ├── tauri v2.11.5 (*)
      │           │       │   └── tauri-runtime-wry v2.11.4 (*)
      │           │       ├── tauri-runtime-wry v2.11.4 (*)
      │           │       ├── webkit2gtk v2.0.2
      │           │       │   ├── tauri v2.11.5 (*)
      │           │       │   ├── tauri-runtime v2.11.3 (*)
      │           │       │   ├── tauri-runtime-wry v2.11.4 (*)
      │           │       │   └── wry v0.55.1
      │           │       │       └── tauri-runtime-wry v2.11.4 (*)
      │           │       └── wry v0.55.1 (*)
      │           ├── cairo-rs v0.18.5
      │           │   ├── gdk v0.18.2
      │           │   │   ├── gdkx11 v0.18.2
      │           │   │   │   └── wry v0.55.1 (*)
      │           │   │   ├── gtk v0.18.2 (*)
      │           │   │   └── webkit2gtk v2.0.2 (*)
      │           │   ├── gtk v0.18.2 (*)
      │           │   └── webkit2gtk v2.0.2 (*)
      │           ├── gdk v0.18.2 (*)
      │           ├── gdk-pixbuf v0.18.5
      │           │   ├── gdk v0.18.2 (*)
      │           │   └── gtk v0.18.2 (*)
      │           ├── gdkx11 v0.18.2 (*)
      │           ├── gio v0.18.4
      │           │   ├── gdk v0.18.2 (*)
      │           │   ├── gdk-pixbuf v0.18.5 (*)
      │           │   ├── gdkx11 v0.18.2 (*)
      │           │   ├── gtk v0.18.2 (*)
      │           │   ├── pango v0.18.3
      │           │   │   ├── gdk v0.18.2 (*)
      │           │   │   └── gtk v0.18.2 (*)
      │           │   ├── soup3 v0.5.0
      │           │   │   ├── webkit2gtk v2.0.2 (*)
      │           │   │   └── wry v0.55.1 (*)
      │           │   └── webkit2gtk v2.0.2 (*)
      │           ├── gtk v0.18.2 (*)
      │           ├── javascriptcore-rs v1.1.2
      │           │   ├── webkit2gtk v2.0.2 (*)
      │           │   └── wry v0.55.1 (*)
      │           ├── pango v0.18.3 (*)
      │           ├── soup3 v0.5.0 (*)
      │           └── webkit2gtk v2.0.2 (*)
      ├── toml v0.8.2
      │   └── system-deps v6.2.2
      │       ├── (build) atk-sys v0.18.2
      │       │   ├── atk v0.18.2 (*)
      │       │   └── gtk-sys v0.18.2
      │       │       ├── gtk v0.18.2 (*)
      │       │       ├── webkit2gtk v2.0.2 (*)
      │       │       └── webkit2gtk-sys v2.0.2
      │       │           ├── webkit2gtk v2.0.2 (*)
      │       │           └── wry v0.55.1 (*)
      │       ├── (build) cairo-sys-rs v0.18.2
      │       │   ├── cairo-rs v0.18.5 (*)
      │       │   ├── gdk-sys v0.18.2
      │       │   │   ├── gdk v0.18.2 (*)
      │       │   │   ├── gdkwayland-sys v0.18.2
      │       │   │   │   └── tao v0.35.3 (*)
      │       │   │   ├── gdkx11-sys v0.18.2
      │       │   │   │   ├── gdkx11 v0.18.2 (*)
      │       │   │   │   └── tao v0.35.3 (*)
      │       │   │   ├── gtk-sys v0.18.2 (*)
      │       │   │   ├── webkit2gtk v2.0.2 (*)
      │       │   │   └── webkit2gtk-sys v2.0.2 (*)
      │       │   ├── gtk-sys v0.18.2 (*)
      │       │   └── webkit2gtk-sys v2.0.2 (*)
      │       ├── (build) gdk-pixbuf-sys v0.18.0
      │       │   ├── gdk-pixbuf v0.18.5 (*)
      │       │   ├── gdk-sys v0.18.2 (*)
      │       │   └── gtk-sys v0.18.2 (*)
      │       ├── (build) gdk-sys v0.18.2 (*)
      │       ├── (build) gdkwayland-sys v0.18.2 (*)
      │       ├── (build) gdkx11-sys v0.18.2 (*)
      │       ├── (build) gio-sys v0.18.1
      │       │   ├── gdk-pixbuf-sys v0.18.0 (*)
      │       │   ├── gdk-sys v0.18.2 (*)
      │       │   ├── gio v0.18.4 (*)
      │       │   ├── glib v0.18.5 (*)
      │       │   ├── gtk-sys v0.18.2 (*)
      │       │   ├── soup3-sys v0.5.0
      │       │   │   ├── soup3 v0.5.0 (*)
      │       │   │   └── webkit2gtk-sys v2.0.2 (*)
      │       │   ├── webkit2gtk v2.0.2 (*)
      │       │   └── webkit2gtk-sys v2.0.2 (*)
      │       ├── (build) glib-sys v0.18.1
      │       │   ├── atk-sys v0.18.2 (*)
      │       │   ├── cairo-sys-rs v0.18.2 (*)
      │       │   ├── gdk-pixbuf-sys v0.18.0 (*)
      │       │   ├── gdk-sys v0.18.2 (*)
      │       │   ├── gdkwayland-sys v0.18.2 (*)
      │       │   ├── gdkx11-sys v0.18.2 (*)
      │       │   ├── gio-sys v0.18.1 (*)
      │       │   ├── glib v0.18.5 (*)
      │       │   ├── gobject-sys v0.18.0
      │       │   │   ├── atk-sys v0.18.2 (*)
      │       │   │   ├── gdk-pixbuf-sys v0.18.0 (*)
      │       │   │   ├── gdk-sys v0.18.2 (*)
      │       │   │   ├── gdkwayland-sys v0.18.2 (*)
      │       │   │   ├── gio-sys v0.18.1 (*)
      │       │   │   ├── glib v0.18.5 (*)
      │       │   │   ├── gtk-sys v0.18.2 (*)
      │       │   │   ├── javascriptcore-rs-sys v1.1.1
      │       │   │   │   ├── javascriptcore-rs v1.1.2 (*)
      │       │   │   │   └── webkit2gtk-sys v2.0.2 (*)
      │       │   │   ├── pango-sys v0.18.0
      │       │   │   │   ├── gdk-sys v0.18.2 (*)
      │       │   │   │   ├── gtk-sys v0.18.2 (*)
      │       │   │   │   └── pango v0.18.3 (*)
      │       │   │   ├── soup3-sys v0.5.0 (*)
      │       │   │   ├── webkit2gtk v2.0.2 (*)
      │       │   │   └── webkit2gtk-sys v2.0.2 (*)
      │       │   ├── gtk-sys v0.18.2 (*)
      │       │   ├── javascriptcore-rs-sys v1.1.1 (*)
      │       │   ├── pango-sys v0.18.0 (*)
      │       │   ├── soup3-sys v0.5.0 (*)
      │       │   ├── webkit2gtk v2.0.2 (*)
      │       │   └── webkit2gtk-sys v2.0.2 (*)
      │       ├── (build) gobject-sys v0.18.0 (*)
      │       ├── (build) gtk-sys v0.18.2 (*)
      │       ├── (build) javascriptcore-rs-sys v1.1.1 (*)
      │       ├── (build) pango-sys v0.18.0 (*)
      │       ├── (build) soup3-sys v0.5.0 (*)
      │       └── (build) webkit2gtk-sys v2.0.2 (*)
      ├── toml_edit v0.19.15
      │   └── proc-macro-crate v1.3.1
      │       └── gtk3-macros v0.18.2
      │           └── gtk v0.18.2 (*)
      └── toml_edit v0.20.2
          ├── proc-macro-crate v2.0.2 (*)
          └── toml v0.8.2 (*)
    ├ toml_datetime v0.7.5+spec-1.1.0
      └── toml v0.9.12+spec-1.1.0
          └── cargo_toml v0.22.3
              └── tauri-build v2.6.3
                  ├── (build) kontor-desktop v0.2.1
                  └── (build) tauri v2.11.5
                      ├── kontor-desktop v0.2.1 (*)
                      └── tauri-plugin-stronghold v2.3.1
                          └── kontor-desktop v0.2.1 (*)
    ├ toml_datetime v1.1.1+spec-1.1.0
      ├── toml v1.1.6+spec-1.1.0
      │   ├── embed-resource v3.0.11
      │   │   └── tauri-winres v0.3.6
      │   │       └── tauri-build v2.6.3
      │   │           ├── (build) kontor-desktop v0.2.1
      │   │           └── (build) tauri v2.11.5
      │   │               ├── kontor-desktop v0.2.1 (*)
      │   │               └── tauri-plugin-stronghold v2.3.1
      │   │                   └── kontor-desktop v0.2.1 (*)
      │   ├── tauri-utils v2.9.3
      │   │   ├── tauri v2.11.5 (*)
      │   │   ├── tauri-build v2.6.3 (*)
      │   │   ├── tauri-codegen v2.6.3
      │   │   │   └── tauri-macros v2.6.3
      │   │   │       └── tauri v2.11.5 (*)
      │   │   ├── tauri-macros v2.6.3 (*)
      │   │   ├── tauri-plugin v2.6.3
      │   │   │   └── (build) tauri-plugin-stronghold v2.3.1 (*)
      │   │   ├── tauri-runtime v2.11.3
      │   │   │   ├── tauri v2.11.5 (*)
      │   │   │   └── tauri-runtime-wry v2.11.4
      │   │   │       └── tauri v2.11.5 (*)
      │   │   └── tauri-runtime-wry v2.11.4 (*)
      │   └── tauri-winres v0.3.6 (*)
      └── toml_edit v0.25.13+spec-1.1.0
          ├── kontor-daemon v0.2.1
          │   ├── (dev) kontor-cli v0.2.1
          │   ├── (dev) kontor-tests-contract v0.2.1
          │   │   ├── (dev) kontor-runtime-ao v0.2.1
          │   │   ├── (dev) kontor-runtime-codex v0.2.1
          │   │   ├── (dev) kontor-runtime-paseo v0.2.1
          │   │   │   └── kontor-daemon v0.2.1 (*)
          │   │   └── (dev) kontor-tests-e2e v0.2.1
          │   └── (dev) kontor-tests-e2e v0.2.1 (*)
          └── proc-macro-crate v3.5.0
              ├── zbus_macros v5.19.0
              │   └── zbus v5.19.0
              │       ├── secret-service v5.2.0
              │       │   └── zbus-secret-service-keyring-store v1.0.1
              │       │       └── keyring v4.1.6
              │       │           └── kontor-accounts v0.2.1
              │       │               ├── kontor-daemon v0.2.1 (*)
              │       │               ├── kontor-jira v0.2.1
              │       │               │   ├── kontor-daemon v0.2.1 (*)
              │       │               │   └── (dev) kontor-tests-e2e v0.2.1 (*)
              │       │               ├── kontor-runtime-codex v0.2.1 (*)
              │       │               └── (dev) kontor-tests-e2e v0.2.1 (*)
              │       └── zbus-secret-service-keyring-store v1.0.1 (*)
              └── zvariant_derive v5.15.0
                  └── zvariant v5.15.0
                      ├── zbus v5.19.0 (*)
                      ├── zbus_macros v5.19.0 (*)
                      └── zbus_names v4.3.4
                          ├── zbus v5.19.0 (*)
                          └── zbus_macros v5.19.0 (*)

warning[duplicate]: found 3 duplicate entries for crate 'toml_edit'
    ┌─ /Users/igor/.paseo/worktrees/0n8yzbno/feat-asma-8156-typed-experience-contract-and/Cargo.lock:536:1
    │
536 │ ╭ toml_edit 0.19.15 registry+https://github.com/rust-lang/crates.io-index
537 │ │ toml_edit 0.20.2 registry+https://github.com/rust-lang/crates.io-index
538 │ │ toml_edit 0.25.13+spec-1.1.0 registry+https://github.com/rust-lang/crates.io-index
    │ ╰──────────────────────────────────────────────────────────────────────────────────┘ lock entries
    │
    ├ toml_edit v0.19.15
      └── proc-macro-crate v1.3.1
          └── gtk3-macros v0.18.2
              └── gtk v0.18.2
                  ├── muda v0.19.3
                  │   └── tauri v2.11.5
                  │       ├── kontor-desktop v0.2.1
                  │       └── tauri-plugin-stronghold v2.3.1
                  │           └── kontor-desktop v0.2.1 (*)
                  ├── tao v0.35.3
                  │   └── tauri-runtime-wry v2.11.4
                  │       └── tauri v2.11.5 (*)
                  ├── tauri v2.11.5 (*)
                  ├── tauri-runtime v2.11.3
                  │   ├── tauri v2.11.5 (*)
                  │   └── tauri-runtime-wry v2.11.4 (*)
                  ├── tauri-runtime-wry v2.11.4 (*)
                  ├── webkit2gtk v2.0.2
                  │   ├── tauri v2.11.5 (*)
                  │   ├── tauri-runtime v2.11.3 (*)
                  │   ├── tauri-runtime-wry v2.11.4 (*)
                  │   └── wry v0.55.1
                  │       └── tauri-runtime-wry v2.11.4 (*)
                  └── wry v0.55.1 (*)
    ├ toml_edit v0.20.2
      ├── proc-macro-crate v2.0.2
      │   └── glib-macros v0.18.5
      │       └── glib v0.18.5
      │           ├── atk v0.18.2
      │           │   └── gtk v0.18.2
      │           │       ├── muda v0.19.3
      │           │       │   └── tauri v2.11.5
      │           │       │       ├── kontor-desktop v0.2.1
      │           │       │       └── tauri-plugin-stronghold v2.3.1
      │           │       │           └── kontor-desktop v0.2.1 (*)
      │           │       ├── tao v0.35.3
      │           │       │   └── tauri-runtime-wry v2.11.4
      │           │       │       └── tauri v2.11.5 (*)
      │           │       ├── tauri v2.11.5 (*)
      │           │       ├── tauri-runtime v2.11.3
      │           │       │   ├── tauri v2.11.5 (*)
      │           │       │   └── tauri-runtime-wry v2.11.4 (*)
      │           │       ├── tauri-runtime-wry v2.11.4 (*)
      │           │       ├── webkit2gtk v2.0.2
      │           │       │   ├── tauri v2.11.5 (*)
      │           │       │   ├── tauri-runtime v2.11.3 (*)
      │           │       │   ├── tauri-runtime-wry v2.11.4 (*)
      │           │       │   └── wry v0.55.1
      │           │       │       └── tauri-runtime-wry v2.11.4 (*)
      │           │       └── wry v0.55.1 (*)
      │           ├── cairo-rs v0.18.5
      │           │   ├── gdk v0.18.2
      │           │   │   ├── gdkx11 v0.18.2
      │           │   │   │   └── wry v0.55.1 (*)
      │           │   │   ├── gtk v0.18.2 (*)
      │           │   │   └── webkit2gtk v2.0.2 (*)
      │           │   ├── gtk v0.18.2 (*)
      │           │   └── webkit2gtk v2.0.2 (*)
      │           ├── gdk v0.18.2 (*)
      │           ├── gdk-pixbuf v0.18.5
      │           │   ├── gdk v0.18.2 (*)
      │           │   └── gtk v0.18.2 (*)
      │           ├── gdkx11 v0.18.2 (*)
      │           ├── gio v0.18.4
      │           │   ├── gdk v0.18.2 (*)
      │           │   ├── gdk-pixbuf v0.18.5 (*)
      │           │   ├── gdkx11 v0.18.2 (*)
      │           │   ├── gtk v0.18.2 (*)
      │           │   ├── pango v0.18.3
      │           │   │   ├── gdk v0.18.2 (*)
      │           │   │   └── gtk v0.18.2 (*)
      │           │   ├── soup3 v0.5.0
      │           │   │   ├── webkit2gtk v2.0.2 (*)
      │           │   │   └── wry v0.55.1 (*)
      │           │   └── webkit2gtk v2.0.2 (*)
      │           ├── gtk v0.18.2 (*)
      │           ├── javascriptcore-rs v1.1.2
      │           │   ├── webkit2gtk v2.0.2 (*)
      │           │   └── wry v0.55.1 (*)
      │           ├── pango v0.18.3 (*)
      │           ├── soup3 v0.5.0 (*)
      │           └── webkit2gtk v2.0.2 (*)
      └── toml v0.8.2
          └── system-deps v6.2.2
              ├── (build) atk-sys v0.18.2
              │   ├── atk v0.18.2 (*)
              │   └── gtk-sys v0.18.2
              │       ├── gtk v0.18.2 (*)
              │       ├── webkit2gtk v2.0.2 (*)
              │       └── webkit2gtk-sys v2.0.2
              │           ├── webkit2gtk v2.0.2 (*)
              │           └── wry v0.55.1 (*)
              ├── (build) cairo-sys-rs v0.18.2
              │   ├── cairo-rs v0.18.5 (*)
              │   ├── gdk-sys v0.18.2
              │   │   ├── gdk v0.18.2 (*)
              │   │   ├── gdkwayland-sys v0.18.2
              │   │   │   └── tao v0.35.3 (*)
              │   │   ├── gdkx11-sys v0.18.2
              │   │   │   ├── gdkx11 v0.18.2 (*)
              │   │   │   └── tao v0.35.3 (*)
              │   │   ├── gtk-sys v0.18.2 (*)
              │   │   ├── webkit2gtk v2.0.2 (*)
              │   │   └── webkit2gtk-sys v2.0.2 (*)
              │   ├── gtk-sys v0.18.2 (*)
              │   └── webkit2gtk-sys v2.0.2 (*)
              ├── (build) gdk-pixbuf-sys v0.18.0
              │   ├── gdk-pixbuf v0.18.5 (*)
              │   ├── gdk-sys v0.18.2 (*)
              │   └── gtk-sys v0.18.2 (*)
              ├── (build) gdk-sys v0.18.2 (*)
              ├── (build) gdkwayland-sys v0.18.2 (*)
              ├── (build) gdkx11-sys v0.18.2 (*)
              ├── (build) gio-sys v0.18.1
              │   ├── gdk-pixbuf-sys v0.18.0 (*)
              │   ├── gdk-sys v0.18.2 (*)
              │   ├── gio v0.18.4 (*)
              │   ├── glib v0.18.5 (*)
              │   ├── gtk-sys v0.18.2 (*)
              │   ├── soup3-sys v0.5.0
              │   │   ├── soup3 v0.5.0 (*)
              │   │   └── webkit2gtk-sys v2.0.2 (*)
              │   ├── webkit2gtk v2.0.2 (*)
              │   └── webkit2gtk-sys v2.0.2 (*)
              ├── (build) glib-sys v0.18.1
              │   ├── atk-sys v0.18.2 (*)
              │   ├── cairo-sys-rs v0.18.2 (*)
              │   ├── gdk-pixbuf-sys v0.18.0 (*)
              │   ├── gdk-sys v0.18.2 (*)
              │   ├── gdkwayland-sys v0.18.2 (*)
              │   ├── gdkx11-sys v0.18.2 (*)
              │   ├── gio-sys v0.18.1 (*)
              │   ├── glib v0.18.5 (*)
              │   ├── gobject-sys v0.18.0
              │   │   ├── atk-sys v0.18.2 (*)
              │   │   ├── gdk-pixbuf-sys v0.18.0 (*)
              │   │   ├── gdk-sys v0.18.2 (*)
              │   │   ├── gdkwayland-sys v0.18.2 (*)
              │   │   ├── gio-sys v0.18.1 (*)
              │   │   ├── glib v0.18.5 (*)
              │   │   ├── gtk-sys v0.18.2 (*)
              │   │   ├── javascriptcore-rs-sys v1.1.1
              │   │   │   ├── javascriptcore-rs v1.1.2 (*)
              │   │   │   └── webkit2gtk-sys v2.0.2 (*)
              │   │   ├── pango-sys v0.18.0
              │   │   │   ├── gdk-sys v0.18.2 (*)
              │   │   │   ├── gtk-sys v0.18.2 (*)
              │   │   │   └── pango v0.18.3 (*)
              │   │   ├── soup3-sys v0.5.0 (*)
              │   │   ├── webkit2gtk v2.0.2 (*)
              │   │   └── webkit2gtk-sys v2.0.2 (*)
              │   ├── gtk-sys v0.18.2 (*)
              │   ├── javascriptcore-rs-sys v1.1.1 (*)
              │   ├── pango-sys v0.18.0 (*)
              │   ├── soup3-sys v0.5.0 (*)
              │   ├── webkit2gtk v2.0.2 (*)
              │   └── webkit2gtk-sys v2.0.2 (*)
              ├── (build) gobject-sys v0.18.0 (*)
              ├── (build) gtk-sys v0.18.2 (*)
              ├── (build) javascriptcore-rs-sys v1.1.1 (*)
              ├── (build) pango-sys v0.18.0 (*)
              ├── (build) soup3-sys v0.5.0 (*)
              └── (build) webkit2gtk-sys v2.0.2 (*)
    ├ toml_edit v0.25.13+spec-1.1.0
      ├── kontor-daemon v0.2.1
      │   ├── (dev) kontor-cli v0.2.1
      │   ├── (dev) kontor-tests-contract v0.2.1
      │   │   ├── (dev) kontor-runtime-ao v0.2.1
      │   │   ├── (dev) kontor-runtime-codex v0.2.1
      │   │   ├── (dev) kontor-runtime-paseo v0.2.1
      │   │   │   └── kontor-daemon v0.2.1 (*)
      │   │   └── (dev) kontor-tests-e2e v0.2.1
      │   └── (dev) kontor-tests-e2e v0.2.1 (*)
      └── proc-macro-crate v3.5.0
          ├── zbus_macros v5.19.0
          │   └── zbus v5.19.0
          │       ├── secret-service v5.2.0
          │       │   └── zbus-secret-service-keyring-store v1.0.1
          │       │       └── keyring v4.1.6
          │       │           └── kontor-accounts v0.2.1
          │       │               ├── kontor-daemon v0.2.1 (*)
          │       │               ├── kontor-jira v0.2.1
          │       │               │   ├── kontor-daemon v0.2.1 (*)
          │       │               │   └── (dev) kontor-tests-e2e v0.2.1 (*)
          │       │               ├── kontor-runtime-codex v0.2.1 (*)
          │       │               └── (dev) kontor-tests-e2e v0.2.1 (*)
          │       └── zbus-secret-service-keyring-store v1.0.1 (*)
          └── zvariant_derive v5.15.0
              └── zvariant v5.15.0
                  ├── zbus v5.19.0 (*)
                  ├── zbus_macros v5.19.0 (*)
                  └── zbus_names v4.3.4
                      ├── zbus v5.19.0 (*)
                      └── zbus_macros v5.19.0 (*)

warning[duplicate]: found 2 duplicate entries for crate 'tower-http'
    ┌─ /Users/igor/.paseo/worktrees/0n8yzbno/feat-asma-8156-typed-experience-contract-and/Cargo.lock:542:1
    │
542 │ ╭ tower-http 0.6.11 registry+https://github.com/rust-lang/crates.io-index
543 │ │ tower-http 0.7.0 registry+https://github.com/rust-lang/crates.io-index
    │ ╰──────────────────────────────────────────────────────────────────────┘ lock entries
    │
    ├ tower-http v0.6.11
      └── reqwest v0.13.4
          ├── kontor-calendar v0.2.1
          │   └── kontor-store v0.2.1
          │       ├── (dev) kontor-accounts v0.2.1
          │       │   ├── kontor-daemon v0.2.1
          │       │   │   ├── (dev) kontor-cli v0.2.1
          │       │   │   ├── (dev) kontor-tests-contract v0.2.1
          │       │   │   │   ├── (dev) kontor-runtime-ao v0.2.1
          │       │   │   │   ├── (dev) kontor-runtime-codex v0.2.1
          │       │   │   │   ├── (dev) kontor-runtime-paseo v0.2.1
          │       │   │   │   │   └── kontor-daemon v0.2.1 (*)
          │       │   │   │   └── (dev) kontor-tests-e2e v0.2.1
          │       │   │   └── (dev) kontor-tests-e2e v0.2.1 (*)
          │       │   ├── kontor-jira v0.2.1
          │       │   │   ├── kontor-daemon v0.2.1 (*)
          │       │   │   └── (dev) kontor-tests-e2e v0.2.1 (*)
          │       │   ├── kontor-runtime-codex v0.2.1 (*)
          │       │   └── (dev) kontor-tests-e2e v0.2.1 (*)
          │       ├── kontor-api v0.2.1
          │       │   ├── (dev) kontor-cli v0.2.1 (*)
          │       │   ├── kontor-daemon v0.2.1 (*)
          │       │   ├── (dev) kontor-tests-contract v0.2.1 (*)
          │       │   └── (dev) kontor-tests-e2e v0.2.1 (*)
          │       ├── (dev) kontor-cli v0.2.1 (*)
          │       ├── (dev) kontor-daemon v0.2.1 (*)
          │       ├── (dev) kontor-tests-contract v0.2.1 (*)
          │       └── (dev) kontor-tests-e2e v0.2.1 (*)
          ├── (dev) kontor-cli v0.2.1 (*)
          ├── kontor-daemon v0.2.1 (*)
          ├── kontor-jira v0.2.1 (*)
          ├── kontor-mcp v0.2.1
          │   ├── kontor-cli v0.2.1 (*)
          │   ├── (dev) kontor-daemon v0.2.1 (*)
          │   ├── (dev) kontor-tests-contract v0.2.1 (*)
          │   └── (dev) kontor-tests-e2e v0.2.1 (*)
          ├── kontor-runtime-ao v0.2.1 (*)
          ├── kontor-runtime-codex v0.2.1 (*)
          └── kontor-runtime-paseo v0.2.1 (*)
    ├ tower-http v0.7.0
      └── kontor-api v0.2.1
          ├── (dev) kontor-cli v0.2.1
          ├── kontor-daemon v0.2.1
          │   ├── (dev) kontor-cli v0.2.1 (*)
          │   ├── (dev) kontor-tests-contract v0.2.1
          │   │   ├── (dev) kontor-runtime-ao v0.2.1
          │   │   ├── (dev) kontor-runtime-codex v0.2.1
          │   │   ├── (dev) kontor-runtime-paseo v0.2.1
          │   │   │   └── kontor-daemon v0.2.1 (*)
          │   │   └── (dev) kontor-tests-e2e v0.2.1
          │   └── (dev) kontor-tests-e2e v0.2.1 (*)
          ├── (dev) kontor-tests-contract v0.2.1 (*)
          └── (dev) kontor-tests-e2e v0.2.1 (*)

warning[duplicate]: found 2 duplicate entries for crate 'untrusted'
    ┌─ /Users/igor/.paseo/worktrees/0n8yzbno/feat-asma-8156-typed-experience-contract-and/Cargo.lock:569:1
    │
569 │ ╭ untrusted 0.7.1 registry+https://github.com/rust-lang/crates.io-index
570 │ │ untrusted 0.9.0 registry+https://github.com/rust-lang/crates.io-index
    │ ╰─────────────────────────────────────────────────────────────────────┘ lock entries
    │
    ├ untrusted v0.7.1
      └── aws-lc-rs v1.18.1
          ├── kontor-daemon v0.2.1
          │   ├── (dev) kontor-cli v0.2.1
          │   ├── (dev) kontor-tests-contract v0.2.1
          │   │   ├── (dev) kontor-runtime-ao v0.2.1
          │   │   ├── (dev) kontor-runtime-codex v0.2.1
          │   │   ├── (dev) kontor-runtime-paseo v0.2.1
          │   │   │   └── kontor-daemon v0.2.1 (*)
          │   │   └── (dev) kontor-tests-e2e v0.2.1
          │   └── (dev) kontor-tests-e2e v0.2.1 (*)
          ├── rustls v0.23.45
          │   ├── hyper-rustls v0.27.9
          │   │   └── reqwest v0.13.4
          │   │       ├── kontor-calendar v0.2.1
          │   │       │   └── kontor-store v0.2.1
          │   │       │       ├── (dev) kontor-accounts v0.2.1
          │   │       │       │   ├── kontor-daemon v0.2.1 (*)
          │   │       │       │   ├── kontor-jira v0.2.1
          │   │       │       │   │   ├── kontor-daemon v0.2.1 (*)
          │   │       │       │   │   └── (dev) kontor-tests-e2e v0.2.1 (*)
          │   │       │       │   ├── kontor-runtime-codex v0.2.1 (*)
          │   │       │       │   └── (dev) kontor-tests-e2e v0.2.1 (*)
          │   │       │       ├── kontor-api v0.2.1
          │   │       │       │   ├── (dev) kontor-cli v0.2.1 (*)
          │   │       │       │   ├── kontor-daemon v0.2.1 (*)
          │   │       │       │   ├── (dev) kontor-tests-contract v0.2.1 (*)
          │   │       │       │   └── (dev) kontor-tests-e2e v0.2.1 (*)
          │   │       │       ├── (dev) kontor-cli v0.2.1 (*)
          │   │       │       ├── (dev) kontor-daemon v0.2.1 (*)
          │   │       │       ├── (dev) kontor-tests-contract v0.2.1 (*)
          │   │       │       └── (dev) kontor-tests-e2e v0.2.1 (*)
          │   │       ├── (dev) kontor-cli v0.2.1 (*)
          │   │       ├── kontor-daemon v0.2.1 (*)
          │   │       ├── kontor-jira v0.2.1 (*)
          │   │       ├── kontor-mcp v0.2.1
          │   │       │   ├── kontor-cli v0.2.1 (*)
          │   │       │   ├── (dev) kontor-daemon v0.2.1 (*)
          │   │       │   ├── (dev) kontor-tests-contract v0.2.1 (*)
          │   │       │   └── (dev) kontor-tests-e2e v0.2.1 (*)
          │   │       ├── kontor-runtime-ao v0.2.1 (*)
          │   │       ├── kontor-runtime-codex v0.2.1 (*)
          │   │       └── kontor-runtime-paseo v0.2.1 (*)
          │   ├── reqwest v0.13.4 (*)
          │   ├── rustls-platform-verifier v0.7.0
          │   │   └── reqwest v0.13.4 (*)
          │   └── tokio-rustls v0.26.5
          │       ├── hyper-rustls v0.27.9 (*)
          │       └── reqwest v0.13.4 (*)
          └── rustls-webpki v0.103.15
              ├── rustls v0.23.45 (*)
              └── rustls-platform-verifier v0.7.0 (*)
    ├ untrusted v0.9.0
      └── rustls-webpki v0.103.15
          ├── rustls v0.23.45
          │   ├── hyper-rustls v0.27.9
          │   │   └── reqwest v0.13.4
          │   │       ├── kontor-calendar v0.2.1
          │   │       │   └── kontor-store v0.2.1
          │   │       │       ├── (dev) kontor-accounts v0.2.1
          │   │       │       │   ├── kontor-daemon v0.2.1
          │   │       │       │   │   ├── (dev) kontor-cli v0.2.1
          │   │       │       │   │   ├── (dev) kontor-tests-contract v0.2.1
          │   │       │       │   │   │   ├── (dev) kontor-runtime-ao v0.2.1
          │   │       │       │   │   │   ├── (dev) kontor-runtime-codex v0.2.1
          │   │       │       │   │   │   ├── (dev) kontor-runtime-paseo v0.2.1
          │   │       │       │   │   │   │   └── kontor-daemon v0.2.1 (*)
          │   │       │       │   │   │   └── (dev) kontor-tests-e2e v0.2.1
          │   │       │       │   │   └── (dev) kontor-tests-e2e v0.2.1 (*)
          │   │       │       │   ├── kontor-jira v0.2.1
          │   │       │       │   │   ├── kontor-daemon v0.2.1 (*)
          │   │       │       │   │   └── (dev) kontor-tests-e2e v0.2.1 (*)
          │   │       │       │   ├── kontor-runtime-codex v0.2.1 (*)
          │   │       │       │   └── (dev) kontor-tests-e2e v0.2.1 (*)
          │   │       │       ├── kontor-api v0.2.1
          │   │       │       │   ├── (dev) kontor-cli v0.2.1 (*)
          │   │       │       │   ├── kontor-daemon v0.2.1 (*)
          │   │       │       │   ├── (dev) kontor-tests-contract v0.2.1 (*)
          │   │       │       │   └── (dev) kontor-tests-e2e v0.2.1 (*)
          │   │       │       ├── (dev) kontor-cli v0.2.1 (*)
          │   │       │       ├── (dev) kontor-daemon v0.2.1 (*)
          │   │       │       ├── (dev) kontor-tests-contract v0.2.1 (*)
          │   │       │       └── (dev) kontor-tests-e2e v0.2.1 (*)
          │   │       ├── (dev) kontor-cli v0.2.1 (*)
          │   │       ├── kontor-daemon v0.2.1 (*)
          │   │       ├── kontor-jira v0.2.1 (*)
          │   │       ├── kontor-mcp v0.2.1
          │   │       │   ├── kontor-cli v0.2.1 (*)
          │   │       │   ├── (dev) kontor-daemon v0.2.1 (*)
          │   │       │   ├── (dev) kontor-tests-contract v0.2.1 (*)
          │   │       │   └── (dev) kontor-tests-e2e v0.2.1 (*)
          │   │       ├── kontor-runtime-ao v0.2.1 (*)
          │   │       ├── kontor-runtime-codex v0.2.1 (*)
          │   │       └── kontor-runtime-paseo v0.2.1 (*)
          │   ├── reqwest v0.13.4 (*)
          │   ├── rustls-platform-verifier v0.7.0
          │   │   └── reqwest v0.13.4 (*)
          │   └── tokio-rustls v0.26.5
          │       ├── hyper-rustls v0.27.9 (*)
          │       └── reqwest v0.13.4 (*)
          └── rustls-platform-verifier v0.7.0 (*)

warning[duplicate]: found 2 duplicate entries for crate 'windows'
    ┌─ /Users/igor/.paseo/worktrees/0n8yzbno/feat-asma-8156-typed-experience-contract-and/Cargo.lock:599:1
    │
599 │ ╭ windows 0.36.1 registry+https://github.com/rust-lang/crates.io-index
600 │ │ windows 0.61.3 registry+https://github.com/rust-lang/crates.io-index
    │ ╰────────────────────────────────────────────────────────────────────┘ lock entries
    │
    ├ windows v0.36.1
      └── stronghold-runtime v2.0.1
          └── stronghold_engine v2.0.1
              └── iota_stronghold v2.1.0
                  └── tauri-plugin-stronghold v2.3.1
                      └── kontor-desktop v0.2.1
    ├ windows v0.61.3
      ├── tao v0.35.3
      │   └── tauri-runtime-wry v2.11.4
      │       └── tauri v2.11.5
      │           ├── kontor-desktop v0.2.1
      │           └── tauri-plugin-stronghold v2.3.1
      │               └── kontor-desktop v0.2.1 (*)
      ├── tauri v2.11.5 (*)
      ├── tauri-runtime v2.11.3
      │   ├── tauri v2.11.5 (*)
      │   └── tauri-runtime-wry v2.11.4 (*)
      ├── tauri-runtime-wry v2.11.4 (*)
      ├── webview2-com v0.38.2
      │   ├── tauri v2.11.5 (*)
      │   ├── tauri-runtime v2.11.3 (*)
      │   ├── tauri-runtime-wry v2.11.4 (*)
      │   └── wry v0.55.1
      │       └── tauri-runtime-wry v2.11.4 (*)
      ├── webview2-com-sys v0.38.2
      │   └── webview2-com v0.38.2 (*)
      └── wry v0.55.1 (*)

warning[duplicate]: found 2 duplicate entries for crate 'windows-core'
    ┌─ /Users/igor/.paseo/worktrees/0n8yzbno/feat-asma-8156-typed-experience-contract-and/Cargo.lock:602:1
    │
602 │ ╭ windows-core 0.61.2 registry+https://github.com/rust-lang/crates.io-index
603 │ │ windows-core 0.62.2 registry+https://github.com/rust-lang/crates.io-index
    │ ╰─────────────────────────────────────────────────────────────────────────┘ lock entries
    │
    ├ windows-core v0.61.2
      ├── tao v0.35.3
      │   └── tauri-runtime-wry v2.11.4
      │       └── tauri v2.11.5
      │           ├── kontor-desktop v0.2.1
      │           └── tauri-plugin-stronghold v2.3.1
      │               └── kontor-desktop v0.2.1 (*)
      ├── webview2-com v0.38.2
      │   ├── tauri v2.11.5 (*)
      │   ├── tauri-runtime v2.11.3
      │   │   ├── tauri v2.11.5 (*)
      │   │   └── tauri-runtime-wry v2.11.4 (*)
      │   ├── tauri-runtime-wry v2.11.4 (*)
      │   └── wry v0.55.1
      │       └── tauri-runtime-wry v2.11.4 (*)
      ├── webview2-com-sys v0.38.2
      │   └── webview2-com v0.38.2 (*)
      ├── windows v0.61.3
      │   ├── tao v0.35.3 (*)
      │   ├── tauri v2.11.5 (*)
      │   ├── tauri-runtime v2.11.3 (*)
      │   ├── tauri-runtime-wry v2.11.4 (*)
      │   ├── webview2-com v0.38.2 (*)
      │   ├── webview2-com-sys v0.38.2 (*)
      │   └── wry v0.55.1 (*)
      ├── windows-collections v0.2.0
      │   └── windows v0.61.3 (*)
      ├── windows-future v0.2.1
      │   └── windows v0.61.3 (*)
      ├── windows-numerics v0.2.0
      │   └── windows v0.61.3 (*)
      └── wry v0.55.1 (*)
    ├ windows-core v0.62.2
      └── iana-time-zone v0.1.65
          └── chrono v0.4.45
              ├── icalendar v0.17.13
              │   └── kontor-calendar v0.2.1
              │       └── kontor-store v0.2.1
              │           ├── (dev) kontor-accounts v0.2.1
              │           │   ├── kontor-daemon v0.2.1
              │           │   │   ├── (dev) kontor-cli v0.2.1
              │           │   │   ├── (dev) kontor-tests-contract v0.2.1
              │           │   │   │   ├── (dev) kontor-runtime-ao v0.2.1
              │           │   │   │   ├── (dev) kontor-runtime-codex v0.2.1
              │           │   │   │   ├── (dev) kontor-runtime-paseo v0.2.1
              │           │   │   │   │   └── kontor-daemon v0.2.1 (*)
              │           │   │   │   └── (dev) kontor-tests-e2e v0.2.1
              │           │   │   └── (dev) kontor-tests-e2e v0.2.1 (*)
              │           │   ├── kontor-jira v0.2.1
              │           │   │   ├── kontor-daemon v0.2.1 (*)
              │           │   │   └── (dev) kontor-tests-e2e v0.2.1 (*)
              │           │   ├── kontor-runtime-codex v0.2.1 (*)
              │           │   └── (dev) kontor-tests-e2e v0.2.1 (*)
              │           ├── kontor-api v0.2.1
              │           │   ├── (dev) kontor-cli v0.2.1 (*)
              │           │   ├── kontor-daemon v0.2.1 (*)
              │           │   ├── (dev) kontor-tests-contract v0.2.1 (*)
              │           │   └── (dev) kontor-tests-e2e v0.2.1 (*)
              │           ├── (dev) kontor-cli v0.2.1 (*)
              │           ├── (dev) kontor-daemon v0.2.1 (*)
              │           ├── (dev) kontor-tests-contract v0.2.1 (*)
              │           └── (dev) kontor-tests-e2e v0.2.1 (*)
              ├── rmcp v3.1.2
              │   └── kontor-mcp v0.2.1
              │       ├── kontor-cli v0.2.1 (*)
              │       ├── (dev) kontor-daemon v0.2.1 (*)
              │       ├── (dev) kontor-tests-contract v0.2.1 (*)
              │       └── (dev) kontor-tests-e2e v0.2.1 (*)
              └── schemars v1.2.2
                  └── rmcp v3.1.2 (*)

warning[duplicate]: found 2 duplicate entries for crate 'windows-link'
    ┌─ /Users/igor/.paseo/worktrees/0n8yzbno/feat-asma-8156-typed-experience-contract-and/Cargo.lock:607:1
    │
607 │ ╭ windows-link 0.1.3 registry+https://github.com/rust-lang/crates.io-index
608 │ │ windows-link 0.2.1 registry+https://github.com/rust-lang/crates.io-index
    │ ╰────────────────────────────────────────────────────────────────────────┘ lock entries
    │
    ├ windows-link v0.1.3
      ├── windows v0.61.3
      │   ├── tao v0.35.3
      │   │   └── tauri-runtime-wry v2.11.4
      │   │       └── tauri v2.11.5
      │   │           ├── kontor-desktop v0.2.1
      │   │           └── tauri-plugin-stronghold v2.3.1
      │   │               └── kontor-desktop v0.2.1 (*)
      │   ├── tauri v2.11.5 (*)
      │   ├── tauri-runtime v2.11.3
      │   │   ├── tauri v2.11.5 (*)
      │   │   └── tauri-runtime-wry v2.11.4 (*)
      │   ├── tauri-runtime-wry v2.11.4 (*)
      │   ├── webview2-com v0.38.2
      │   │   ├── tauri v2.11.5 (*)
      │   │   ├── tauri-runtime v2.11.3 (*)
      │   │   ├── tauri-runtime-wry v2.11.4 (*)
      │   │   └── wry v0.55.1
      │   │       └── tauri-runtime-wry v2.11.4 (*)
      │   ├── webview2-com-sys v0.38.2
      │   │   └── webview2-com v0.38.2 (*)
      │   └── wry v0.55.1 (*)
      ├── windows-core v0.61.2
      │   ├── tao v0.35.3 (*)
      │   ├── webview2-com v0.38.2 (*)
      │   ├── webview2-com-sys v0.38.2 (*)
      │   ├── windows v0.61.3 (*)
      │   ├── windows-collections v0.2.0
      │   │   └── windows v0.61.3 (*)
      │   ├── windows-future v0.2.1
      │   │   └── windows v0.61.3 (*)
      │   ├── windows-numerics v0.2.0
      │   │   └── windows v0.61.3 (*)
      │   └── wry v0.55.1 (*)
      ├── windows-future v0.2.1 (*)
      ├── windows-numerics v0.2.0 (*)
      ├── windows-result v0.3.4
      │   └── windows-core v0.61.2 (*)
      ├── windows-strings v0.4.2
      │   └── windows-core v0.61.2 (*)
      └── windows-threading v0.1.0
          └── windows-future v0.2.1 (*)
    ├ windows-link v0.2.1
      ├── chrono v0.4.45
      │   ├── icalendar v0.17.13
      │   │   └── kontor-calendar v0.2.1
      │   │       └── kontor-store v0.2.1
      │   │           ├── (dev) kontor-accounts v0.2.1
      │   │           │   ├── kontor-daemon v0.2.1
      │   │           │   │   ├── (dev) kontor-cli v0.2.1
      │   │           │   │   ├── (dev) kontor-tests-contract v0.2.1
      │   │           │   │   │   ├── (dev) kontor-runtime-ao v0.2.1
      │   │           │   │   │   ├── (dev) kontor-runtime-codex v0.2.1
      │   │           │   │   │   ├── (dev) kontor-runtime-paseo v0.2.1
      │   │           │   │   │   │   └── kontor-daemon v0.2.1 (*)
      │   │           │   │   │   └── (dev) kontor-tests-e2e v0.2.1
      │   │           │   │   └── (dev) kontor-tests-e2e v0.2.1 (*)
      │   │           │   ├── kontor-jira v0.2.1
      │   │           │   │   ├── kontor-daemon v0.2.1 (*)
      │   │           │   │   └── (dev) kontor-tests-e2e v0.2.1 (*)
      │   │           │   ├── kontor-runtime-codex v0.2.1 (*)
      │   │           │   └── (dev) kontor-tests-e2e v0.2.1 (*)
      │   │           ├── kontor-api v0.2.1
      │   │           │   ├── (dev) kontor-cli v0.2.1 (*)
      │   │           │   ├── kontor-daemon v0.2.1 (*)
      │   │           │   ├── (dev) kontor-tests-contract v0.2.1 (*)
      │   │           │   └── (dev) kontor-tests-e2e v0.2.1 (*)
      │   │           ├── (dev) kontor-cli v0.2.1 (*)
      │   │           ├── (dev) kontor-daemon v0.2.1 (*)
      │   │           ├── (dev) kontor-tests-contract v0.2.1 (*)
      │   │           └── (dev) kontor-tests-e2e v0.2.1 (*)
      │   ├── rmcp v3.1.2
      │   │   └── kontor-mcp v0.2.1
      │   │       ├── kontor-cli v0.2.1 (*)
      │   │       ├── (dev) kontor-daemon v0.2.1 (*)
      │   │       ├── (dev) kontor-tests-contract v0.2.1 (*)
      │   │       └── (dev) kontor-tests-e2e v0.2.1 (*)
      │   └── schemars v1.2.2
      │       └── rmcp v3.1.2 (*)
      ├── jiff v0.2.35
      │   ├── kontor-accounts v0.2.1 (*)
      │   ├── kontor-api v0.2.1 (*)
      │   ├── kontor-calendar v0.2.1 (*)
      │   ├── kontor-core v0.2.1
      │   │   ├── kontor-accounts v0.2.1 (*)
      │   │   ├── kontor-api v0.2.1 (*)
      │   │   ├── kontor-calendar v0.2.1 (*)
      │   │   ├── (dev) kontor-cli v0.2.1 (*)
      │   │   ├── (dev) kontor-context v0.2.1
      │   │   │   ├── kontor-daemon v0.2.1 (*)
      │   │   │   ├── kontor-teams v0.2.1
      │   │   │   │   ├── kontor-daemon v0.2.1 (*)
      │   │   │   │   ├── kontor-profiles v0.2.1
      │   │   │   │   │   ├── kontor-daemon v0.2.1 (*)
      │   │   │   │   │   ├── (dev) kontor-store v0.2.1 (*)
      │   │   │   │   │   ├── (dev) kontor-tests-contract v0.2.1 (*)
      │   │   │   │   │   └── (dev) kontor-tests-e2e v0.2.1 (*)
      │   │   │   │   ├── kontor-store v0.2.1 (*)
      │   │   │   │   ├── (dev) kontor-tests-contract v0.2.1 (*)
      │   │   │   │   └── (dev) kontor-tests-e2e v0.2.1 (*)
      │   │   │   └── (dev) kontor-tests-e2e v0.2.1 (*)
      │   │   ├── kontor-daemon v0.2.1 (*)
      │   │   ├── kontor-intake v0.2.1
      │   │   │   └── (dev) kontor-tests-e2e v0.2.1 (*)
      │   │   ├── kontor-jira v0.2.1 (*)
      │   │   ├── kontor-mcp v0.2.1 (*)
      │   │   ├── kontor-policy v0.2.1
      │   │   │   ├── kontor-daemon v0.2.1 (*)
      │   │   │   ├── kontor-scheduler v0.2.1
      │   │   │   │   ├── kontor-accounts v0.2.1 (*)
      │   │   │   │   ├── kontor-api v0.2.1 (*)
      │   │   │   │   ├── kontor-calendar v0.2.1 (*)
      │   │   │   │   ├── kontor-daemon v0.2.1 (*)
      │   │   │   │   ├── kontor-store v0.2.1 (*)
      │   │   │   │   ├── (dev) kontor-tests-contract v0.2.1 (*)
      │   │   │   │   └── (dev) kontor-tests-e2e v0.2.1 (*)
      │   │   │   ├── (dev) kontor-store v0.2.1 (*)
      │   │   │   ├── (dev) kontor-tests-contract v0.2.1 (*)
      │   │   │   └── (dev) kontor-tests-e2e v0.2.1 (*)
      │   │   ├── kontor-profiles v0.2.1 (*)
      │   │   ├── kontor-runtime v0.2.1
      │   │   │   ├── kontor-accounts v0.2.1 (*)
      │   │   │   ├── kontor-api v0.2.1 (*)
      │   │   │   ├── (dev) kontor-daemon v0.2.1 (*)
      │   │   │   ├── kontor-runtime-ao v0.2.1 (*)
      │   │   │   ├── kontor-runtime-codex v0.2.1 (*)
      │   │   │   ├── kontor-runtime-paseo v0.2.1 (*)
      │   │   │   ├── kontor-scheduler v0.2.1 (*)
      │   │   │   ├── (dev) kontor-store v0.2.1 (*)
      │   │   │   ├── kontor-teams v0.2.1 (*)
      │   │   │   ├── kontor-tests-contract v0.2.1 (*)
      │   │   │   └── (dev) kontor-tests-e2e v0.2.1 (*)
      │   │   ├── kontor-runtime-ao v0.2.1 (*)
      │   │   ├── kontor-runtime-codex v0.2.1 (*)
      │   │   ├── kontor-runtime-paseo v0.2.1 (*)
      │   │   ├── kontor-scheduler v0.2.1 (*)
      │   │   ├── kontor-store v0.2.1 (*)
      │   │   ├── kontor-teams v0.2.1 (*)
      │   │   ├── kontor-tests-contract v0.2.1 (*)
      │   │   └── kontor-tests-e2e v0.2.1 (*)
      │   ├── kontor-daemon v0.2.1 (*)
      │   ├── kontor-scheduler v0.2.1 (*)
      │   ├── (dev) kontor-store v0.2.1 (*)
      │   ├── (dev) kontor-tests-contract v0.2.1 (*)
      │   └── (dev) kontor-tests-e2e v0.2.1 (*)
      ├── parking_lot_core v0.9.12
      │   └── parking_lot v0.12.5
      │       ├── string_cache v0.9.0
      │       │   └── web_atoms v0.2.6
      │       │       └── markup5ever v0.38.0
      │       │           └── html5ever v0.38.0
      │       │               └── dom_query v0.27.0
      │       │                   └── tauri-utils v2.9.3
      │       │                       ├── tauri v2.11.5
      │       │                       │   ├── kontor-desktop v0.2.1
      │       │                       │   └── tauri-plugin-stronghold v2.3.1
      │       │                       │       └── kontor-desktop v0.2.1 (*)
      │       │                       ├── tauri-build v2.6.3
      │       │                       │   ├── (build) kontor-desktop v0.2.1 (*)
      │       │                       │   └── (build) tauri v2.11.5 (*)
      │       │                       ├── tauri-codegen v2.6.3
      │       │                       │   └── tauri-macros v2.6.3
      │       │                       │       └── tauri v2.11.5 (*)
      │       │                       ├── tauri-macros v2.6.3 (*)
      │       │                       ├── tauri-plugin v2.6.3
      │       │                       │   └── (build) tauri-plugin-stronghold v2.3.1 (*)
      │       │                       ├── tauri-runtime v2.11.3
      │       │                       │   ├── tauri v2.11.5 (*)
      │       │                       │   └── tauri-runtime-wry v2.11.4
      │       │                       │       └── tauri v2.11.5 (*)
      │       │                       └── tauri-runtime-wry v2.11.4 (*)
      │       └── tao v0.35.3
      │           └── tauri-runtime-wry v2.11.4 (*)
      ├── windows-core v0.62.2
      │   └── iana-time-zone v0.1.65
      │       └── chrono v0.4.45 (*)
      ├── windows-result v0.4.1
      │   └── windows-core v0.62.2 (*)
      ├── windows-strings v0.5.1
      │   └── windows-core v0.62.2 (*)
      ├── windows-sys v0.61.2
      │   ├── anstyle-query v1.1.5
      │   │   └── anstream v1.0.0
      │   │       └── clap_builder v4.6.6
      │   │           └── clap v4.6.6
      │   │               ├── kontor-cli v0.2.1 (*)
      │   │               ├── kontor-daemon v0.2.1 (*)
      │   │               └── kontor-mcp v0.2.1 (*)
      │   ├── anstyle-wincon v3.0.11
      │   │   └── anstream v1.0.0 (*)
      │   ├── async-io v2.6.0
      │   │   ├── async-process v2.5.0
      │   │   │   └── zbus v5.19.0
      │   │   │       ├── secret-service v5.2.0
      │   │   │       │   └── zbus-secret-service-keyring-store v1.0.1
      │   │   │       │       └── keyring v4.1.6
      │   │   │       │           └── kontor-accounts v0.2.1 (*)
      │   │   │       └── zbus-secret-service-keyring-store v1.0.1 (*)
      │   │   ├── async-signal v0.2.14
      │   │   │   └── async-process v2.5.0 (*)
      │   │   └── zbus v5.19.0 (*)
      │   ├── async-signal v0.2.14 (*)
      │   ├── console v0.16.6
      │   │   └── insta v1.48.0
      │   │       └── (dev) kontor-tests-contract v0.2.1 (*)
      │   ├── dbus v0.9.12
      │   │   └── tao v0.35.3 (*)
      │   ├── dirs-sys v0.5.0
      │   │   ├── directories v6.0.0
      │   │   │   └── kontor-daemon v0.2.1 (*)
      │   │   └── dirs v6.0.0
      │   │       ├── tauri v2.11.5 (*)
      │   │       ├── tauri-build v2.6.3 (*)
      │   │       └── wry v0.55.1
      │   │           └── tauri-runtime-wry v2.11.4 (*)
      │   ├── errno v0.3.14
      │   │   ├── rustix v1.1.5
      │   │   │   ├── async-io v2.6.0 (*)
      │   │   │   ├── async-process v2.5.0 (*)
      │   │   │   ├── async-signal v0.2.14 (*)
      │   │   │   ├── fs4 v1.1.0
      │   │   │   │   └── kontor-daemon v0.2.1 (*)
      │   │   │   ├── kontor-accounts v0.2.1 (*)
      │   │   │   ├── polling v3.11.0
      │   │   │   │   └── async-io v2.6.0 (*)
      │   │   │   ├── tempfile v3.27.0
      │   │   │   │   ├── insta v1.48.0 (*)
      │   │   │   │   ├── (dev) kontor-accounts v0.2.1 (*)
      │   │   │   │   ├── (dev) kontor-cli v0.2.1 (*)
      │   │   │   │   ├── (dev) kontor-daemon v0.2.1 (*)
      │   │   │   │   ├── (dev) kontor-jira v0.2.1 (*)
      │   │   │   │   ├── (dev) kontor-mcp v0.2.1 (*)
      │   │   │   │   ├── (dev) kontor-runtime-codex v0.2.1 (*)
      │   │   │   │   ├── (dev) kontor-runtime-paseo v0.2.1 (*)
      │   │   │   │   ├── (dev) kontor-store v0.2.1 (*)
      │   │   │   │   ├── (dev) kontor-tests-contract v0.2.1 (*)
      │   │   │   │   ├── (dev) kontor-tests-e2e v0.2.1 (*)
      │   │   │   │   ├── proptest v1.11.0
      │   │   │   │   │   ├── (dev) kontor-core v0.2.1 (*)
      │   │   │   │   │   ├── (dev) kontor-intake v0.2.1 (*)
      │   │   │   │   │   └── (dev) kontor-tests-contract v0.2.1 (*)
      │   │   │   │   ├── rusty-fork v0.3.1
      │   │   │   │   │   └── proptest v1.11.0 (*)
      │   │   │   │   └── uds_windows v1.2.1
      │   │   │   │       └── zbus v5.19.0 (*)
      │   │   │   ├── xattr v1.6.1
      │   │   │   │   └── tar v0.4.46
      │   │   │   │       └── (build) libsodium-sys-stable v1.24.0
      │   │   │   │           └── stronghold-runtime v2.0.1
      │   │   │   │               └── stronghold_engine v2.0.1
      │   │   │   │                   └── iota_stronghold v2.1.0
      │   │   │   │                       └── tauri-plugin-stronghold v2.3.1 (*)
      │   │   │   └── zbus v5.19.0 (*)
      │   │   └── signal-hook-registry v1.4.8
      │   │       ├── async-signal v0.2.14 (*)
      │   │       └── tokio v1.53.1
      │   │           ├── axum v0.8.9
      │   │           │   ├── kontor-api v0.2.1 (*)
      │   │           │   ├── (dev) kontor-cli v0.2.1 (*)
      │   │           │   ├── kontor-daemon v0.2.1 (*)
      │   │           │   └── (dev) kontor-tests-e2e v0.2.1 (*)
      │   │           ├── deadpool v0.12.3
      │   │           │   └── wiremock v0.6.5
      │   │           │       ├── (dev) kontor-daemon v0.2.1 (*)
      │   │           │       ├── (dev) kontor-jira v0.2.1 (*)
      │   │           │       ├── (dev) kontor-runtime-codex v0.2.1 (*)
      │   │           │       └── (dev) kontor-tests-contract v0.2.1 (*)
      │   │           ├── h2 v0.4.19
      │   │           │   └── hyper v1.11.1
      │   │           │       ├── axum v0.8.9 (*)
      │   │           │       ├── hyper-rustls v0.27.9
      │   │           │       │   └── reqwest v0.13.4
      │   │           │       │       ├── kontor-calendar v0.2.1 (*)
      │   │           │       │       ├── (dev) kontor-cli v0.2.1 (*)
      │   │           │       │       ├── kontor-daemon v0.2.1 (*)
      │   │           │       │       ├── kontor-jira v0.2.1 (*)
      │   │           │       │       ├── kontor-mcp v0.2.1 (*)
      │   │           │       │       ├── kontor-runtime-ao v0.2.1 (*)
      │   │           │       │       ├── kontor-runtime-codex v0.2.1 (*)
      │   │           │       │       └── kontor-runtime-paseo v0.2.1 (*)
      │   │           │       ├── hyper-util v0.1.20
      │   │           │       │   ├── axum v0.8.9 (*)
      │   │           │       │   ├── hyper-rustls v0.27.9 (*)
      │   │           │       │   ├── reqwest v0.13.4 (*)
      │   │           │       │   └── wiremock v0.6.5 (*)
      │   │           │       ├── reqwest v0.13.4 (*)
      │   │           │       └── wiremock v0.6.5 (*)
      │   │           ├── hyper v1.11.1 (*)
      │   │           ├── hyper-rustls v0.27.9 (*)
      │   │           ├── hyper-util v0.1.20 (*)
      │   │           ├── kontor-api v0.2.1 (*)
      │   │           ├── (dev) kontor-cli v0.2.1 (*)
      │   │           ├── (dev) kontor-daemon v0.2.1 (*)
      │   │           ├── kontor-jira v0.2.1 (*)
      │   │           ├── (dev) kontor-mcp v0.2.1 (*)
      │   │           ├── (dev) kontor-runtime v0.2.1 (*)
      │   │           ├── (dev) kontor-runtime-ao v0.2.1 (*)
      │   │           ├── (dev) kontor-runtime-codex v0.2.1 (*)
      │   │           ├── kontor-runtime-paseo v0.2.1 (*)
      │   │           ├── kontor-scheduler v0.2.1 (*)
      │   │           ├── (dev) kontor-teams v0.2.1 (*)
      │   │           ├── (dev) kontor-tests-contract v0.2.1 (*)
      │   │           ├── (dev) kontor-tests-e2e v0.2.1 (*)
      │   │           ├── reqwest v0.13.4 (*)
      │   │           ├── rmcp v3.1.2 (*)
      │   │           ├── tauri v2.11.5 (*)
      │   │           ├── tokio-rustls v0.26.5
      │   │           │   ├── hyper-rustls v0.27.9 (*)
      │   │           │   └── reqwest v0.13.4 (*)
      │   │           ├── tokio-stream v0.1.19
      │   │           │   └── kontor-api v0.2.1 (*)
      │   │           ├── tokio-tungstenite v0.30.0
      │   │           │   └── kontor-runtime-paseo v0.2.1 (*)
      │   │           ├── tokio-util v0.7.19
      │   │           │   ├── h2 v0.4.19 (*)
      │   │           │   ├── reqwest v0.13.4 (*)
      │   │           │   └── rmcp v3.1.2 (*)
      │   │           ├── tower v0.5.3
      │   │           │   ├── axum v0.8.9 (*)
      │   │           │   ├── kontor-api v0.2.1 (*)
      │   │           │   ├── (dev) kontor-daemon v0.2.1 (*)
      │   │           │   ├── (dev) kontor-tests-e2e v0.2.1 (*)
      │   │           │   ├── reqwest v0.13.4 (*)
      │   │           │   └── tower-http v0.6.11
      │   │           │       └── reqwest v0.13.4 (*)
      │   │           └── wiremock v0.6.5 (*)
      │   ├── fs4 v1.1.0 (*)
      │   ├── mio v1.2.3
      │   │   └── tokio v1.53.1 (*)
      │   ├── muda v0.19.3
      │   │   └── tauri v2.11.5 (*)
      │   ├── nu-ansi-term v0.50.3
      │   │   └── tracing-subscriber v0.3.23
      │   │       └── kontor-daemon v0.2.1 (*)
      │   ├── polling v3.11.0 (*)
      │   ├── rustix v1.1.5 (*)
      │   ├── rustls-platform-verifier v0.7.0
      │   │   └── reqwest v0.13.4 (*)
      │   ├── schannel v0.1.29
      │   │   └── rustls-native-certs v0.8.4
      │   │       └── rustls-platform-verifier v0.7.0 (*)
      │   ├── socket2 v0.6.5
      │   │   ├── hyper-util v0.1.20 (*)
      │   │   └── tokio v1.53.1 (*)
      │   ├── softbuffer v0.4.8
      │   │   └── tauri-runtime-wry v2.11.4 (*)
      │   ├── tempfile v3.27.0 (*)
      │   ├── tokio v1.53.1 (*)
      │   ├── uds_windows v1.2.1 (*)
      │   ├── winapi-util v0.1.11
      │   │   ├── same-file v1.0.6
      │   │   │   └── walkdir v2.5.0
      │   │   │       ├── rust-embed v8.12.0
      │   │   │       │   └── utoipa-swagger-ui v9.0.2
      │   │   │       │       └── kontor-api v0.2.1 (*)
      │   │   │       ├── rust-embed-impl v8.12.0
      │   │   │       │   └── rust-embed v8.12.0 (*)
      │   │   │       ├── rust-embed-utils v8.12.0
      │   │   │       │   ├── rust-embed v8.12.0 (*)
      │   │   │       │   └── rust-embed-impl v8.12.0 (*)
      │   │   │       ├── tauri-build v2.6.3 (*)
      │   │   │       ├── tauri-codegen v2.6.3 (*)
      │   │   │       ├── tauri-plugin v2.6.3 (*)
      │   │   │       └── tauri-utils v2.9.3 (*)
      │   │   └── walkdir v2.5.0 (*)
      │   ├── windows-native-keyring-store v1.1.0
      │   │   └── keyring v4.1.6 (*)
      │   └── zbus v5.19.0 (*)
      └── windows-version v0.1.7
          ├── tao v0.35.3 (*)
          ├── window-vibrancy v0.6.0
          │   └── tauri v2.11.5 (*)
          └── wry v0.55.1 (*)

warning[duplicate]: found 2 duplicate entries for crate 'windows-result'
    ┌─ /Users/igor/.paseo/worktrees/0n8yzbno/feat-asma-8156-typed-experience-contract-and/Cargo.lock:611:1
    │
611 │ ╭ windows-result 0.3.4 registry+https://github.com/rust-lang/crates.io-index
612 │ │ windows-result 0.4.1 registry+https://github.com/rust-lang/crates.io-index
    │ ╰──────────────────────────────────────────────────────────────────────────┘ lock entries
    │
    ├ windows-result v0.3.4
      └── windows-core v0.61.2
          ├── tao v0.35.3
          │   └── tauri-runtime-wry v2.11.4
          │       └── tauri v2.11.5
          │           ├── kontor-desktop v0.2.1
          │           └── tauri-plugin-stronghold v2.3.1
          │               └── kontor-desktop v0.2.1 (*)
          ├── webview2-com v0.38.2
          │   ├── tauri v2.11.5 (*)
          │   ├── tauri-runtime v2.11.3
          │   │   ├── tauri v2.11.5 (*)
          │   │   └── tauri-runtime-wry v2.11.4 (*)
          │   ├── tauri-runtime-wry v2.11.4 (*)
          │   └── wry v0.55.1
          │       └── tauri-runtime-wry v2.11.4 (*)
          ├── webview2-com-sys v0.38.2
          │   └── webview2-com v0.38.2 (*)
          ├── windows v0.61.3
          │   ├── tao v0.35.3 (*)
          │   ├── tauri v2.11.5 (*)
          │   ├── tauri-runtime v2.11.3 (*)
          │   ├── tauri-runtime-wry v2.11.4 (*)
          │   ├── webview2-com v0.38.2 (*)
          │   ├── webview2-com-sys v0.38.2 (*)
          │   └── wry v0.55.1 (*)
          ├── windows-collections v0.2.0
          │   └── windows v0.61.3 (*)
          ├── windows-future v0.2.1
          │   └── windows v0.61.3 (*)
          ├── windows-numerics v0.2.0
          │   └── windows v0.61.3 (*)
          └── wry v0.55.1 (*)
    ├ windows-result v0.4.1
      └── windows-core v0.62.2
          └── iana-time-zone v0.1.65
              └── chrono v0.4.45
                  ├── icalendar v0.17.13
                  │   └── kontor-calendar v0.2.1
                  │       └── kontor-store v0.2.1
                  │           ├── (dev) kontor-accounts v0.2.1
                  │           │   ├── kontor-daemon v0.2.1
                  │           │   │   ├── (dev) kontor-cli v0.2.1
                  │           │   │   ├── (dev) kontor-tests-contract v0.2.1
                  │           │   │   │   ├── (dev) kontor-runtime-ao v0.2.1
                  │           │   │   │   ├── (dev) kontor-runtime-codex v0.2.1
                  │           │   │   │   ├── (dev) kontor-runtime-paseo v0.2.1
                  │           │   │   │   │   └── kontor-daemon v0.2.1 (*)
                  │           │   │   │   └── (dev) kontor-tests-e2e v0.2.1
                  │           │   │   └── (dev) kontor-tests-e2e v0.2.1 (*)
                  │           │   ├── kontor-jira v0.2.1
                  │           │   │   ├── kontor-daemon v0.2.1 (*)
                  │           │   │   └── (dev) kontor-tests-e2e v0.2.1 (*)
                  │           │   ├── kontor-runtime-codex v0.2.1 (*)
                  │           │   └── (dev) kontor-tests-e2e v0.2.1 (*)
                  │           ├── kontor-api v0.2.1
                  │           │   ├── (dev) kontor-cli v0.2.1 (*)
                  │           │   ├── kontor-daemon v0.2.1 (*)
                  │           │   ├── (dev) kontor-tests-contract v0.2.1 (*)
                  │           │   └── (dev) kontor-tests-e2e v0.2.1 (*)
                  │           ├── (dev) kontor-cli v0.2.1 (*)
                  │           ├── (dev) kontor-daemon v0.2.1 (*)
                  │           ├── (dev) kontor-tests-contract v0.2.1 (*)
                  │           └── (dev) kontor-tests-e2e v0.2.1 (*)
                  ├── rmcp v3.1.2
                  │   └── kontor-mcp v0.2.1
                  │       ├── kontor-cli v0.2.1 (*)
                  │       ├── (dev) kontor-daemon v0.2.1 (*)
                  │       ├── (dev) kontor-tests-contract v0.2.1 (*)
                  │       └── (dev) kontor-tests-e2e v0.2.1 (*)
                  └── schemars v1.2.2
                      └── rmcp v3.1.2 (*)

warning[duplicate]: found 2 duplicate entries for crate 'windows-strings'
    ┌─ /Users/igor/.paseo/worktrees/0n8yzbno/feat-asma-8156-typed-experience-contract-and/Cargo.lock:613:1
    │
613 │ ╭ windows-strings 0.4.2 registry+https://github.com/rust-lang/crates.io-index
614 │ │ windows-strings 0.5.1 registry+https://github.com/rust-lang/crates.io-index
    │ ╰───────────────────────────────────────────────────────────────────────────┘ lock entries
    │
    ├ windows-strings v0.4.2
      └── windows-core v0.61.2
          ├── tao v0.35.3
          │   └── tauri-runtime-wry v2.11.4
          │       └── tauri v2.11.5
          │           ├── kontor-desktop v0.2.1
          │           └── tauri-plugin-stronghold v2.3.1
          │               └── kontor-desktop v0.2.1 (*)
          ├── webview2-com v0.38.2
          │   ├── tauri v2.11.5 (*)
          │   ├── tauri-runtime v2.11.3
          │   │   ├── tauri v2.11.5 (*)
          │   │   └── tauri-runtime-wry v2.11.4 (*)
          │   ├── tauri-runtime-wry v2.11.4 (*)
          │   └── wry v0.55.1
          │       └── tauri-runtime-wry v2.11.4 (*)
          ├── webview2-com-sys v0.38.2
          │   └── webview2-com v0.38.2 (*)
          ├── windows v0.61.3
          │   ├── tao v0.35.3 (*)
          │   ├── tauri v2.11.5 (*)
          │   ├── tauri-runtime v2.11.3 (*)
          │   ├── tauri-runtime-wry v2.11.4 (*)
          │   ├── webview2-com v0.38.2 (*)
          │   ├── webview2-com-sys v0.38.2 (*)
          │   └── wry v0.55.1 (*)
          ├── windows-collections v0.2.0
          │   └── windows v0.61.3 (*)
          ├── windows-future v0.2.1
          │   └── windows v0.61.3 (*)
          ├── windows-numerics v0.2.0
          │   └── windows v0.61.3 (*)
          └── wry v0.55.1 (*)
    ├ windows-strings v0.5.1
      └── windows-core v0.62.2
          └── iana-time-zone v0.1.65
              └── chrono v0.4.45
                  ├── icalendar v0.17.13
                  │   └── kontor-calendar v0.2.1
                  │       └── kontor-store v0.2.1
                  │           ├── (dev) kontor-accounts v0.2.1
                  │           │   ├── kontor-daemon v0.2.1
                  │           │   │   ├── (dev) kontor-cli v0.2.1
                  │           │   │   ├── (dev) kontor-tests-contract v0.2.1
                  │           │   │   │   ├── (dev) kontor-runtime-ao v0.2.1
                  │           │   │   │   ├── (dev) kontor-runtime-codex v0.2.1
                  │           │   │   │   ├── (dev) kontor-runtime-paseo v0.2.1
                  │           │   │   │   │   └── kontor-daemon v0.2.1 (*)
                  │           │   │   │   └── (dev) kontor-tests-e2e v0.2.1
                  │           │   │   └── (dev) kontor-tests-e2e v0.2.1 (*)
                  │           │   ├── kontor-jira v0.2.1
                  │           │   │   ├── kontor-daemon v0.2.1 (*)
                  │           │   │   └── (dev) kontor-tests-e2e v0.2.1 (*)
                  │           │   ├── kontor-runtime-codex v0.2.1 (*)
                  │           │   └── (dev) kontor-tests-e2e v0.2.1 (*)
                  │           ├── kontor-api v0.2.1
                  │           │   ├── (dev) kontor-cli v0.2.1 (*)
                  │           │   ├── kontor-daemon v0.2.1 (*)
                  │           │   ├── (dev) kontor-tests-contract v0.2.1 (*)
                  │           │   └── (dev) kontor-tests-e2e v0.2.1 (*)
                  │           ├── (dev) kontor-cli v0.2.1 (*)
                  │           ├── (dev) kontor-daemon v0.2.1 (*)
                  │           ├── (dev) kontor-tests-contract v0.2.1 (*)
                  │           └── (dev) kontor-tests-e2e v0.2.1 (*)
                  ├── rmcp v3.1.2
                  │   └── kontor-mcp v0.2.1
                  │       ├── kontor-cli v0.2.1 (*)
                  │       ├── (dev) kontor-daemon v0.2.1 (*)
                  │       ├── (dev) kontor-tests-contract v0.2.1 (*)
                  │       └── (dev) kontor-tests-e2e v0.2.1 (*)
                  └── schemars v1.2.2
                      └── rmcp v3.1.2 (*)

warning[duplicate]: found 2 duplicate entries for crate 'windows-sys'
    ┌─ /Users/igor/.paseo/worktrees/0n8yzbno/feat-asma-8156-typed-experience-contract-and/Cargo.lock:615:1
    │
615 │ ╭ windows-sys 0.59.0 registry+https://github.com/rust-lang/crates.io-index
616 │ │ windows-sys 0.61.2 registry+https://github.com/rust-lang/crates.io-index
    │ ╰────────────────────────────────────────────────────────────────────────┘ lock entries
    │
    ├ windows-sys v0.59.0
      ├── window-vibrancy v0.6.0
      │   └── tauri v2.11.5
      │       ├── kontor-desktop v0.2.1
      │       └── tauri-plugin-stronghold v2.3.1
      │           └── kontor-desktop v0.2.1 (*)
      └── winreg v0.55.0
          └── embed-resource v3.0.11
              └── tauri-winres v0.3.6
                  └── tauri-build v2.6.3
                      ├── (build) kontor-desktop v0.2.1 (*)
                      └── (build) tauri v2.11.5 (*)
    ├ windows-sys v0.61.2
      ├── anstyle-query v1.1.5
      │   └── anstream v1.0.0
      │       └── clap_builder v4.6.6
      │           └── clap v4.6.6
      │               ├── kontor-cli v0.2.1
      │               ├── kontor-daemon v0.2.1
      │               │   ├── (dev) kontor-cli v0.2.1 (*)
      │               │   ├── (dev) kontor-tests-contract v0.2.1
      │               │   │   ├── (dev) kontor-runtime-ao v0.2.1
      │               │   │   ├── (dev) kontor-runtime-codex v0.2.1
      │               │   │   ├── (dev) kontor-runtime-paseo v0.2.1
      │               │   │   │   └── kontor-daemon v0.2.1 (*)
      │               │   │   └── (dev) kontor-tests-e2e v0.2.1
      │               │   └── (dev) kontor-tests-e2e v0.2.1 (*)
      │               └── kontor-mcp v0.2.1
      │                   ├── kontor-cli v0.2.1 (*)
      │                   ├── (dev) kontor-daemon v0.2.1 (*)
      │                   ├── (dev) kontor-tests-contract v0.2.1 (*)
      │                   └── (dev) kontor-tests-e2e v0.2.1 (*)
      ├── anstyle-wincon v3.0.11
      │   └── anstream v1.0.0 (*)
      ├── async-io v2.6.0
      │   ├── async-process v2.5.0
      │   │   └── zbus v5.19.0
      │   │       ├── secret-service v5.2.0
      │   │       │   └── zbus-secret-service-keyring-store v1.0.1
      │   │       │       └── keyring v4.1.6
      │   │       │           └── kontor-accounts v0.2.1
      │   │       │               ├── kontor-daemon v0.2.1 (*)
      │   │       │               ├── kontor-jira v0.2.1
      │   │       │               │   ├── kontor-daemon v0.2.1 (*)
      │   │       │               │   └── (dev) kontor-tests-e2e v0.2.1 (*)
      │   │       │               ├── kontor-runtime-codex v0.2.1 (*)
      │   │       │               └── (dev) kontor-tests-e2e v0.2.1 (*)
      │   │       └── zbus-secret-service-keyring-store v1.0.1 (*)
      │   ├── async-signal v0.2.14
      │   │   └── async-process v2.5.0 (*)
      │   └── zbus v5.19.0 (*)
      ├── async-signal v0.2.14 (*)
      ├── console v0.16.6
      │   └── insta v1.48.0
      │       └── (dev) kontor-tests-contract v0.2.1 (*)
      ├── dbus v0.9.12
      │   └── tao v0.35.3
      │       └── tauri-runtime-wry v2.11.4
      │           └── tauri v2.11.5
      │               ├── kontor-desktop v0.2.1
      │               └── tauri-plugin-stronghold v2.3.1
      │                   └── kontor-desktop v0.2.1 (*)
      ├── dirs-sys v0.5.0
      │   ├── directories v6.0.0
      │   │   └── kontor-daemon v0.2.1 (*)
      │   └── dirs v6.0.0
      │       ├── tauri v2.11.5 (*)
      │       ├── tauri-build v2.6.3
      │       │   ├── (build) kontor-desktop v0.2.1 (*)
      │       │   └── (build) tauri v2.11.5 (*)
      │       └── wry v0.55.1
      │           └── tauri-runtime-wry v2.11.4 (*)
      ├── errno v0.3.14
      │   ├── rustix v1.1.5
      │   │   ├── async-io v2.6.0 (*)
      │   │   ├── async-process v2.5.0 (*)
      │   │   ├── async-signal v0.2.14 (*)
      │   │   ├── fs4 v1.1.0
      │   │   │   └── kontor-daemon v0.2.1 (*)
      │   │   ├── kontor-accounts v0.2.1 (*)
      │   │   ├── polling v3.11.0
      │   │   │   └── async-io v2.6.0 (*)
      │   │   ├── tempfile v3.27.0
      │   │   │   ├── insta v1.48.0 (*)
      │   │   │   ├── (dev) kontor-accounts v0.2.1 (*)
      │   │   │   ├── (dev) kontor-cli v0.2.1 (*)
      │   │   │   ├── (dev) kontor-daemon v0.2.1 (*)
      │   │   │   ├── (dev) kontor-jira v0.2.1 (*)
      │   │   │   ├── (dev) kontor-mcp v0.2.1 (*)
      │   │   │   ├── (dev) kontor-runtime-codex v0.2.1 (*)
      │   │   │   ├── (dev) kontor-runtime-paseo v0.2.1 (*)
      │   │   │   ├── (dev) kontor-store v0.2.1
      │   │   │   │   ├── (dev) kontor-accounts v0.2.1 (*)
      │   │   │   │   ├── kontor-api v0.2.1
      │   │   │   │   │   ├── (dev) kontor-cli v0.2.1 (*)
      │   │   │   │   │   ├── kontor-daemon v0.2.1 (*)
      │   │   │   │   │   ├── (dev) kontor-tests-contract v0.2.1 (*)
      │   │   │   │   │   └── (dev) kontor-tests-e2e v0.2.1 (*)
      │   │   │   │   ├── (dev) kontor-cli v0.2.1 (*)
      │   │   │   │   ├── (dev) kontor-daemon v0.2.1 (*)
      │   │   │   │   ├── (dev) kontor-tests-contract v0.2.1 (*)
      │   │   │   │   └── (dev) kontor-tests-e2e v0.2.1 (*)
      │   │   │   ├── (dev) kontor-tests-contract v0.2.1 (*)
      │   │   │   ├── (dev) kontor-tests-e2e v0.2.1 (*)
      │   │   │   ├── proptest v1.11.0
      │   │   │   │   ├── (dev) kontor-core v0.2.1
      │   │   │   │   │   ├── kontor-accounts v0.2.1 (*)
      │   │   │   │   │   ├── kontor-api v0.2.1 (*)
      │   │   │   │   │   ├── kontor-calendar v0.2.1
      │   │   │   │   │   │   └── kontor-store v0.2.1 (*)
      │   │   │   │   │   ├── (dev) kontor-cli v0.2.1 (*)
      │   │   │   │   │   ├── (dev) kontor-context v0.2.1
      │   │   │   │   │   │   ├── kontor-daemon v0.2.1 (*)
      │   │   │   │   │   │   ├── kontor-teams v0.2.1
      │   │   │   │   │   │   │   ├── kontor-daemon v0.2.1 (*)
      │   │   │   │   │   │   │   ├── kontor-profiles v0.2.1
      │   │   │   │   │   │   │   │   ├── kontor-daemon v0.2.1 (*)
      │   │   │   │   │   │   │   │   ├── (dev) kontor-store v0.2.1 (*)
      │   │   │   │   │   │   │   │   ├── (dev) kontor-tests-contract v0.2.1 (*)
      │   │   │   │   │   │   │   │   └── (dev) kontor-tests-e2e v0.2.1 (*)
      │   │   │   │   │   │   │   ├── kontor-store v0.2.1 (*)
      │   │   │   │   │   │   │   ├── (dev) kontor-tests-contract v0.2.1 (*)
      │   │   │   │   │   │   │   └── (dev) kontor-tests-e2e v0.2.1 (*)
      │   │   │   │   │   │   └── (dev) kontor-tests-e2e v0.2.1 (*)
      │   │   │   │   │   ├── kontor-daemon v0.2.1 (*)
      │   │   │   │   │   ├── kontor-intake v0.2.1
      │   │   │   │   │   │   └── (dev) kontor-tests-e2e v0.2.1 (*)
      │   │   │   │   │   ├── kontor-jira v0.2.1 (*)
      │   │   │   │   │   ├── kontor-mcp v0.2.1 (*)
      │   │   │   │   │   ├── kontor-policy v0.2.1
      │   │   │   │   │   │   ├── kontor-daemon v0.2.1 (*)
      │   │   │   │   │   │   ├── kontor-scheduler v0.2.1
      │   │   │   │   │   │   │   ├── kontor-accounts v0.2.1 (*)
      │   │   │   │   │   │   │   ├── kontor-api v0.2.1 (*)
      │   │   │   │   │   │   │   ├── kontor-calendar v0.2.1 (*)
      │   │   │   │   │   │   │   ├── kontor-daemon v0.2.1 (*)
      │   │   │   │   │   │   │   ├── kontor-store v0.2.1 (*)
      │   │   │   │   │   │   │   ├── (dev) kontor-tests-contract v0.2.1 (*)
      │   │   │   │   │   │   │   └── (dev) kontor-tests-e2e v0.2.1 (*)
      │   │   │   │   │   │   ├── (dev) kontor-store v0.2.1 (*)
      │   │   │   │   │   │   ├── (dev) kontor-tests-contract v0.2.1 (*)
      │   │   │   │   │   │   └── (dev) kontor-tests-e2e v0.2.1 (*)
      │   │   │   │   │   ├── kontor-profiles v0.2.1 (*)
      │   │   │   │   │   ├── kontor-runtime v0.2.1
      │   │   │   │   │   │   ├── kontor-accounts v0.2.1 (*)
      │   │   │   │   │   │   ├── kontor-api v0.2.1 (*)
      │   │   │   │   │   │   ├── (dev) kontor-daemon v0.2.1 (*)
      │   │   │   │   │   │   ├── kontor-runtime-ao v0.2.1 (*)
      │   │   │   │   │   │   ├── kontor-runtime-codex v0.2.1 (*)
      │   │   │   │   │   │   ├── kontor-runtime-paseo v0.2.1 (*)
      │   │   │   │   │   │   ├── kontor-scheduler v0.2.1 (*)
      │   │   │   │   │   │   ├── (dev) kontor-store v0.2.1 (*)
      │   │   │   │   │   │   ├── kontor-teams v0.2.1 (*)
      │   │   │   │   │   │   ├── kontor-tests-contract v0.2.1 (*)
      │   │   │   │   │   │   └── (dev) kontor-tests-e2e v0.2.1 (*)
      │   │   │   │   │   ├── kontor-runtime-ao v0.2.1 (*)
      │   │   │   │   │   ├── kontor-runtime-codex v0.2.1 (*)
      │   │   │   │   │   ├── kontor-runtime-paseo v0.2.1 (*)
      │   │   │   │   │   ├── kontor-scheduler v0.2.1 (*)
      │   │   │   │   │   ├── kontor-store v0.2.1 (*)
      │   │   │   │   │   ├── kontor-teams v0.2.1 (*)
      │   │   │   │   │   ├── kontor-tests-contract v0.2.1 (*)
      │   │   │   │   │   └── kontor-tests-e2e v0.2.1 (*)
      │   │   │   │   ├── (dev) kontor-intake v0.2.1 (*)
      │   │   │   │   └── (dev) kontor-tests-contract v0.2.1 (*)
      │   │   │   ├── rusty-fork v0.3.1
      │   │   │   │   └── proptest v1.11.0 (*)
      │   │   │   └── uds_windows v1.2.1
      │   │   │       └── zbus v5.19.0 (*)
      │   │   ├── xattr v1.6.1
      │   │   │   └── tar v0.4.46
      │   │   │       └── (build) libsodium-sys-stable v1.24.0
      │   │   │           └── stronghold-runtime v2.0.1
      │   │   │               └── stronghold_engine v2.0.1
      │   │   │                   └── iota_stronghold v2.1.0
      │   │   │                       └── tauri-plugin-stronghold v2.3.1 (*)
      │   │   └── zbus v5.19.0 (*)
      │   └── signal-hook-registry v1.4.8
      │       ├── async-signal v0.2.14 (*)
      │       └── tokio v1.53.1
      │           ├── axum v0.8.9
      │           │   ├── kontor-api v0.2.1 (*)
      │           │   ├── (dev) kontor-cli v0.2.1 (*)
      │           │   ├── kontor-daemon v0.2.1 (*)
      │           │   └── (dev) kontor-tests-e2e v0.2.1 (*)
      │           ├── deadpool v0.12.3
      │           │   └── wiremock v0.6.5
      │           │       ├── (dev) kontor-daemon v0.2.1 (*)
      │           │       ├── (dev) kontor-jira v0.2.1 (*)
      │           │       ├── (dev) kontor-runtime-codex v0.2.1 (*)
      │           │       └── (dev) kontor-tests-contract v0.2.1 (*)
      │           ├── h2 v0.4.19
      │           │   └── hyper v1.11.1
      │           │       ├── axum v0.8.9 (*)
      │           │       ├── hyper-rustls v0.27.9
      │           │       │   └── reqwest v0.13.4
      │           │       │       ├── kontor-calendar v0.2.1 (*)
      │           │       │       ├── (dev) kontor-cli v0.2.1 (*)
      │           │       │       ├── kontor-daemon v0.2.1 (*)
      │           │       │       ├── kontor-jira v0.2.1 (*)
      │           │       │       ├── kontor-mcp v0.2.1 (*)
      │           │       │       ├── kontor-runtime-ao v0.2.1 (*)
      │           │       │       ├── kontor-runtime-codex v0.2.1 (*)
      │           │       │       └── kontor-runtime-paseo v0.2.1 (*)
      │           │       ├── hyper-util v0.1.20
      │           │       │   ├── axum v0.8.9 (*)
      │           │       │   ├── hyper-rustls v0.27.9 (*)
      │           │       │   ├── reqwest v0.13.4 (*)
      │           │       │   └── wiremock v0.6.5 (*)
      │           │       ├── reqwest v0.13.4 (*)
      │           │       └── wiremock v0.6.5 (*)
      │           ├── hyper v1.11.1 (*)
      │           ├── hyper-rustls v0.27.9 (*)
      │           ├── hyper-util v0.1.20 (*)
      │           ├── kontor-api v0.2.1 (*)
      │           ├── (dev) kontor-cli v0.2.1 (*)
      │           ├── (dev) kontor-daemon v0.2.1 (*)
      │           ├── kontor-jira v0.2.1 (*)
      │           ├── (dev) kontor-mcp v0.2.1 (*)
      │           ├── (dev) kontor-runtime v0.2.1 (*)
      │           ├── (dev) kontor-runtime-ao v0.2.1 (*)
      │           ├── (dev) kontor-runtime-codex v0.2.1 (*)
      │           ├── kontor-runtime-paseo v0.2.1 (*)
      │           ├── kontor-scheduler v0.2.1 (*)
      │           ├── (dev) kontor-teams v0.2.1 (*)
      │           ├── (dev) kontor-tests-contract v0.2.1 (*)
      │           ├── (dev) kontor-tests-e2e v0.2.1 (*)
      │           ├── reqwest v0.13.4 (*)
      │           ├── rmcp v3.1.2
      │           │   └── kontor-mcp v0.2.1 (*)
      │           ├── tauri v2.11.5 (*)
      │           ├── tokio-rustls v0.26.5
      │           │   ├── hyper-rustls v0.27.9 (*)
      │           │   └── reqwest v0.13.4 (*)
      │           ├── tokio-stream v0.1.19
      │           │   └── kontor-api v0.2.1 (*)
      │           ├── tokio-tungstenite v0.30.0
      │           │   └── kontor-runtime-paseo v0.2.1 (*)
      │           ├── tokio-util v0.7.19
      │           │   ├── h2 v0.4.19 (*)
      │           │   ├── reqwest v0.13.4 (*)
      │           │   └── rmcp v3.1.2 (*)
      │           ├── tower v0.5.3
      │           │   ├── axum v0.8.9 (*)
      │           │   ├── kontor-api v0.2.1 (*)
      │           │   ├── (dev) kontor-daemon v0.2.1 (*)
      │           │   ├── (dev) kontor-tests-e2e v0.2.1 (*)
      │           │   ├── reqwest v0.13.4 (*)
      │           │   └── tower-http v0.6.11
      │           │       └── reqwest v0.13.4 (*)
      │           └── wiremock v0.6.5 (*)
      ├── fs4 v1.1.0 (*)
      ├── mio v1.2.3
      │   └── tokio v1.53.1 (*)
      ├── muda v0.19.3
      │   └── tauri v2.11.5 (*)
      ├── nu-ansi-term v0.50.3
      │   └── tracing-subscriber v0.3.23
      │       └── kontor-daemon v0.2.1 (*)
      ├── polling v3.11.0 (*)
      ├── rustix v1.1.5 (*)
      ├── rustls-platform-verifier v0.7.0
      │   └── reqwest v0.13.4 (*)
      ├── schannel v0.1.29
      │   └── rustls-native-certs v0.8.4
      │       └── rustls-platform-verifier v0.7.0 (*)
      ├── socket2 v0.6.5
      │   ├── hyper-util v0.1.20 (*)
      │   └── tokio v1.53.1 (*)
      ├── softbuffer v0.4.8
      │   └── tauri-runtime-wry v2.11.4 (*)
      ├── tempfile v3.27.0 (*)
      ├── tokio v1.53.1 (*)
      ├── uds_windows v1.2.1 (*)
      ├── winapi-util v0.1.11
      │   ├── same-file v1.0.6
      │   │   └── walkdir v2.5.0
      │   │       ├── rust-embed v8.12.0
      │   │       │   └── utoipa-swagger-ui v9.0.2
      │   │       │       └── kontor-api v0.2.1 (*)
      │   │       ├── rust-embed-impl v8.12.0
      │   │       │   └── rust-embed v8.12.0 (*)
      │   │       ├── rust-embed-utils v8.12.0
      │   │       │   ├── rust-embed v8.12.0 (*)
      │   │       │   └── rust-embed-impl v8.12.0 (*)
      │   │       ├── tauri-build v2.6.3 (*)
      │   │       ├── tauri-codegen v2.6.3
      │   │       │   └── tauri-macros v2.6.3
      │   │       │       └── tauri v2.11.5 (*)
      │   │       ├── tauri-plugin v2.6.3
      │   │       │   └── (build) tauri-plugin-stronghold v2.3.1 (*)
      │   │       └── tauri-utils v2.9.3
      │   │           ├── tauri v2.11.5 (*)
      │   │           ├── tauri-build v2.6.3 (*)
      │   │           ├── tauri-codegen v2.6.3 (*)
      │   │           ├── tauri-macros v2.6.3 (*)
      │   │           ├── tauri-plugin v2.6.3 (*)
      │   │           ├── tauri-runtime v2.11.3
      │   │           │   ├── tauri v2.11.5 (*)
      │   │           │   └── tauri-runtime-wry v2.11.4 (*)
      │   │           └── tauri-runtime-wry v2.11.4 (*)
      │   └── walkdir v2.5.0 (*)
      ├── windows-native-keyring-store v1.1.0
      │   └── keyring v4.1.6 (*)
      └── zbus v5.19.0 (*)

warning[duplicate]: found 2 duplicate entries for crate 'windows_x86_64_msvc'
    ┌─ /Users/igor/.paseo/worktrees/0n8yzbno/feat-asma-8156-typed-experience-contract-and/Cargo.lock:621:1
    │
621 │ ╭ windows_x86_64_msvc 0.36.1 registry+https://github.com/rust-lang/crates.io-index
622 │ │ windows_x86_64_msvc 0.52.6 registry+https://github.com/rust-lang/crates.io-index
    │ ╰────────────────────────────────────────────────────────────────────────────────┘ lock entries
    │
    ├ windows_x86_64_msvc v0.36.1
      └── windows v0.36.1
          └── stronghold-runtime v2.0.1
              └── stronghold_engine v2.0.1
                  └── iota_stronghold v2.1.0
                      └── tauri-plugin-stronghold v2.3.1
                          └── kontor-desktop v0.2.1
    ├ windows_x86_64_msvc v0.52.6
      └── windows-targets v0.52.6
          └── windows-sys v0.59.0
              ├── window-vibrancy v0.6.0
              │   └── tauri v2.11.5
              │       ├── kontor-desktop v0.2.1
              │       └── tauri-plugin-stronghold v2.3.1
              │           └── kontor-desktop v0.2.1 (*)
              └── winreg v0.55.0
                  └── embed-resource v3.0.11
                      └── tauri-winres v0.3.6
                          └── tauri-build v2.6.3
                              ├── (build) kontor-desktop v0.2.1 (*)
                              └── (build) tauri v2.11.5 (*)

warning[duplicate]: found 3 duplicate entries for crate 'winnow'
    ┌─ /Users/igor/.paseo/worktrees/0n8yzbno/feat-asma-8156-typed-experience-contract-and/Cargo.lock:623:1
    │
623 │ ╭ winnow 0.5.40 registry+https://github.com/rust-lang/crates.io-index
624 │ │ winnow 0.7.15 registry+https://github.com/rust-lang/crates.io-index
625 │ │ winnow 1.0.4 registry+https://github.com/rust-lang/crates.io-index
    │ ╰──────────────────────────────────────────────────────────────────┘ lock entries
    │
    ├ winnow v0.5.40
      ├── toml_edit v0.19.15
      │   └── proc-macro-crate v1.3.1
      │       └── gtk3-macros v0.18.2
      │           └── gtk v0.18.2
      │               ├── muda v0.19.3
      │               │   └── tauri v2.11.5
      │               │       ├── kontor-desktop v0.2.1
      │               │       └── tauri-plugin-stronghold v2.3.1
      │               │           └── kontor-desktop v0.2.1 (*)
      │               ├── tao v0.35.3
      │               │   └── tauri-runtime-wry v2.11.4
      │               │       └── tauri v2.11.5 (*)
      │               ├── tauri v2.11.5 (*)
      │               ├── tauri-runtime v2.11.3
      │               │   ├── tauri v2.11.5 (*)
      │               │   └── tauri-runtime-wry v2.11.4 (*)
      │               ├── tauri-runtime-wry v2.11.4 (*)
      │               ├── webkit2gtk v2.0.2
      │               │   ├── tauri v2.11.5 (*)
      │               │   ├── tauri-runtime v2.11.3 (*)
      │               │   ├── tauri-runtime-wry v2.11.4 (*)
      │               │   └── wry v0.55.1
      │               │       └── tauri-runtime-wry v2.11.4 (*)
      │               └── wry v0.55.1 (*)
      └── toml_edit v0.20.2
          ├── proc-macro-crate v2.0.2
          │   └── glib-macros v0.18.5
          │       └── glib v0.18.5
          │           ├── atk v0.18.2
          │           │   └── gtk v0.18.2 (*)
          │           ├── cairo-rs v0.18.5
          │           │   ├── gdk v0.18.2
          │           │   │   ├── gdkx11 v0.18.2
          │           │   │   │   └── wry v0.55.1 (*)
          │           │   │   ├── gtk v0.18.2 (*)
          │           │   │   └── webkit2gtk v2.0.2 (*)
          │           │   ├── gtk v0.18.2 (*)
          │           │   └── webkit2gtk v2.0.2 (*)
          │           ├── gdk v0.18.2 (*)
          │           ├── gdk-pixbuf v0.18.5
          │           │   ├── gdk v0.18.2 (*)
          │           │   └── gtk v0.18.2 (*)
          │           ├── gdkx11 v0.18.2 (*)
          │           ├── gio v0.18.4
          │           │   ├── gdk v0.18.2 (*)
          │           │   ├── gdk-pixbuf v0.18.5 (*)
          │           │   ├── gdkx11 v0.18.2 (*)
          │           │   ├── gtk v0.18.2 (*)
          │           │   ├── pango v0.18.3
          │           │   │   ├── gdk v0.18.2 (*)
          │           │   │   └── gtk v0.18.2 (*)
          │           │   ├── soup3 v0.5.0
          │           │   │   ├── webkit2gtk v2.0.2 (*)
          │           │   │   └── wry v0.55.1 (*)
          │           │   └── webkit2gtk v2.0.2 (*)
          │           ├── gtk v0.18.2 (*)
          │           ├── javascriptcore-rs v1.1.2
          │           │   ├── webkit2gtk v2.0.2 (*)
          │           │   └── wry v0.55.1 (*)
          │           ├── pango v0.18.3 (*)
          │           ├── soup3 v0.5.0 (*)
          │           └── webkit2gtk v2.0.2 (*)
          └── toml v0.8.2
              └── system-deps v6.2.2
                  ├── (build) atk-sys v0.18.2
                  │   ├── atk v0.18.2 (*)
                  │   └── gtk-sys v0.18.2
                  │       ├── gtk v0.18.2 (*)
                  │       ├── webkit2gtk v2.0.2 (*)
                  │       └── webkit2gtk-sys v2.0.2
                  │           ├── webkit2gtk v2.0.2 (*)
                  │           └── wry v0.55.1 (*)
                  ├── (build) cairo-sys-rs v0.18.2
                  │   ├── cairo-rs v0.18.5 (*)
                  │   ├── gdk-sys v0.18.2
                  │   │   ├── gdk v0.18.2 (*)
                  │   │   ├── gdkwayland-sys v0.18.2
                  │   │   │   └── tao v0.35.3 (*)
                  │   │   ├── gdkx11-sys v0.18.2
                  │   │   │   ├── gdkx11 v0.18.2 (*)
                  │   │   │   └── tao v0.35.3 (*)
                  │   │   ├── gtk-sys v0.18.2 (*)
                  │   │   ├── webkit2gtk v2.0.2 (*)
                  │   │   └── webkit2gtk-sys v2.0.2 (*)
                  │   ├── gtk-sys v0.18.2 (*)
                  │   └── webkit2gtk-sys v2.0.2 (*)
                  ├── (build) gdk-pixbuf-sys v0.18.0
                  │   ├── gdk-pixbuf v0.18.5 (*)
                  │   ├── gdk-sys v0.18.2 (*)
                  │   └── gtk-sys v0.18.2 (*)
                  ├── (build) gdk-sys v0.18.2 (*)
                  ├── (build) gdkwayland-sys v0.18.2 (*)
                  ├── (build) gdkx11-sys v0.18.2 (*)
                  ├── (build) gio-sys v0.18.1
                  │   ├── gdk-pixbuf-sys v0.18.0 (*)
                  │   ├── gdk-sys v0.18.2 (*)
                  │   ├── gio v0.18.4 (*)
                  │   ├── glib v0.18.5 (*)
                  │   ├── gtk-sys v0.18.2 (*)
                  │   ├── soup3-sys v0.5.0
                  │   │   ├── soup3 v0.5.0 (*)
                  │   │   └── webkit2gtk-sys v2.0.2 (*)
                  │   ├── webkit2gtk v2.0.2 (*)
                  │   └── webkit2gtk-sys v2.0.2 (*)
                  ├── (build) glib-sys v0.18.1
                  │   ├── atk-sys v0.18.2 (*)
                  │   ├── cairo-sys-rs v0.18.2 (*)
                  │   ├── gdk-pixbuf-sys v0.18.0 (*)
                  │   ├── gdk-sys v0.18.2 (*)
                  │   ├── gdkwayland-sys v0.18.2 (*)
                  │   ├── gdkx11-sys v0.18.2 (*)
                  │   ├── gio-sys v0.18.1 (*)
                  │   ├── glib v0.18.5 (*)
                  │   ├── gobject-sys v0.18.0
                  │   │   ├── atk-sys v0.18.2 (*)
                  │   │   ├── gdk-pixbuf-sys v0.18.0 (*)
                  │   │   ├── gdk-sys v0.18.2 (*)
                  │   │   ├── gdkwayland-sys v0.18.2 (*)
                  │   │   ├── gio-sys v0.18.1 (*)
                  │   │   ├── glib v0.18.5 (*)
                  │   │   ├── gtk-sys v0.18.2 (*)
                  │   │   ├── javascriptcore-rs-sys v1.1.1
                  │   │   │   ├── javascriptcore-rs v1.1.2 (*)
                  │   │   │   └── webkit2gtk-sys v2.0.2 (*)
                  │   │   ├── pango-sys v0.18.0
                  │   │   │   ├── gdk-sys v0.18.2 (*)
                  │   │   │   ├── gtk-sys v0.18.2 (*)
                  │   │   │   └── pango v0.18.3 (*)
                  │   │   ├── soup3-sys v0.5.0 (*)
                  │   │   ├── webkit2gtk v2.0.2 (*)
                  │   │   └── webkit2gtk-sys v2.0.2 (*)
                  │   ├── gtk-sys v0.18.2 (*)
                  │   ├── javascriptcore-rs-sys v1.1.1 (*)
                  │   ├── pango-sys v0.18.0 (*)
                  │   ├── soup3-sys v0.5.0 (*)
                  │   ├── webkit2gtk v2.0.2 (*)
                  │   └── webkit2gtk-sys v2.0.2 (*)
                  ├── (build) gobject-sys v0.18.0 (*)
                  ├── (build) gtk-sys v0.18.2 (*)
                  ├── (build) javascriptcore-rs-sys v1.1.1 (*)
                  ├── (build) pango-sys v0.18.0 (*)
                  ├── (build) soup3-sys v0.5.0 (*)
                  └── (build) webkit2gtk-sys v2.0.2 (*)
    ├ winnow v0.7.15
      └── toml v0.9.12+spec-1.1.0
          └── cargo_toml v0.22.3
              └── tauri-build v2.6.3
                  ├── (build) kontor-desktop v0.2.1
                  └── (build) tauri v2.11.5
                      ├── kontor-desktop v0.2.1 (*)
                      └── tauri-plugin-stronghold v2.3.1
                          └── kontor-desktop v0.2.1 (*)
    ├ winnow v1.0.4
      ├── toml v1.1.6+spec-1.1.0
      │   ├── embed-resource v3.0.11
      │   │   └── tauri-winres v0.3.6
      │   │       └── tauri-build v2.6.3
      │   │           ├── (build) kontor-desktop v0.2.1
      │   │           └── (build) tauri v2.11.5
      │   │               ├── kontor-desktop v0.2.1 (*)
      │   │               └── tauri-plugin-stronghold v2.3.1
      │   │                   └── kontor-desktop v0.2.1 (*)
      │   ├── tauri-utils v2.9.3
      │   │   ├── tauri v2.11.5 (*)
      │   │   ├── tauri-build v2.6.3 (*)
      │   │   ├── tauri-codegen v2.6.3
      │   │   │   └── tauri-macros v2.6.3
      │   │   │       └── tauri v2.11.5 (*)
      │   │   ├── tauri-macros v2.6.3 (*)
      │   │   ├── tauri-plugin v2.6.3
      │   │   │   └── (build) tauri-plugin-stronghold v2.3.1 (*)
      │   │   ├── tauri-runtime v2.11.3
      │   │   │   ├── tauri v2.11.5 (*)
      │   │   │   └── tauri-runtime-wry v2.11.4
      │   │   │       └── tauri v2.11.5 (*)
      │   │   └── tauri-runtime-wry v2.11.4 (*)
      │   └── tauri-winres v0.3.6 (*)
      ├── toml_edit v0.25.13+spec-1.1.0
      │   ├── kontor-daemon v0.2.1
      │   │   ├── (dev) kontor-cli v0.2.1
      │   │   ├── (dev) kontor-tests-contract v0.2.1
      │   │   │   ├── (dev) kontor-runtime-ao v0.2.1
      │   │   │   ├── (dev) kontor-runtime-codex v0.2.1
      │   │   │   ├── (dev) kontor-runtime-paseo v0.2.1
      │   │   │   │   └── kontor-daemon v0.2.1 (*)
      │   │   │   └── (dev) kontor-tests-e2e v0.2.1
      │   │   └── (dev) kontor-tests-e2e v0.2.1 (*)
      │   └── proc-macro-crate v3.5.0
      │       ├── zbus_macros v5.19.0
      │       │   └── zbus v5.19.0
      │       │       ├── secret-service v5.2.0
      │       │       │   └── zbus-secret-service-keyring-store v1.0.1
      │       │       │       └── keyring v4.1.6
      │       │       │           └── kontor-accounts v0.2.1
      │       │       │               ├── kontor-daemon v0.2.1 (*)
      │       │       │               ├── kontor-jira v0.2.1
      │       │       │               │   ├── kontor-daemon v0.2.1 (*)
      │       │       │               │   └── (dev) kontor-tests-e2e v0.2.1 (*)
      │       │       │               ├── kontor-runtime-codex v0.2.1 (*)
      │       │       │               └── (dev) kontor-tests-e2e v0.2.1 (*)
      │       │       └── zbus-secret-service-keyring-store v1.0.1 (*)
      │       └── zvariant_derive v5.15.0
      │           └── zvariant v5.15.0
      │               ├── zbus v5.19.0 (*)
      │               ├── zbus_macros v5.19.0 (*)
      │               └── zbus_names v4.3.4
      │                   ├── zbus v5.19.0 (*)
      │                   └── zbus_macros v5.19.0 (*)
      ├── toml_parser v1.1.3+spec-1.1.0
      │   ├── toml v0.9.12+spec-1.1.0
      │   │   └── cargo_toml v0.22.3
      │   │       └── tauri-build v2.6.3 (*)
      │   ├── toml v1.1.6+spec-1.1.0 (*)
      │   └── toml_edit v0.25.13+spec-1.1.0 (*)
      ├── zbus v5.19.0 (*)
      ├── zbus_names v4.3.4 (*)
      ├── zvariant v5.15.0 (*)
      └── zvariant_utils v4.2.0
          ├── zbus_macros v5.19.0 (*)
          ├── zvariant v5.15.0 (*)
          └── zvariant_derive v5.15.0 (*)

warning[duplicate]: found 2 duplicate entries for crate 'zip'
    ┌─ /Users/igor/.paseo/worktrees/0n8yzbno/feat-asma-8156-typed-experience-contract-and/Cargo.lock:649:1
    │
649 │ ╭ zip 3.0.0 registry+https://github.com/rust-lang/crates.io-index
650 │ │ zip 8.6.0 registry+https://github.com/rust-lang/crates.io-index
    │ ╰───────────────────────────────────────────────────────────────┘ lock entries
    │
    ├ zip v3.0.0
      └── (build) utoipa-swagger-ui v9.0.2
          └── kontor-api v0.2.1
              ├── (dev) kontor-cli v0.2.1
              ├── kontor-daemon v0.2.1
              │   ├── (dev) kontor-cli v0.2.1 (*)
              │   ├── (dev) kontor-tests-contract v0.2.1
              │   │   ├── (dev) kontor-runtime-ao v0.2.1
              │   │   ├── (dev) kontor-runtime-codex v0.2.1
              │   │   ├── (dev) kontor-runtime-paseo v0.2.1
              │   │   │   └── kontor-daemon v0.2.1 (*)
              │   │   └── (dev) kontor-tests-e2e v0.2.1
              │   └── (dev) kontor-tests-e2e v0.2.1 (*)
              ├── (dev) kontor-tests-contract v0.2.1 (*)
              └── (dev) kontor-tests-e2e v0.2.1 (*)
    ├ zip v8.6.0
      └── (build) libsodium-sys-stable v1.24.0
          └── stronghold-runtime v2.0.1
              └── stronghold_engine v2.0.1
                  └── iota_stronghold v2.1.0
                      └── tauri-plugin-stronghold v2.3.1
                          └── kontor-desktop v0.2.1

bans ok, licenses ok, sources ok
